{"type":"FeatureCollection","features":[{"type":"Feature","properties":{"NAME_1":"Andaman and Nicobar"},"geometry":{"type":"MultiPolygon","coordinates":[[[[92.52,11.83],[92.52,11.88],[92.56,11.94],[92.58,11.93],[92.58,11.9],[92.6,11.9],[92.61,11.87],[92.6,11.96],[92.63,12.04],[92.62,12.11],[92.64,12.17],[92.66,12.18],[92.65,12.2],[92.67,12.2],[92.66,12.22],[92.69,12.21],[92.7,12.24],[92.7,12.17],[92.72,12.17],[92.74,12.18],[92.72,12.19],[92.72,12.24],[92.73,12.22],[92.75,12.23],[92.74,12.28],[92.78,12.28],[92.78,12.3],[92.72,12.3],[92.7,12.33],[92.71,12.5],[92.69,12.52],[92.71,12.55],[92.71,12.6],[92.68,12.61],[92.71,12.61],[92.71,12.64],[92.74,12.64],[92.74,12.74],[92.72,12.77],[92.72,12.83],[92.74,12.82],[92.76,12.87],[92.79,12.86],[92.77,12.9],[92.8,12.92],[92.79,12.99],[92.82,12.98],[92.82,13.01],[92.79,13.01],[92.79,13.06],[92.83,13.11],[92.81,13.13],[92.84,13.13],[92.84,13.15],[92.81,13.15],[92.81,13.17],[92.84,13.17],[92.82,13.18],[92.82,13.21],[92.83,13.24],[92.85,13.24],[92.84,13.27],[92.82,13.27],[92.83,13.28],[92.82,13.29],[92.84,13.29],[92.83,13.35],[92.84,13.38],[92.87,13.38],[92.84,13.39],[92.84,13.41],[92.87,13.4],[92.87,13.47],[92.9,13.48],[92.9,13.5],[92.93,13.5],[92.93,13.52],[92.91,13.53],[92.92,13.54],[92.99,13.53],[92.98,13.56],[93.02,13.56],[93.03,13.58],[93.04,13.48],[93.02,13.46],[93.04,13.45],[93.03,13.44],[93.04,13.4],[93.07,13.41],[93.07,13.39],[93.05,13.38],[93.09,13.33],[93.07,13.32],[93.07,13.3],[93.06,13.33],[93.04,13.32],[93.05,13.35],[92.99,13.35],[92.98,13.33],[92.98,13.35],[92.96,13.36],[92.95,13.33],[93.02,13.32],[93.01,13.31],[93.01,13.3],[93.01,13.28],[93.05,13.28],[93.04,13.26],[93.06,13.26],[93.06,13.23],[93.03,13.19],[93.04,13.08],[93.01,13.05],[93.01,13.03],[92.99,13.04],[92.97,13.02],[92.95,13.02],[92.93,13.04],[92.94,13.06],[92.92,13.06],[92.9,13.02],[92.94,12.97],[92.91,12.95],[92.91,12.99],[92.89,12.99],[92.87,12.95],[92.88,12.94],[92.86,12.92],[92.87,12.89],[92.89,12.89],[92.91,12.92],[92.91,12.89],[92.93,12.89],[92.93,12.86],[92.95,12.84],[92.94,12.83],[92.95,12.79],[92.93,12.77],[92.95,12.77],[92.98,12.72],[92.96,12.7],[92.97,12.49],[92.93,12.48],[92.95,12.47],[92.95,12.45],[92.92,12.44],[92.92,12.41],[92.88,12.42],[92.86,12.4],[92.89,12.39],[92.85,12.39],[92.86,12.36],[92.89,12.35],[92.88,12.33],[92.9,12.33],[92.88,12.31],[92.87,12.32],[92.87,12.31],[92.87,12.29],[92.89,12.29],[92.88,12.28],[92.88,12.27],[92.88,12.26],[92.88,12.24],[92.9,12.26],[92.91,12.23],[92.88,12.23],[92.87,12.2],[92.85,12.2],[92.85,12.16],[92.82,12.17],[92.82,12.14],[92.8,12.13],[92.81,12.11],[92.79,12.11],[92.79,12.08],[92.77,12.06],[92.75,12.06],[92.78,12.05],[92.78,12.01],[92.77,12.03],[92.74,12.03],[92.76,11.98],[92.74,11.98],[92.74,12.0],[92.72,11.98],[92.73,11.97],[92.72,11.9],[92.74,11.91],[92.74,11.93],[92.78,11.94],[92.79,11.85],[92.77,11.82],[92.76,11.7],[92.74,11.71],[92.73,11.69],[92.7,11.71],[92.7,11.67],[92.69,11.65],[92.67,11.65],[92.68,11.62],[92.7,11.65],[92.72,11.65],[92.72,11.68],[92.76,11.67],[92.72,11.49],[92.7,11.49],[92.7,11.51],[92.65,11.51],[92.69,11.44],[92.66,11.41],[92.66,11.39],[92.69,11.39],[92.69,11.37],[92.65,11.35],[92.58,11.36],[92.59,11.4],[92.62,11.4],[92.61,11.48],[92.63,11.52],[92.65,11.52],[92.64,11.53],[92.65,11.56],[92.63,11.58],[92.61,11.53],[92.6,11.59],[92.61,11.62],[92.64,11.63],[92.6,11.64],[92.6,11.7],[92.58,11.72],[92.56,11.69],[92.55,11.71],[92.56,11.78],[92.54,11.84],[92.52,11.83]],[[93.05,13.37],[93.03,13.38],[93.03,13.37],[93.05,13.37]],[[92.91,13.06],[92.92,13.07],[92.91,13.07],[92.91,13.06]],[[92.85,12.92],[92.86,12.93],[92.85,12.93],[92.85,12.92]],[[92.87,12.89],[92.87,12.88],[92.88,12.88],[92.87,12.89]],[[92.85,12.41],[92.86,12.42],[92.85,12.42],[92.85,12.41]],[[92.86,12.43],[92.87,12.42],[92.87,12.43],[92.86,12.43]],[[92.85,12.4],[92.84,12.41],[92.84,12.4],[92.85,12.4]],[[92.83,12.41],[92.84,12.42],[92.83,12.42],[92.83,12.41]],[[92.87,12.31],[92.84,12.31],[92.84,12.3],[92.86,12.3],[92.87,12.31]],[[92.62,11.59],[92.61,11.58],[92.62,11.58],[92.62,11.59]],[[92.72,11.82],[92.71,11.83],[92.71,11.82],[92.72,11.82]],[[92.71,11.81],[92.7,11.82],[92.7,11.81],[92.71,11.81]],[[92.73,11.84],[92.72,11.85],[92.72,11.84],[92.73,11.84]],[[92.74,12.07],[92.75,12.08],[92.74,12.08],[92.74,12.07]],[[92.74,12.13],[92.75,12.11],[92.75,12.13],[92.74,12.13]],[[92.82,12.89],[92.83,12.9],[92.82,12.9],[92.82,12.89]],[[92.86,12.23],[92.87,12.24],[92.86,12.24],[92.86,12.23]],[[92.82,12.3],[92.83,12.31],[92.82,12.31],[92.82,12.3]],[[92.8,12.3],[92.79,12.31],[92.79,12.3],[92.8,12.3]],[[92.77,12.31],[92.78,12.32],[92.77,12.32],[92.77,12.31]],[[92.77,12.26],[92.76,12.27],[92.76,12.26],[92.77,12.26]],[[92.77,12.24],[92.76,12.21],[92.77,12.2],[92.77,12.24]],[[92.79,12.44],[92.8,12.45],[92.79,12.45],[92.79,12.44]],[[92.85,12.45],[92.86,12.46],[92.85,12.46],[92.85,12.45]],[[92.9,13.06],[92.89,13.06],[92.89,13.05],[92.9,13.06]],[[92.77,12.67],[92.79,12.67],[92.79,12.7],[92.78,12.7],[92.77,12.67]],[[92.63,11.64],[92.64,11.65],[92.63,11.65],[92.63,11.64]]],[[[93.67,7.07],[93.66,7.13],[93.68,7.14],[93.67,7.16],[93.68,7.19],[93.81,7.21],[93.82,7.24],[93.85,7.24],[93.85,7.21],[93.88,7.21],[93.89,7.08],[93.92,7.05],[93.91,7.03],[93.95,7.01],[93.95,6.99],[93.93,7.01],[93.91,6.99],[93.93,6.99],[93.93,6.96],[93.95,6.95],[93.92,6.95],[93.91,6.93],[93.92,6.91],[93.9,6.91],[93.89,6.87],[93.89,6.85],[93.91,6.84],[93.9,6.8],[93.88,6.79],[93.87,6.82],[93.85,6.82],[93.85,6.78],[93.83,6.75],[93.8,6.76],[93.81,6.81],[93.79,6.82],[93.79,6.86],[93.77,6.86],[93.78,6.89],[93.74,6.92],[93.75,6.96],[93.73,6.97],[93.73,6.99],[93.7,6.99],[93.69,7.02],[93.67,7.01],[93.66,7.04],[93.67,7.07]],[[93.81,6.82],[93.82,6.81],[93.82,6.82],[93.81,6.82]],[[93.76,6.91],[93.77,6.91],[93.76,6.92],[93.76,6.91]]],[[[92.39,10.77],[92.42,10.79],[92.42,10.81],[92.46,10.84],[92.46,10.87],[92.48,10.87],[92.49,10.89],[92.52,10.9],[92.56,10.86],[92.56,10.8],[92.59,10.79],[92.58,10.74],[92.6,10.68],[92.58,10.68],[92.58,10.65],[92.54,10.63],[92.54,10.59],[92.56,10.59],[92.57,10.57],[92.54,10.55],[92.52,10.51],[92.49,10.51],[92.44,10.55],[92.38,10.53],[92.42,10.61],[92.41,10.65],[92.38,10.67],[92.38,10.79],[92.39,10.77]],[[92.39,10.77],[92.39,10.76],[92.4,10.76],[92.39,10.77]]],[[[92.94,11.98],[92.93,12.01],[92.96,12.02],[92.96,12.05],[92.99,12.04],[92.98,12.07],[92.96,12.07],[92.97,12.09],[92.95,12.09],[92.95,12.11],[92.98,12.11],[92.96,12.12],[92.96,12.15],[92.99,12.15],[93.0,12.13],[93.03,12.17],[93.04,12.13],[93.03,12.1],[93.05,12.08],[93.05,12.05],[93.01,12.07],[93.0,12.12],[93.0,12.03],[93.01,11.98],[93.05,11.93],[93.05,11.88],[93.02,11.89],[93.0,11.95],[92.98,11.94],[92.95,11.99],[92.94,11.98]]],[[[93.33,7.93],[93.31,7.95],[93.32,8.0],[93.4,8.02],[93.4,7.97],[93.43,7.97],[93.47,7.93],[93.47,7.88],[93.45,7.87],[93.43,7.91],[93.37,7.88],[93.34,7.9],[93.35,7.93],[93.34,7.94],[93.33,7.93]]],[[[93.63,7.26],[93.64,7.32],[93.63,7.37],[93.68,7.37],[93.68,7.39],[93.71,7.39],[93.72,7.44],[93.72,7.4],[93.76,7.38],[93.73,7.31],[93.68,7.29],[93.66,7.25],[93.63,7.26]]],[[[92.75,9.13],[92.73,9.12],[92.72,9.14],[92.72,9.22],[92.77,9.21],[92.79,9.25],[92.82,9.22],[92.82,9.2],[92.85,9.21],[92.86,9.2],[92.83,9.19],[92.83,9.14],[92.81,9.12],[92.75,9.13]]],[[[93.48,8.05],[93.45,8.18],[93.48,8.18],[93.5,8.23],[93.55,8.22],[93.54,8.18],[93.53,8.18],[93.52,8.18],[93.5,8.15],[93.55,8.09],[93.55,8.04],[93.52,8.07],[93.53,8.08],[93.51,8.08],[93.48,8.05]],[[93.48,8.1],[93.49,8.09],[93.49,8.1],[93.48,8.1]]],[[[92.71,12.85],[92.68,12.84],[92.68,12.8],[92.66,12.81],[92.65,12.87],[92.67,12.88],[92.67,12.91],[92.64,12.92],[92.68,12.93],[92.67,12.95],[92.68,12.99],[92.72,12.98],[92.71,12.85]]],[[[93.08,8.3],[93.09,8.34],[93.13,8.36],[93.14,8.35],[93.13,8.26],[93.2,8.22],[93.2,8.19],[93.12,8.22],[93.08,8.3]]],[[[93.04,12.13],[93.05,12.19],[93.06,12.21],[93.08,12.21],[93.09,12.09],[93.07,12.08],[93.07,12.1],[93.04,12.13]]],[[[93.51,8.0],[93.52,7.99],[93.53,8.02],[93.56,8.03],[93.58,8.0],[93.58,7.93],[93.52,7.97],[93.51,8.0]],[[93.55,8.02],[93.54,8.01],[93.55,8.0],[93.55,8.02]]],[[[93.83,12.24],[93.81,12.29],[93.82,12.31],[93.85,12.29],[93.83,12.31],[93.84,12.32],[93.86,12.29],[93.86,12.3],[93.88,12.29],[93.88,12.24],[93.87,12.23],[93.86,12.27],[93.86,12.23],[93.83,12.24]]],[[[92.21,11.53],[92.21,11.59],[92.27,11.59],[92.27,11.52],[92.21,11.53]]],[[[93.37,14.05],[93.35,14.15],[93.37,14.16],[93.38,14.1],[93.37,14.05]]],[[[93.58,8.07],[93.56,8.12],[93.59,8.12],[93.6,8.04],[93.57,8.06],[93.58,8.07]]],[[[93.01,11.85],[93.07,11.84],[93.07,11.82],[93.04,11.81],[93.03,11.83],[93.01,11.83],[93.01,11.85]]],[[[92.99,13.64],[92.98,13.67],[93.02,13.68],[93.03,13.63],[93.01,13.65],[92.99,13.64]]],[[[93.49,8.04],[93.53,8.05],[93.53,8.03],[93.51,8.03],[93.51,8.0],[93.49,8.0],[93.49,8.04]]],[[[93.24,8.27],[93.25,8.25],[93.25,8.22],[93.23,8.22],[93.22,8.24],[93.22,8.26],[93.24,8.27]]],[[[92.93,12.23],[92.9,12.29],[92.94,12.29],[92.93,12.23]]],[[[92.96,12.94],[92.95,12.97],[92.97,12.99],[92.99,12.95],[92.96,12.94]]],[[[92.7,12.24],[92.7,12.3],[92.72,12.3],[92.72,12.25],[92.7,12.24]]],[[[92.92,12.36],[92.93,12.42],[92.95,12.42],[92.96,12.44],[92.96,12.41],[92.94,12.41],[92.94,12.37],[92.92,12.36]]],[[[93.06,12.24],[93.08,12.26],[93.1,12.24],[93.1,12.21],[93.06,12.24]]],[[[92.57,11.57],[92.53,11.57],[92.53,11.6],[92.55,11.6],[92.57,11.57]]],[[[93.61,14.85],[93.62,14.9],[93.64,14.9],[93.64,14.87],[93.62,14.87],[93.61,14.85]]],[[[92.73,12.74],[92.71,12.72],[92.71,12.77],[92.72,12.77],[92.73,12.74]]],[[[92.94,13.03],[92.94,13.0],[92.92,13.0],[92.92,13.03],[92.94,13.03]]],[[[93.04,8.47],[93.06,8.46],[93.06,8.44],[93.03,8.45],[93.04,8.47]]],[[[94.27,13.46],[94.28,13.44],[94.25,13.43],[94.25,13.45],[94.27,13.46]]]]}},{"type":"Feature","properties":{"NAME_1":"Andhra Pradesh"},"geometry":{"type":"MultiPolygon","coordinates":[[[[76.77,15.07],[76.8,15.09],[76.86,15.06],[76.88,15.03],[76.94,15.03],[76.97,15.01],[77.0,15.03],[77.05,15.03],[77.05,15.0],[77.08,15.0],[77.08,15.02],[77.12,15.04],[77.13,15.09],[77.15,15.11],[77.15,15.13],[77.13,15.14],[77.16,15.15],[77.16,15.19],[77.12,15.23],[77.14,15.25],[77.17,15.25],[77.15,15.29],[77.12,15.29],[77.11,15.33],[77.06,15.32],[77.06,15.34],[77.04,15.35],[77.03,15.44],[76.97,15.49],[76.97,15.51],[77.03,15.5],[77.02,15.58],[77.03,15.63],[77.08,15.65],[77.12,15.63],[77.12,15.66],[77.08,15.69],[77.08,15.72],[77.04,15.73],[77.07,15.8],[77.06,15.82],[77.02,15.83],[77.05,15.88],[77.09,15.92],[77.24,15.96],[77.51,15.92],[77.52,15.96],[77.49,16.03],[77.5,16.05],[77.49,16.08],[77.51,16.1],[77.48,16.16],[77.5,16.21],[77.49,16.25],[77.5,16.27],[77.53,16.26],[77.56,16.3],[77.59,16.29],[77.58,16.33],[77.59,16.34],[77.55,16.34],[77.49,16.38],[77.41,16.36],[77.28,16.4],[77.24,16.47],[77.29,16.47],[77.3,16.49],[77.37,16.48],[77.37,16.51],[77.42,16.52],[77.4,16.57],[77.42,16.56],[77.46,16.58],[77.45,16.61],[77.47,16.65],[77.43,16.64],[77.42,16.66],[77.47,16.68],[77.47,16.71],[77.42,16.72],[77.44,16.78],[77.47,16.78],[77.45,16.91],[77.47,16.91],[77.46,16.95],[77.5,17.02],[77.48,17.08],[77.45,17.11],[77.4,17.12],[77.36,17.16],[77.37,17.19],[77.39,17.19],[77.38,17.22],[77.41,17.24],[77.42,17.23],[77.42,17.25],[77.45,17.27],[77.45,17.29],[77.43,17.29],[77.46,17.34],[77.45,17.37],[77.48,17.37],[77.47,17.36],[77.48,17.35],[77.53,17.37],[77.52,17.39],[77.54,17.4],[77.51,17.41],[77.52,17.44],[77.55,17.43],[77.56,17.44],[77.57,17.43],[77.57,17.45],[77.61,17.44],[77.61,17.47],[77.63,17.47],[77.65,17.5],[77.65,17.48],[77.68,17.47],[77.69,17.49],[77.69,17.51],[77.68,17.5],[77.66,17.52],[77.59,17.53],[77.59,17.56],[77.54,17.55],[77.53,17.57],[77.5,17.54],[77.49,17.57],[77.44,17.58],[77.45,17.69],[77.48,17.7],[77.49,17.72],[77.51,17.71],[77.55,17.73],[77.57,17.76],[77.5,17.78],[77.51,17.8],[77.53,17.81],[77.53,17.83],[77.55,17.82],[77.58,17.88],[77.6,17.87],[77.58,17.9],[77.59,17.91],[77.62,17.9],[77.62,17.94],[77.65,17.95],[77.64,18.0],[77.63,17.99],[77.61,18.02],[77.59,18.01],[77.56,18.04],[77.55,18.03],[77.55,18.06],[77.57,18.08],[77.6,18.08],[77.6,18.15],[77.56,18.19],[77.58,18.22],[77.57,18.24],[77.6,18.28],[77.56,18.28],[77.55,18.29],[77.57,18.32],[77.52,18.35],[77.56,18.42],[77.54,18.42],[77.53,18.44],[77.59,18.45],[77.55,18.47],[77.58,18.48],[77.6,18.47],[77.6,18.55],[77.61,18.54],[77.65,18.55],[77.66,18.53],[77.74,18.55],[77.75,18.61],[77.73,18.64],[77.73,18.68],[77.76,18.71],[77.79,18.68],[77.84,18.81],[77.95,18.83],[77.92,18.85],[77.93,18.86],[77.9,18.87],[77.88,18.91],[77.84,18.91],[77.85,18.95],[77.81,18.95],[77.82,18.98],[77.77,18.98],[77.76,19.02],[77.76,19.06],[77.8,19.05],[77.8,19.1],[77.85,19.09],[77.83,19.14],[77.86,19.18],[77.84,19.19],[77.87,19.26],[77.91,19.27],[77.86,19.28],[77.86,19.3],[77.95,19.34],[78.02,19.3],[78.03,19.27],[78.05,19.27],[78.05,19.24],[78.08,19.25],[78.13,19.25],[78.15,19.23],[78.18,19.24],[78.18,19.28],[78.2,19.31],[78.18,19.35],[78.18,19.41],[78.21,19.41],[78.22,19.43],[78.31,19.46],[78.3,19.54],[78.28,19.55],[78.31,19.57],[78.31,19.61],[78.27,19.67],[78.35,19.71],[78.34,19.72],[78.37,19.78],[78.36,19.81],[78.34,19.81],[78.34,19.84],[78.29,19.85],[78.32,19.92],[78.34,19.91],[78.32,19.89],[78.38,19.88],[78.38,19.86],[78.41,19.83],[78.48,19.82],[78.49,19.79],[78.52,19.82],[78.57,19.81],[78.6,19.82],[78.7,19.79],[78.71,19.77],[78.78,19.78],[78.8,19.76],[78.85,19.76],[78.86,19.66],[78.94,19.67],[78.97,19.65],[78.96,19.62],[78.98,19.58],[78.95,19.55],[79.0,19.56],[79.01,19.54],[79.05,19.55],[79.06,19.53],[79.1,19.53],[79.1,19.51],[79.16,19.49],[79.18,19.46],[79.22,19.46],[79.21,19.5],[79.24,19.53],[79.25,19.58],[79.24,19.61],[79.29,19.6],[79.31,19.57],[79.37,19.57],[79.41,19.53],[79.43,19.54],[79.46,19.52],[79.47,19.5],[79.52,19.52],[79.51,19.54],[79.53,19.55],[79.55,19.52],[79.6,19.5],[79.61,19.55],[79.64,19.58],[79.71,19.58],[79.73,19.6],[79.78,19.6],[79.79,19.58],[79.81,19.58],[79.82,19.54],[79.87,19.5],[79.92,19.49],[79.97,19.41],[79.96,19.3],[79.92,19.23],[79.94,19.16],[79.86,19.12],[79.86,19.03],[79.92,19.05],[79.94,18.96],[79.94,18.86],[79.93,18.84],[79.89,18.83],[79.93,18.78],[80.01,18.77],[80.1,18.68],[80.15,18.7],[80.19,18.68],[80.2,18.7],[80.25,18.7],[80.27,18.72],[80.3,18.69],[80.34,18.59],[80.36,18.6],[80.38,18.59],[80.45,18.63],[80.49,18.63],[80.54,18.58],[80.6,18.55],[80.64,18.51],[80.63,18.5],[80.64,18.48],[80.68,18.44],[80.7,18.44],[80.69,18.42],[80.73,18.41],[80.72,18.36],[80.75,18.31],[80.74,18.3],[80.77,18.28],[80.77,18.26],[80.79,18.26],[80.78,18.24],[80.73,18.22],[80.73,18.17],[80.79,18.16],[80.82,18.19],[80.82,18.23],[80.86,18.23],[80.87,18.21],[80.85,18.2],[80.86,18.13],[80.9,18.13],[80.97,18.17],[80.94,18.08],[80.97,18.04],[80.96,18.02],[80.98,17.92],[81.0,17.9],[81.0,17.84],[81.05,17.78],[81.07,17.78],[81.1,17.82],[81.16,17.85],[81.19,17.85],[81.25,17.81],[81.38,17.8],[81.41,17.8],[81.41,17.82],[81.47,17.82],[81.48,17.8],[81.56,17.83],[81.62,17.82],[81.66,17.88],[81.7,17.88],[81.7,17.86],[81.73,17.87],[81.79,17.91],[81.8,17.94],[81.94,17.98],[82.0,18.02],[82.02,18.06],[82.05,18.04],[82.07,18.07],[82.09,18.05],[82.11,18.06],[82.13,18.04],[82.16,18.04],[82.18,18.01],[82.26,17.98],[82.26,18.04],[82.28,18.06],[82.3,18.06],[82.29,18.05],[82.31,18.03],[82.33,18.04],[82.34,18.05],[82.33,18.12],[82.37,18.14],[82.31,18.17],[82.34,18.27],[82.37,18.27],[82.39,18.29],[82.38,18.32],[82.36,18.31],[82.33,18.32],[82.35,18.32],[82.38,18.35],[82.36,18.41],[82.47,18.54],[82.51,18.5],[82.52,18.51],[82.53,18.43],[82.55,18.44],[82.53,18.39],[82.6,18.37],[82.61,18.34],[82.58,18.31],[82.59,18.3],[82.58,18.27],[82.63,18.23],[82.65,18.24],[82.64,18.26],[82.66,18.29],[82.77,18.33],[82.79,18.38],[82.78,18.42],[82.8,18.44],[82.82,18.44],[82.84,18.41],[82.85,18.42],[82.89,18.41],[82.88,18.38],[82.93,18.35],[82.98,18.35],[82.98,18.37],[83.0,18.38],[83.06,18.38],[83.06,18.43],[83.03,18.42],[83.04,18.43],[83.02,18.45],[83.09,18.54],[83.05,18.53],[83.03,18.55],[83.03,18.58],[83.01,18.59],[83.01,18.64],[83.05,18.65],[83.07,18.7],[83.13,18.77],[83.21,18.73],[83.22,18.77],[83.27,18.76],[83.27,18.78],[83.3,18.8],[83.33,18.79],[83.36,18.8],[83.35,18.83],[83.4,18.83],[83.41,18.87],[83.38,18.88],[83.38,18.9],[83.36,18.9],[83.35,18.93],[83.38,18.92],[83.35,18.96],[83.34,18.92],[83.32,18.92],[83.33,18.96],[83.3,18.99],[83.33,18.99],[83.33,19.01],[83.36,19.01],[83.36,18.99],[83.41,19.0],[83.41,18.98],[83.45,18.94],[83.45,19.0],[83.48,19.0],[83.46,19.07],[83.48,19.08],[83.49,19.05],[83.51,19.06],[83.51,19.02],[83.5,19.03],[83.49,19.02],[83.52,19.0],[83.55,19.04],[83.55,19.08],[83.56,19.05],[83.58,19.05],[83.58,19.08],[83.6,19.08],[83.59,19.12],[83.62,19.15],[83.63,19.12],[83.65,19.12],[83.69,19.02],[83.72,19.01],[83.7,18.99],[83.73,18.98],[83.74,18.92],[83.78,18.9],[83.74,18.98],[83.77,19.01],[83.79,19.01],[83.82,18.95],[83.82,18.91],[83.84,18.91],[83.84,18.85],[83.87,18.82],[83.89,18.81],[83.91,18.82],[83.94,18.8],[84.03,18.8],[84.08,18.74],[84.11,18.76],[84.13,18.75],[84.13,18.77],[84.15,18.78],[84.18,18.77],[84.23,18.79],[84.26,18.77],[84.28,18.79],[84.33,18.79],[84.35,18.83],[84.33,18.86],[84.34,18.87],[84.36,18.85],[84.37,18.87],[84.35,18.88],[84.39,18.87],[84.38,18.89],[84.41,18.89],[84.41,18.91],[84.42,18.9],[84.43,18.91],[84.42,18.93],[84.44,18.97],[84.43,19.0],[84.47,18.98],[84.51,19.04],[84.57,19.07],[84.59,19.01],[84.62,19.06],[84.65,19.05],[84.66,19.07],[84.62,19.07],[84.6,19.12],[84.66,19.12],[84.67,19.16],[84.71,19.15],[84.69,19.12],[84.76,19.07],[84.7,19.0],[84.7,18.98],[84.66,18.97],[84.67,18.95],[84.58,18.87],[84.58,18.84],[84.56,18.83],[84.55,18.79],[84.45,18.7],[84.44,18.66],[84.36,18.59],[84.35,18.55],[84.32,18.52],[84.3,18.52],[84.26,18.47],[84.24,18.47],[84.15,18.38],[84.15,18.36],[84.12,18.33],[84.12,18.3],[83.67,18.09],[83.65,18.06],[83.57,18.02],[83.56,17.98],[83.51,17.93],[83.45,17.9],[83.45,17.88],[83.41,17.85],[83.42,17.82],[83.39,17.8],[83.38,17.77],[83.35,17.76],[83.34,17.72],[83.31,17.71],[83.3,17.67],[83.23,17.63],[83.22,17.59],[83.18,17.58],[83.17,17.56],[83.06,17.53],[83.0,17.5],[83.0,17.47],[82.9,17.44],[82.87,17.41],[82.81,17.4],[82.63,17.31],[82.62,17.29],[82.58,17.28],[82.54,17.24],[82.49,17.22],[82.47,17.19],[82.45,17.19],[82.36,17.09],[82.32,17.07],[82.32,17.05],[82.28,17.01],[82.27,16.94],[82.25,16.94],[82.25,16.9],[82.31,16.86],[82.31,16.84],[82.33,16.86],[82.36,16.85],[82.34,16.74],[82.32,16.74],[82.31,16.71],[82.3,16.74],[82.28,16.72],[82.22,16.72],[82.21,16.73],[82.22,16.75],[82.17,16.73],[82.25,16.69],[82.32,16.7],[82.33,16.72],[82.35,16.72],[82.31,16.64],[82.32,16.61],[82.29,16.62],[82.3,16.58],[82.27,16.57],[82.28,16.55],[82.24,16.55],[82.14,16.49],[82.11,16.49],[82.06,16.45],[82.03,16.45],[82.02,16.43],[81.94,16.39],[81.83,16.37],[81.73,16.31],[81.7,16.33],[81.57,16.34],[81.55,16.36],[81.41,16.34],[81.4,16.35],[81.39,16.34],[81.37,16.34],[81.36,16.36],[81.35,16.32],[81.32,16.32],[81.23,16.24],[81.2,16.17],[81.2,16.12],[81.16,16.04],[81.14,16.03],[81.15,15.97],[81.08,15.93],[81.07,15.9],[81.0,15.84],[80.99,15.8],[81.01,15.76],[80.95,15.72],[80.82,15.71],[80.81,15.78],[80.79,15.81],[80.81,15.82],[80.8,15.85],[80.77,15.85],[80.77,15.87],[80.74,15.88],[80.64,15.88],[80.52,15.85],[80.41,15.8],[80.27,15.68],[80.23,15.59],[80.21,15.47],[80.11,15.36],[80.08,15.27],[80.09,15.2],[80.07,15.19],[80.08,15.17],[80.05,15.12],[80.05,15.0],[80.09,14.88],[80.1,14.76],[80.15,14.7],[80.17,14.61],[80.2,14.6],[80.18,14.54],[80.17,14.34],[80.15,14.32],[80.13,14.25],[80.13,14.09],[80.15,14.01],[80.17,14.0],[80.16,13.98],[80.18,13.98],[80.23,13.83],[80.25,13.82],[80.23,13.65],[80.26,13.57],[80.24,13.58],[80.22,13.63],[80.19,13.64],[80.19,13.67],[80.16,13.7],[80.14,13.7],[80.15,13.66],[80.14,13.61],[80.16,13.61],[80.17,13.59],[80.14,13.55],[80.13,13.59],[80.15,13.59],[80.15,13.6],[80.13,13.6],[80.11,13.63],[80.12,13.67],[80.09,13.67],[80.07,13.64],[80.07,13.6],[80.05,13.6],[80.05,13.58],[80.1,13.54],[80.1,13.52],[80.13,13.52],[80.15,13.49],[80.23,13.48],[80.14,13.48],[80.13,13.5],[80.09,13.51],[80.09,13.53],[79.99,13.53],[79.99,13.51],[80.01,13.52],[80.01,13.5],[80.04,13.5],[80.04,13.48],[80.01,13.49],[80.0,13.46],[79.96,13.45],[79.96,13.41],[79.93,13.4],[79.95,13.38],[79.93,13.34],[79.85,13.3],[79.81,13.31],[79.79,13.28],[79.75,13.3],[79.75,13.28],[79.72,13.27],[79.78,13.22],[79.74,13.19],[79.73,13.22],[79.7,13.2],[79.69,13.21],[79.7,13.23],[79.67,13.23],[79.68,13.26],[79.67,13.28],[79.64,13.28],[79.63,13.26],[79.6,13.27],[79.59,13.25],[79.57,13.25],[79.55,13.26],[79.54,13.31],[79.52,13.32],[79.4,13.32],[79.37,13.3],[79.43,13.28],[79.41,13.26],[79.42,13.18],[79.37,13.18],[79.35,13.16],[79.35,13.13],[79.32,13.12],[79.31,13.1],[79.27,13.12],[79.27,13.14],[79.25,13.15],[79.24,13.13],[79.22,13.14],[79.21,13.13],[79.22,13.1],[79.19,13.09],[79.17,13.05],[79.18,13.03],[79.16,13.01],[79.07,13.01],[79.05,13.04],[78.98,13.08],[78.96,13.06],[78.91,13.07],[78.91,13.05],[78.89,13.04],[78.93,13.02],[78.88,13.02],[78.88,13.09],[78.86,13.07],[78.8,13.08],[78.78,13.05],[78.7,13.06],[78.69,13.0],[78.65,13.02],[78.61,12.98],[78.65,12.92],[78.63,12.92],[78.6,12.87],[78.6,12.81],[78.57,12.75],[78.55,12.75],[78.55,12.69],[78.52,12.68],[78.52,12.69],[78.52,12.7],[78.52,12.71],[78.48,12.73],[78.51,12.7],[78.49,12.7],[78.5,12.68],[78.49,12.66],[78.46,12.66],[78.45,12.61],[78.37,12.61],[78.29,12.65],[78.27,12.69],[78.23,12.69],[78.23,12.67],[78.19,12.68],[78.2,12.69],[78.19,12.7],[78.22,12.7],[78.23,12.72],[78.22,12.75],[78.24,12.79],[78.24,12.85],[78.3,12.85],[78.31,12.89],[78.33,12.89],[78.35,12.93],[78.37,12.9],[78.44,12.9],[78.42,12.92],[78.42,12.97],[78.46,12.96],[78.45,13.03],[78.5,13.05],[78.5,13.08],[78.53,13.1],[78.51,13.12],[78.54,13.13],[78.53,13.15],[78.57,13.16],[78.54,13.19],[78.57,13.2],[78.56,13.24],[78.58,13.27],[78.56,13.28],[78.56,13.3],[78.55,13.27],[78.53,13.28],[78.51,13.26],[78.47,13.29],[78.47,13.31],[78.38,13.31],[78.4,13.33],[78.36,13.35],[78.37,13.38],[78.36,13.46],[78.4,13.57],[78.39,13.58],[78.25,13.57],[78.23,13.59],[78.2,13.56],[78.18,13.56],[78.2,13.6],[78.19,13.62],[78.16,13.62],[78.16,13.65],[78.11,13.65],[78.09,13.63],[78.08,13.64],[78.06,13.69],[78.11,13.68],[78.11,13.71],[78.08,13.73],[78.12,13.78],[78.11,13.8],[78.12,13.82],[78.11,13.85],[78.07,13.85],[78.07,13.87],[78.04,13.89],[78.04,13.85],[77.98,13.86],[77.97,13.82],[77.95,13.82],[77.94,13.88],[77.98,13.89],[77.97,13.91],[77.98,13.95],[77.96,13.95],[77.92,13.9],[77.89,13.91],[77.89,13.93],[77.81,13.93],[77.81,13.89],[77.83,13.88],[77.82,13.87],[77.83,13.86],[77.77,13.83],[77.78,13.81],[77.71,13.79],[77.72,13.78],[77.71,13.73],[77.7,13.76],[77.66,13.75],[77.67,13.78],[77.65,13.78],[77.61,13.76],[77.64,13.74],[77.63,13.73],[77.59,13.74],[77.55,13.72],[77.53,13.75],[77.52,13.74],[77.53,13.7],[77.51,13.69],[77.49,13.71],[77.48,13.68],[77.45,13.68],[77.44,13.7],[77.46,13.71],[77.46,13.8],[77.42,13.79],[77.41,13.8],[77.42,13.83],[77.37,13.83],[77.36,13.85],[77.33,13.82],[77.31,13.86],[77.25,13.84],[77.23,13.9],[77.21,13.86],[77.21,13.88],[77.2,13.86],[77.18,13.86],[77.18,13.92],[77.16,13.91],[77.16,13.86],[77.12,13.85],[77.16,13.83],[77.17,13.75],[77.09,13.76],[77.08,13.74],[77.05,13.74],[77.04,13.77],[77.02,13.77],[77.01,13.73],[76.99,13.74],[76.99,13.79],[76.97,13.82],[77.01,13.85],[77.02,13.89],[77.04,13.9],[77.04,13.93],[76.99,13.95],[76.99,13.99],[76.93,14.02],[76.94,14.05],[76.97,14.05],[76.98,14.07],[76.95,14.09],[76.93,14.13],[76.92,14.12],[76.88,14.13],[76.89,14.16],[76.94,14.17],[76.94,14.19],[76.97,14.17],[77.02,14.17],[77.02,14.05],[77.12,14.04],[77.14,13.99],[77.16,13.99],[77.16,14.01],[77.21,14.0],[77.26,14.03],[77.27,14.01],[77.29,14.01],[77.3,14.03],[77.32,14.02],[77.33,13.99],[77.35,13.99],[77.34,13.95],[77.36,13.95],[77.34,13.91],[77.39,13.9],[77.4,13.88],[77.43,13.9],[77.41,13.91],[77.43,13.97],[77.38,13.97],[77.38,14.01],[77.33,14.02],[77.33,14.05],[77.35,14.05],[77.4,14.1],[77.39,14.12],[77.35,14.11],[77.38,14.13],[77.39,14.17],[77.49,14.15],[77.51,14.16],[77.49,14.21],[77.5,14.27],[77.45,14.27],[77.43,14.32],[77.39,14.33],[77.37,14.31],[77.39,14.27],[77.38,14.27],[77.4,14.26],[77.42,14.21],[77.38,14.19],[77.38,14.22],[77.36,14.22],[77.36,14.27],[77.29,14.27],[77.28,14.33],[77.26,14.33],[77.25,14.31],[77.2,14.31],[77.14,14.34],[77.13,14.3],[77.11,14.29],[77.12,14.26],[77.11,14.21],[77.08,14.21],[77.05,14.24],[76.95,14.23],[76.93,14.25],[76.92,14.27],[76.95,14.3],[76.9,14.32],[76.88,14.35],[76.88,14.39],[76.9,14.39],[76.91,14.41],[76.94,14.4],[76.94,14.45],[76.96,14.45],[76.97,14.48],[76.86,14.47],[76.84,14.51],[76.79,14.54],[76.78,14.59],[76.76,14.6],[76.77,14.67],[76.8,14.73],[76.78,14.78],[76.82,14.78],[76.83,14.8],[76.85,14.8],[76.84,14.89],[76.86,14.89],[76.87,14.94],[76.86,14.96],[76.82,14.95],[76.76,14.97],[76.78,15.01],[76.77,15.07]],[[77.5,16.22],[77.51,16.21],[77.51,16.22],[77.5,16.22]],[[83.03,18.58],[83.05,18.58],[83.05,18.6],[83.04,18.6],[83.03,18.58]],[[83.21,18.73],[83.2,18.72],[83.21,18.72],[83.21,18.73]],[[82.28,16.62],[82.29,16.64],[82.28,16.64],[82.28,16.62]],[[81.38,16.35],[81.39,16.36],[81.38,16.36],[81.38,16.35]],[[80.06,15.19],[80.07,15.2],[80.06,15.2],[80.06,15.19]],[[80.05,15.2],[80.06,15.21],[80.05,15.21],[80.05,15.2]],[[78.52,12.7],[78.53,12.69],[78.53,12.7],[78.52,12.7]],[[78.31,12.87],[78.32,12.86],[78.32,12.87],[78.31,12.87]],[[78.32,12.87],[78.33,12.87],[78.32,12.88],[78.32,12.87]],[[78.44,12.9],[78.45,12.87],[78.45,12.85],[78.46,12.89],[78.44,12.9]],[[77.42,13.83],[77.43,13.83],[77.42,13.84],[77.42,13.83]],[[80.1,13.69],[80.11,13.68],[80.11,13.69],[80.1,13.69]],[[80.1,13.7],[80.11,13.71],[80.1,13.71],[80.1,13.7]],[[80.13,13.71],[80.14,13.73],[80.13,13.73],[80.13,13.71]],[[80.08,15.31],[80.09,15.32],[80.08,15.32],[80.08,15.31]],[[82.25,16.65],[82.26,16.66],[82.25,16.66],[82.25,16.65]],[[82.26,16.68],[82.27,16.67],[82.27,16.68],[82.26,16.68]],[[83.26,17.7],[83.27,17.71],[83.26,17.71],[83.26,17.7]]],[[[80.25,13.47],[80.27,13.47],[80.28,13.43],[80.31,13.43],[80.31,13.37],[80.27,13.4],[80.28,13.41],[80.25,13.47]]],[[[80.29,13.45],[80.28,13.51],[80.26,13.51],[80.27,13.55],[80.31,13.47],[80.31,13.44],[80.29,13.45]]]]}},{"type":"Feature","properties":{"NAME_1":"Arunachal Pradesh"},"geometry":{"type":"Polygon","coordinates":[[[93.78,27.07],[93.7,27.01],[93.71,27.0],[93.68,26.97],[93.64,26.96],[93.49,26.94],[93.46,26.94],[93.44,26.96],[93.27,26.96],[93.09,26.92],[92.99,26.93],[92.92,26.96],[92.9,27.0],[92.87,27.01],[92.66,27.04],[92.64,27.02],[92.65,26.99],[92.59,26.96],[92.44,26.96],[92.43,26.94],[92.4,26.93],[92.35,26.94],[92.28,26.9],[92.25,26.91],[92.19,26.89],[92.11,26.89],[92.12,26.96],[92.08,27.04],[92.03,27.06],[92.04,27.07],[92.02,27.11],[92.04,27.14],[92.02,27.16],[92.07,27.21],[92.07,27.24],[92.04,27.27],[92.07,27.28],[92.12,27.27],[92.12,27.29],[92.06,27.33],[92.05,27.41],[92.04,27.44],[92.02,27.44],[92.02,27.48],[91.98,27.46],[91.86,27.48],[91.77,27.46],[91.71,27.47],[91.7,27.5],[91.65,27.48],[91.61,27.54],[91.59,27.54],[91.56,27.58],[91.58,27.6],[91.56,27.63],[91.62,27.7],[91.64,27.77],[91.62,27.81],[91.6,27.82],[91.57,27.81],[91.54,27.86],[91.67,27.86],[91.69,27.82],[91.75,27.8],[91.83,27.81],[91.83,27.78],[91.85,27.78],[91.88,27.72],[91.9,27.73],[91.93,27.72],[91.98,27.77],[92.06,27.76],[92.2,27.86],[92.26,27.86],[92.31,27.78],[92.37,27.79],[92.38,27.82],[92.45,27.8],[92.49,27.84],[92.56,27.82],[92.61,27.88],[92.67,27.9],[92.74,27.99],[92.7,28.05],[92.66,28.06],[92.7,28.14],[92.74,28.15],[92.8,28.2],[92.82,28.2],[92.82,28.17],[92.9,28.2],[92.91,28.24],[92.96,28.26],[93.0,28.23],[93.03,28.26],[93.02,28.3],[93.11,28.31],[93.12,28.33],[93.22,28.33],[93.23,28.41],[93.18,28.44],[93.26,28.5],[93.28,28.5],[93.31,28.57],[93.3,28.6],[93.33,28.61],[93.34,28.64],[93.41,28.65],[93.45,28.68],[93.47,28.65],[93.48,28.68],[93.51,28.68],[93.52,28.66],[93.64,28.66],[93.73,28.69],[93.79,28.67],[93.84,28.71],[93.93,28.67],[93.97,28.72],[93.97,28.75],[94.0,28.77],[93.99,28.84],[94.03,28.85],[94.09,28.92],[94.16,28.95],[94.18,29.04],[94.23,29.1],[94.29,29.15],[94.36,29.15],[94.37,29.19],[94.43,29.23],[94.55,29.22],[94.57,29.24],[94.57,29.28],[94.62,29.31],[94.62,29.35],[94.68,29.33],[94.8,29.22],[94.8,29.16],[94.83,29.18],[94.89,29.18],[95.03,29.13],[94.99,29.17],[95.01,29.17],[95.1,29.14],[95.11,29.12],[95.25,29.11],[95.26,29.06],[95.32,29.06],[95.41,29.03],[95.46,29.04],[95.49,29.08],[95.49,29.14],[95.55,29.13],[95.54,29.21],[95.59,29.22],[95.6,29.26],[95.64,29.25],[95.7,29.3],[95.73,29.3],[95.78,29.36],[95.8,29.34],[95.83,29.36],[95.84,29.35],[95.88,29.39],[95.96,29.38],[96.06,29.46],[96.09,29.46],[96.15,29.4],[96.19,29.34],[96.18,29.31],[96.23,29.26],[96.23,29.24],[96.29,29.24],[96.35,29.27],[96.36,29.29],[96.39,29.26],[96.39,29.23],[96.37,29.22],[96.35,29.17],[96.23,29.15],[96.19,29.09],[96.11,29.08],[96.16,29.04],[96.18,29.0],[96.18,28.97],[96.15,28.95],[96.17,28.9],[96.25,28.94],[96.29,29.0],[96.34,29.03],[96.45,29.04],[96.53,29.08],[96.48,29.01],[96.48,28.97],[96.52,28.97],[96.55,28.86],[96.58,28.82],[96.6,28.82],[96.62,28.78],[96.59,28.72],[96.47,28.69],[96.5,28.64],[96.44,28.61],[96.43,28.59],[96.4,28.59],[96.41,28.56],[96.35,28.56],[96.33,28.53],[96.37,28.5],[96.37,28.48],[96.26,28.41],[96.37,28.39],[96.4,28.34],[96.43,28.36],[96.45,28.42],[96.52,28.42],[96.6,28.47],[96.66,28.47],[96.76,28.42],[96.77,28.37],[96.85,28.37],[96.9,28.39],[96.92,28.35],[96.97,28.32],[97.03,28.33],[97.05,28.36],[97.08,28.37],[97.13,28.36],[97.17,28.3],[97.28,28.28],[97.4,28.2],[97.36,28.2],[97.32,28.15],[97.34,28.12],[97.31,28.09],[97.31,28.07],[97.37,28.07],[97.38,28.04],[97.42,28.02],[97.39,28.01],[97.38,27.99],[97.39,27.9],[97.32,27.89],[97.31,27.93],[97.24,27.9],[97.16,27.82],[97.1,27.79],[97.1,27.75],[97.06,27.76],[97.01,27.74],[96.98,27.67],[96.94,27.67],[96.93,27.64],[96.9,27.62],[96.9,27.59],[96.94,27.53],[96.93,27.5],[96.91,27.49],[96.91,27.46],[96.93,27.46],[96.94,27.43],[96.97,27.42],[96.98,27.4],[96.97,27.38],[97.0,27.36],[97.0,27.33],[97.04,27.31],[97.04,27.29],[97.06,27.29],[97.06,27.27],[97.1,27.24],[97.1,27.21],[97.12,27.21],[97.13,27.18],[97.17,27.16],[97.15,27.1],[97.11,27.12],[97.06,27.11],[97.04,27.14],[96.98,27.17],[96.88,27.19],[96.86,27.22],[96.89,27.23],[96.89,27.27],[96.86,27.27],[96.85,27.31],[96.82,27.32],[96.81,27.35],[96.74,27.36],[96.72,27.38],[96.61,27.37],[96.6,27.34],[96.56,27.33],[96.52,27.29],[96.51,27.31],[96.42,27.31],[96.39,27.29],[96.3,27.3],[96.28,27.28],[96.23,27.28],[96.04,27.2],[96.02,27.15],[95.99,27.13],[95.94,27.05],[95.88,27.02],[95.81,27.02],[95.77,26.98],[95.75,26.93],[95.76,26.91],[95.74,26.89],[95.71,26.88],[95.7,26.9],[95.67,26.91],[95.63,26.87],[95.63,26.84],[95.61,26.82],[95.58,26.82],[95.56,26.84],[95.53,26.83],[95.5,26.77],[95.46,26.75],[95.43,26.7],[95.27,26.66],[95.26,26.69],[95.23,26.7],[95.24,26.71],[95.22,26.74],[95.24,26.79],[95.22,26.79],[95.2,26.82],[95.21,26.85],[95.18,26.86],[95.21,26.89],[95.23,26.89],[95.2,27.04],[95.25,27.03],[95.31,27.09],[95.45,27.13],[95.47,27.15],[95.46,27.21],[95.49,27.25],[95.51,27.25],[95.51,27.27],[95.58,27.25],[95.59,27.23],[95.68,27.26],[95.73,27.26],[95.79,27.29],[95.86,27.29],[95.9,27.26],[95.9,27.29],[95.97,27.32],[95.99,27.36],[96.02,27.37],[95.98,27.44],[95.95,27.43],[95.95,27.45],[95.93,27.45],[95.91,27.44],[95.9,27.41],[95.89,27.44],[95.85,27.43],[95.86,27.47],[95.88,27.47],[95.89,27.5],[95.88,27.55],[95.82,27.58],[95.82,27.61],[95.79,27.62],[95.8,27.65],[95.78,27.66],[95.78,27.68],[95.8,27.69],[95.77,27.7],[95.76,27.73],[95.79,27.74],[95.78,27.76],[95.81,27.78],[95.83,27.82],[95.88,27.84],[95.93,27.89],[95.92,27.9],[95.94,27.9],[95.96,27.93],[95.95,27.94],[95.98,27.97],[95.83,27.98],[95.61,27.96],[95.57,27.94],[95.57,27.92],[95.54,27.91],[95.52,27.88],[95.38,27.84],[95.31,27.87],[95.05,27.79],[95.03,27.77],[95.0,27.78],[94.93,27.76],[94.85,27.73],[94.84,27.7],[94.8,27.7],[94.74,27.66],[94.69,27.67],[94.69,27.65],[94.53,27.6],[94.52,27.58],[94.48,27.58],[94.47,27.56],[94.43,27.6],[94.38,27.58],[94.34,27.58],[94.31,27.6],[94.28,27.59],[94.25,27.61],[94.27,27.63],[94.25,27.64],[94.21,27.6],[94.23,27.6],[94.22,27.59],[94.23,27.57],[94.26,27.56],[94.26,27.52],[94.16,27.48],[94.06,27.36],[93.97,27.31],[93.8,27.14],[93.81,27.12],[93.83,27.12],[93.84,27.07],[93.81,27.06],[93.78,27.07]]]}},{"type":"Feature","properties":{"NAME_1":"Assam"},"geometry":{"type":"MultiPolygon","coordinates":[[[[89.72,26.19],[89.7,26.22],[89.73,26.24],[89.72,26.26],[89.74,26.27],[89.72,26.29],[89.74,26.3],[89.76,26.29],[89.75,26.32],[89.77,26.32],[89.78,26.35],[89.81,26.37],[89.82,26.35],[89.83,26.37],[89.82,26.38],[89.86,26.38],[89.85,26.4],[89.83,26.39],[89.83,26.41],[89.85,26.41],[89.87,26.45],[89.85,26.49],[89.87,26.57],[89.86,26.58],[89.88,26.58],[89.88,26.61],[89.86,26.62],[89.86,26.64],[89.88,26.65],[89.86,26.74],[89.89,26.72],[89.97,26.72],[90.15,26.75],[90.19,26.77],[90.18,26.81],[90.21,26.85],[90.31,26.85],[90.36,26.9],[90.42,26.9],[90.54,26.81],[90.64,26.79],[90.65,26.77],[90.66,26.78],[90.8,26.77],[90.97,26.79],[91.06,26.78],[91.09,26.82],[91.26,26.81],[91.31,26.78],[91.34,26.78],[91.38,26.8],[91.4,26.84],[91.48,26.79],[91.59,26.8],[91.61,26.82],[91.65,26.82],[91.68,26.8],[91.73,26.81],[91.82,26.86],[91.87,26.92],[91.9,26.92],[92.0,26.85],[92.06,26.85],[92.09,26.86],[92.1,26.89],[92.19,26.89],[92.25,26.91],[92.28,26.9],[92.35,26.94],[92.36,26.93],[92.43,26.94],[92.44,26.96],[92.59,26.96],[92.65,26.99],[92.64,27.02],[92.66,27.04],[92.87,27.01],[92.9,27.0],[92.92,26.96],[93.02,26.92],[93.09,26.92],[93.27,26.96],[93.44,26.96],[93.46,26.94],[93.64,26.96],[93.68,26.97],[93.71,27.0],[93.7,27.01],[93.77,27.04],[93.78,27.07],[93.79,27.06],[93.84,27.07],[93.83,27.12],[93.81,27.12],[93.8,27.14],[93.97,27.31],[94.06,27.36],[94.16,27.48],[94.26,27.52],[94.26,27.56],[94.23,27.57],[94.22,27.59],[94.23,27.6],[94.21,27.6],[94.25,27.64],[94.27,27.63],[94.25,27.61],[94.28,27.59],[94.31,27.6],[94.34,27.58],[94.38,27.58],[94.43,27.6],[94.47,27.56],[94.48,27.58],[94.52,27.58],[94.53,27.6],[94.69,27.65],[94.69,27.67],[94.74,27.66],[94.8,27.7],[94.84,27.7],[94.85,27.73],[94.93,27.76],[95.0,27.78],[95.03,27.77],[95.05,27.79],[95.31,27.87],[95.38,27.84],[95.52,27.88],[95.54,27.91],[95.57,27.92],[95.57,27.94],[95.61,27.96],[95.83,27.98],[95.98,27.97],[95.95,27.94],[95.96,27.93],[95.94,27.9],[95.92,27.9],[95.93,27.89],[95.88,27.84],[95.82,27.81],[95.81,27.78],[95.78,27.76],[95.79,27.74],[95.76,27.72],[95.78,27.69],[95.8,27.69],[95.78,27.68],[95.78,27.66],[95.8,27.65],[95.79,27.62],[95.82,27.61],[95.82,27.58],[95.88,27.55],[95.89,27.5],[95.88,27.47],[95.86,27.47],[95.85,27.43],[95.89,27.44],[95.9,27.41],[95.91,27.44],[95.93,27.45],[95.95,27.45],[95.95,27.43],[95.98,27.44],[96.02,27.37],[95.99,27.36],[95.97,27.32],[95.9,27.29],[95.9,27.26],[95.86,27.29],[95.79,27.29],[95.73,27.26],[95.68,27.26],[95.59,27.23],[95.58,27.25],[95.51,27.27],[95.51,27.25],[95.49,27.25],[95.46,27.21],[95.47,27.15],[95.45,27.13],[95.31,27.09],[95.25,27.03],[95.2,27.04],[95.11,26.98],[95.09,26.95],[95.04,26.94],[95.02,26.92],[94.98,26.92],[94.97,26.94],[94.93,26.95],[94.89,26.94],[94.82,26.85],[94.82,26.83],[94.76,26.77],[94.74,26.78],[94.73,26.76],[94.66,26.72],[94.62,26.72],[94.6,26.74],[94.59,26.7],[94.58,26.71],[94.56,26.69],[94.56,26.71],[94.54,26.71],[94.5,26.67],[94.46,26.67],[94.46,26.64],[94.41,26.62],[94.4,26.53],[94.38,26.53],[94.38,26.51],[94.35,26.51],[94.35,26.49],[94.32,26.48],[94.32,26.46],[94.29,26.48],[94.28,26.56],[94.21,26.49],[94.17,26.42],[94.18,26.37],[94.16,26.36],[94.18,26.36],[94.18,26.34],[94.12,26.34],[94.13,26.32],[94.1,26.32],[94.08,26.27],[94.05,26.26],[94.04,26.2],[94.0,26.17],[94.01,26.14],[93.99,26.14],[94.0,26.13],[93.99,26.07],[93.95,26.01],[93.98,25.92],[93.92,25.89],[93.89,25.85],[93.83,25.86],[93.8,25.81],[93.78,25.84],[93.8,25.92],[93.79,25.96],[93.77,25.97],[93.74,25.93],[93.69,25.91],[93.71,25.85],[93.69,25.85],[93.67,25.82],[93.64,25.82],[93.61,25.77],[93.57,25.76],[93.57,25.74],[93.54,25.73],[93.55,25.71],[93.49,25.65],[93.41,25.62],[93.42,25.61],[93.37,25.56],[93.35,25.57],[93.34,25.54],[93.39,25.49],[93.39,25.47],[93.42,25.45],[93.43,25.46],[93.47,25.42],[93.46,25.41],[93.48,25.38],[93.45,25.35],[93.47,25.3],[93.39,25.25],[93.35,25.18],[93.34,25.1],[93.31,25.08],[93.3,25.05],[93.26,25.04],[93.25,25.02],[93.26,24.95],[93.25,24.96],[93.24,24.93],[93.25,24.92],[93.22,24.86],[93.2,24.86],[93.19,24.84],[93.2,24.81],[93.16,24.79],[93.12,24.82],[93.11,24.81],[93.1,24.78],[93.11,24.74],[93.08,24.71],[93.1,24.68],[93.1,24.65],[93.08,24.65],[93.09,24.63],[93.08,24.59],[93.11,24.58],[93.06,24.57],[93.07,24.55],[93.05,24.54],[93.05,24.46],[93.03,24.43],[93.04,24.41],[93.02,24.4],[92.91,24.41],[92.91,24.39],[92.86,24.4],[92.85,24.38],[92.83,24.38],[92.76,24.52],[92.69,24.35],[92.62,24.33],[92.62,24.26],[92.59,24.24],[92.55,24.25],[92.53,24.17],[92.52,24.18],[92.48,24.16],[92.47,24.13],[92.44,24.15],[92.42,24.19],[92.42,24.25],[92.21,24.25],[92.27,24.37],[92.26,24.44],[92.23,24.46],[92.23,24.56],[92.26,24.69],[92.3,24.74],[92.28,24.83],[92.25,24.83],[92.26,24.84],[92.24,24.85],[92.25,24.87],[92.24,24.91],[92.28,24.9],[92.3,24.92],[92.32,24.89],[92.37,24.88],[92.39,24.85],[92.4,24.86],[92.4,24.85],[92.41,24.86],[92.42,24.86],[92.43,24.86],[92.45,24.86],[92.45,24.88],[92.49,24.87],[92.5,24.88],[92.49,24.95],[92.47,24.94],[92.46,24.98],[92.45,24.97],[92.42,24.98],[92.43,25.03],[92.46,25.04],[92.48,25.08],[92.48,25.11],[92.53,25.11],[92.52,25.14],[92.62,25.12],[92.64,25.15],[92.66,25.15],[92.66,25.18],[92.75,25.21],[92.78,25.2],[92.8,25.22],[92.77,25.23],[92.76,25.25],[92.79,25.28],[92.78,25.31],[92.79,25.32],[92.74,25.36],[92.74,25.38],[92.71,25.38],[92.65,25.43],[92.61,25.42],[92.6,25.47],[92.57,25.46],[92.58,25.5],[92.64,25.53],[92.66,25.59],[92.59,25.55],[92.57,25.56],[92.56,25.61],[92.5,25.62],[92.47,25.68],[92.43,25.69],[92.44,25.72],[92.38,25.75],[92.32,25.72],[92.23,25.72],[92.16,25.67],[92.17,25.68],[92.15,25.72],[92.17,25.73],[92.15,25.81],[92.18,25.87],[92.23,25.9],[92.2,25.92],[92.16,25.91],[92.16,25.95],[92.19,25.99],[92.26,26.03],[92.3,26.08],[92.25,26.06],[92.17,26.08],[92.12,26.04],[92.12,26.05],[92.06,26.03],[91.99,26.04],[91.92,26.0],[91.92,26.02],[91.88,26.03],[91.87,26.05],[91.88,26.1],[91.82,26.12],[91.81,26.1],[91.73,26.06],[91.72,25.95],[91.68,25.91],[91.65,25.91],[91.61,25.94],[91.63,25.94],[91.64,25.96],[91.62,25.99],[91.63,26.02],[91.57,26.03],[91.57,26.0],[91.54,25.96],[91.52,25.96],[91.5,25.89],[91.49,25.9],[91.47,25.87],[91.51,25.86],[91.47,25.86],[91.44,25.84],[91.43,25.85],[91.33,25.84],[91.29,25.76],[91.22,25.72],[91.19,25.73],[91.18,25.77],[91.2,25.86],[91.18,25.84],[91.15,25.85],[91.06,25.82],[91.05,25.83],[91.08,25.85],[91.05,25.85],[91.02,25.82],[91.0,25.82],[91.03,25.89],[91.01,25.88],[90.97,25.89],[90.94,25.95],[90.92,25.94],[90.92,25.92],[90.88,25.95],[90.81,25.95],[90.78,25.91],[90.74,25.93],[90.74,25.95],[90.69,25.95],[90.63,25.92],[90.63,25.9],[90.61,25.9],[90.63,25.94],[90.58,25.96],[90.53,25.9],[90.51,25.9],[90.53,25.96],[90.51,26.0],[90.48,26.02],[90.43,25.99],[90.41,26.01],[90.36,26.01],[90.32,25.97],[90.21,25.95],[90.19,25.96],[90.18,25.94],[90.18,25.96],[90.11,25.96],[90.11,25.94],[90.06,25.92],[90.04,25.89],[90.0,25.88],[90.02,25.87],[90.0,25.84],[89.95,25.82],[89.96,25.77],[89.93,25.74],[89.89,25.74],[89.9,25.71],[89.94,25.69],[89.94,25.67],[90.02,25.6],[90.0,25.58],[89.98,25.59],[89.97,25.57],[89.87,25.55],[89.89,25.63],[89.88,25.66],[89.85,25.68],[89.86,25.71],[89.83,25.72],[89.84,25.79],[89.81,25.82],[89.83,25.83],[89.85,25.89],[89.88,25.91],[89.89,25.94],[89.83,25.94],[89.85,25.95],[89.84,25.97],[89.88,25.98],[89.85,25.99],[89.85,26.01],[89.84,25.98],[89.82,25.98],[89.82,26.04],[89.8,26.02],[89.79,26.03],[89.8,26.09],[89.79,26.11],[89.76,26.11],[89.77,26.14],[89.75,26.16],[89.72,26.15],[89.73,26.18],[89.7,26.17],[89.69,26.19],[89.72,26.19]],[[92.43,24.86],[92.42,24.85],[92.43,24.85],[92.43,24.86]],[[92.53,25.11],[92.53,25.1],[92.54,25.1],[92.53,25.11]],[[90.74,25.96],[90.75,25.95],[90.75,25.96],[90.74,25.96]],[[89.72,26.21],[89.73,26.21],[89.72,26.22],[89.72,26.21]]],[[[89.87,25.54],[89.88,25.49],[89.86,25.47],[89.85,25.48],[89.87,25.54]]]]}},{"type":"Feature","properties":{"NAME_1":"Bihar"},"geometry":{"type":"Polygon","coordinates":[[[83.32,25.02],[83.34,25.11],[83.36,25.12],[83.34,25.16],[83.35,25.2],[83.39,25.21],[83.41,25.25],[83.43,25.24],[83.44,25.26],[83.46,25.25],[83.49,25.29],[83.52,25.29],[83.54,25.31],[83.53,25.32],[83.57,25.31],[83.59,25.33],[83.64,25.34],[83.65,25.37],[83.66,25.36],[83.69,25.37],[83.69,25.4],[83.7,25.39],[83.73,25.41],[83.76,25.39],[83.81,25.42],[83.8,25.43],[83.82,25.44],[83.83,25.43],[83.84,25.45],[83.81,25.45],[83.81,25.47],[83.85,25.47],[83.87,25.49],[83.87,25.52],[83.89,25.52],[83.92,25.56],[84.01,25.62],[84.08,25.64],[84.07,25.7],[84.09,25.72],[84.16,25.73],[84.2,25.69],[84.2,25.67],[84.29,25.66],[84.32,25.67],[84.32,25.73],[84.34,25.75],[84.35,25.74],[84.38,25.75],[84.4,25.7],[84.46,25.71],[84.46,25.69],[84.49,25.68],[84.52,25.68],[84.54,25.73],[84.53,25.69],[84.55,25.68],[84.56,25.74],[84.63,25.73],[84.6,25.76],[84.61,25.78],[84.62,25.77],[84.62,25.8],[84.56,25.84],[84.53,25.83],[84.54,25.86],[84.53,25.88],[84.51,25.87],[84.49,25.89],[84.47,25.88],[84.42,25.89],[84.41,25.93],[84.35,25.96],[84.29,25.95],[84.24,25.99],[84.21,26.0],[84.19,25.99],[84.17,26.0],[84.17,26.03],[84.09,26.1],[84.05,26.1],[84.05,26.12],[84.02,26.15],[84.03,26.16],[84.0,26.18],[84.02,26.2],[84.01,26.24],[84.08,26.22],[84.09,26.24],[84.11,26.24],[84.11,26.26],[84.15,26.26],[84.16,26.24],[84.18,26.31],[84.17,26.37],[84.12,26.39],[84.07,26.38],[83.99,26.45],[83.98,26.43],[83.9,26.45],[83.9,26.52],[83.97,26.51],[83.97,26.53],[84.05,26.54],[84.05,26.57],[84.08,26.59],[84.08,26.64],[84.1,26.63],[84.15,26.64],[84.17,26.62],[84.18,26.63],[84.26,26.6],[84.29,26.6],[84.3,26.62],[84.31,26.61],[84.41,26.63],[84.4,26.67],[84.32,26.69],[84.3,26.75],[84.25,26.73],[84.23,26.74],[84.22,26.76],[84.25,26.79],[84.24,26.82],[84.25,26.86],[84.23,26.87],[84.18,26.86],[84.17,26.83],[84.13,26.86],[84.14,26.89],[84.1,26.9],[84.09,26.88],[84.05,26.89],[84.05,26.93],[84.02,26.94],[84.05,26.96],[84.05,26.99],[84.03,27.01],[84.04,27.05],[84.02,27.04],[83.99,27.06],[84.02,27.08],[84.02,27.1],[83.94,27.09],[83.95,27.14],[83.99,27.18],[83.95,27.24],[83.9,27.25],[83.9,27.28],[83.93,27.3],[83.92,27.33],[83.86,27.31],[83.83,27.32],[83.91,27.38],[83.88,27.39],[83.87,27.43],[83.93,27.45],[84.0,27.45],[84.03,27.43],[84.06,27.45],[84.07,27.48],[84.1,27.49],[84.1,27.52],[84.15,27.52],[84.15,27.48],[84.21,27.47],[84.21,27.44],[84.23,27.46],[84.26,27.45],[84.3,27.38],[84.31,27.39],[84.35,27.37],[84.37,27.38],[84.62,27.34],[84.69,27.23],[84.69,27.14],[84.67,27.11],[84.68,27.1],[84.65,27.08],[84.64,27.05],[84.65,27.04],[84.75,27.0],[84.77,27.02],[84.79,27.0],[84.83,27.02],[84.86,27.01],[84.85,27.0],[84.89,26.97],[84.97,26.96],[84.98,26.91],[85.0,26.91],[85.01,26.89],[85.06,26.89],[85.04,26.87],[85.03,26.88],[85.03,26.86],[85.05,26.85],[85.06,26.85],[85.07,26.85],[85.09,26.86],[85.09,26.87],[85.2,26.87],[85.18,26.8],[85.21,26.76],[85.34,26.74],[85.41,26.79],[85.46,26.78],[85.55,26.84],[85.56,26.83],[85.57,26.86],[85.6,26.85],[85.64,26.87],[85.64,26.85],[85.74,26.8],[85.73,26.65],[85.81,26.62],[85.82,26.6],[85.85,26.61],[85.86,26.6],[85.85,26.57],[85.89,26.58],[85.93,26.62],[85.95,26.61],[85.96,26.65],[85.98,26.66],[86.0,26.65],[86.03,26.67],[86.14,26.63],[86.14,26.6],[86.18,26.62],[86.2,26.61],[86.2,26.59],[86.21,26.6],[86.24,26.59],[86.25,26.62],[86.29,26.61],[86.35,26.62],[86.34,26.61],[86.39,26.6],[86.4,26.58],[86.46,26.57],[86.5,26.54],[86.54,26.54],[86.58,26.49],[86.62,26.49],[86.64,26.46],[86.7,26.45],[86.74,26.42],[86.77,26.45],[86.76,26.46],[86.82,26.44],[86.9,26.46],[86.89,26.49],[86.93,26.49],[86.94,26.52],[87.02,26.53],[87.05,26.59],[87.07,26.59],[87.09,26.45],[87.16,26.4],[87.27,26.41],[87.27,26.37],[87.32,26.37],[87.34,26.35],[87.36,26.36],[87.37,26.41],[87.46,26.44],[87.5,26.44],[87.61,26.38],[87.65,26.39],[87.65,26.41],[87.68,26.42],[87.68,26.44],[87.72,26.43],[87.73,26.41],[87.74,26.42],[87.77,26.41],[87.79,26.47],[87.85,26.44],[87.89,26.49],[87.91,26.46],[87.9,26.45],[87.93,26.45],[87.92,26.44],[87.93,26.42],[87.99,26.39],[88.0,26.36],[88.03,26.36],[88.03,26.39],[88.1,26.44],[88.11,26.49],[88.09,26.51],[88.11,26.53],[88.15,26.51],[88.18,26.54],[88.23,26.55],[88.23,26.53],[88.18,26.49],[88.19,26.47],[88.23,26.48],[88.22,26.46],[88.27,26.42],[88.23,26.38],[88.27,26.38],[88.29,26.36],[88.28,26.33],[88.26,26.34],[88.21,26.28],[88.14,26.25],[88.14,26.23],[88.11,26.23],[88.09,26.19],[88.07,26.19],[88.06,26.17],[88.04,26.18],[88.01,26.15],[88.02,26.14],[87.98,26.16],[87.97,26.15],[87.98,26.12],[87.95,26.11],[87.97,26.08],[87.92,26.07],[87.91,26.09],[87.84,26.04],[87.82,25.95],[87.83,25.93],[87.81,25.93],[87.8,25.91],[87.82,25.91],[87.82,25.87],[87.86,25.86],[87.87,25.87],[87.91,25.85],[87.9,25.83],[87.89,25.84],[87.91,25.81],[87.9,25.77],[87.94,25.77],[87.94,25.74],[87.96,25.74],[87.96,25.72],[88.01,25.71],[88.01,25.69],[88.05,25.69],[88.04,25.6],[88.02,25.58],[88.04,25.56],[88.03,25.56],[88.04,25.53],[88.07,25.52],[88.07,25.48],[88.05,25.48],[88.01,25.51],[87.99,25.5],[87.96,25.54],[87.92,25.54],[87.9,25.52],[87.91,25.51],[87.88,25.52],[87.86,25.47],[87.83,25.46],[87.81,25.43],[87.79,25.45],[87.77,25.43],[87.76,25.39],[87.77,25.37],[87.79,25.37],[87.78,25.33],[87.86,25.29],[87.85,25.25],[87.82,25.24],[87.84,25.2],[87.79,25.22],[87.78,25.25],[87.72,25.25],[87.68,25.31],[87.63,25.32],[87.6,25.31],[87.58,25.35],[87.54,25.32],[87.54,25.28],[87.5,25.29],[87.49,25.31],[87.48,25.3],[87.5,25.26],[87.47,25.24],[87.47,25.2],[87.42,25.21],[87.4,25.23],[87.37,25.21],[87.32,25.22],[87.32,25.17],[87.29,25.11],[87.3,25.1],[87.27,25.09],[87.25,25.11],[87.21,25.09],[87.14,25.02],[87.16,24.88],[87.13,24.85],[87.11,24.86],[87.08,24.82],[87.1,24.8],[87.08,24.78],[87.09,24.76],[87.07,24.74],[87.08,24.71],[87.05,24.66],[87.05,24.61],[86.93,24.63],[86.9,24.6],[86.91,24.54],[86.88,24.55],[86.88,24.57],[86.85,24.55],[86.84,24.57],[86.8,24.56],[86.81,24.59],[86.78,24.62],[86.75,24.61],[86.75,24.62],[86.74,24.58],[86.67,24.56],[86.62,24.58],[86.6,24.61],[86.58,24.57],[86.55,24.56],[86.56,24.55],[86.55,24.54],[86.52,24.54],[86.48,24.46],[86.49,24.43],[86.46,24.42],[86.47,24.41],[86.46,24.37],[86.42,24.38],[86.35,24.44],[86.3,24.44],[86.3,24.46],[86.28,24.46],[86.31,24.51],[86.3,24.53],[86.31,24.54],[86.3,24.56],[86.32,24.57],[86.31,24.59],[86.31,24.58],[86.29,24.59],[86.28,24.57],[86.22,24.61],[86.22,24.59],[86.17,24.58],[86.13,24.6],[86.12,24.72],[86.09,24.75],[86.04,24.74],[86.05,24.78],[86.01,24.77],[85.97,24.73],[85.94,24.73],[85.86,24.81],[85.82,24.81],[85.81,24.79],[85.77,24.8],[85.76,24.82],[85.73,24.82],[85.73,24.8],[85.7,24.77],[85.7,24.71],[85.68,24.69],[85.65,24.69],[85.67,24.59],[85.62,24.58],[85.6,24.6],[85.57,24.6],[85.57,24.57],[85.54,24.56],[85.52,24.52],[85.5,24.53],[85.5,24.55],[85.46,24.54],[85.41,24.55],[85.32,24.52],[85.28,24.53],[85.28,24.5],[85.25,24.5],[85.22,24.47],[85.16,24.47],[85.15,24.45],[85.17,24.43],[85.09,24.38],[85.07,24.39],[85.08,24.42],[85.07,24.44],[85.06,24.42],[85.03,24.43],[84.99,24.41],[84.95,24.37],[84.9,24.37],[84.88,24.46],[84.85,24.47],[84.83,24.45],[84.83,24.51],[84.8,24.53],[84.78,24.52],[84.78,24.5],[84.74,24.5],[84.72,24.47],[84.68,24.46],[84.66,24.39],[84.57,24.41],[84.57,24.38],[84.52,24.38],[84.53,24.34],[84.5,24.32],[84.49,24.29],[84.45,24.34],[84.42,24.33],[84.42,24.36],[84.39,24.37],[84.4,24.38],[84.33,24.4],[84.32,24.42],[84.33,24.43],[84.29,24.45],[84.29,24.48],[84.33,24.5],[84.29,24.57],[84.27,24.56],[84.26,24.53],[84.23,24.54],[84.24,24.55],[84.21,24.54],[84.19,24.56],[84.17,24.55],[84.18,24.51],[84.16,24.51],[84.15,24.54],[84.14,24.5],[84.12,24.5],[84.11,24.48],[84.05,24.61],[83.99,24.64],[83.93,24.55],[83.87,24.53],[83.79,24.53],[83.72,24.5],[83.68,24.52],[83.59,24.51],[83.5,24.53],[83.49,24.54],[83.52,24.55],[83.53,24.58],[83.52,24.6],[83.54,24.63],[83.5,24.65],[83.51,24.68],[83.5,24.7],[83.48,24.7],[83.48,24.74],[83.45,24.73],[83.41,24.78],[83.39,24.78],[83.4,24.82],[83.35,24.89],[83.36,24.96],[83.34,24.96],[83.35,25.0],[83.32,25.02]],[[84.01,26.44],[84.02,26.44],[84.01,26.45],[84.01,26.44]],[[86.94,24.63],[86.95,24.64],[86.93,24.64],[86.94,24.63]]]}},{"type":"Feature","properties":{"NAME_1":"Chandigarh"},"geometry":{"type":"Polygon","coordinates":[[[76.73,30.7],[76.73,30.71],[76.72,30.71],[76.72,30.73],[76.71,30.73],[76.7,30.75],[76.7,30.74],[76.69,30.74],[76.69,30.76],[76.74,30.78],[76.75,30.8],[76.77,30.8],[76.77,30.79],[76.78,30.79],[76.78,30.77],[76.8,30.79],[76.79,30.77],[76.8,30.76],[76.81,30.77],[76.83,30.76],[76.82,30.73],[76.84,30.71],[76.82,30.7],[76.81,30.68],[76.79,30.67],[76.73,30.7]]]}},{"type":"Feature","properties":{"NAME_1":"Chhattisgarh"},"geometry":{"type":"Polygon","coordinates":[[[80.43,21.01],[80.45,21.03],[80.44,21.06],[80.45,21.17],[80.6,21.22],[80.64,21.25],[80.64,21.28],[80.67,21.29],[80.66,21.34],[80.69,21.38],[80.7,21.43],[80.73,21.46],[80.72,21.49],[80.73,21.54],[80.71,21.55],[80.72,21.56],[80.71,21.68],[80.73,21.75],[80.77,21.76],[80.78,21.74],[80.8,21.74],[80.83,21.79],[80.84,21.88],[80.82,21.89],[80.83,21.9],[80.82,21.91],[80.84,21.94],[80.82,21.96],[80.85,21.96],[80.85,21.99],[80.91,22.12],[80.95,22.12],[80.97,22.05],[81.0,22.06],[81.0,22.1],[80.97,22.12],[81.02,22.13],[81.01,22.18],[81.03,22.2],[81.02,22.23],[81.06,22.25],[81.07,22.24],[81.12,22.3],[81.1,22.43],[81.17,22.49],[81.19,22.49],[81.2,22.47],[81.19,22.46],[81.21,22.45],[81.26,22.47],[81.27,22.5],[81.3,22.48],[81.32,22.49],[81.31,22.52],[81.38,22.51],[81.38,22.46],[81.4,22.44],[81.42,22.45],[81.42,22.48],[81.44,22.47],[81.45,22.5],[81.48,22.49],[81.49,22.52],[81.5,22.53],[81.51,22.52],[81.52,22.54],[81.56,22.53],[81.56,22.55],[81.62,22.54],[81.62,22.56],[81.65,22.57],[81.64,22.61],[81.68,22.65],[81.71,22.65],[81.72,22.68],[81.74,22.67],[81.74,22.65],[81.77,22.67],[81.75,22.72],[81.78,22.76],[81.77,22.79],[81.78,22.8],[81.76,22.83],[81.77,22.87],[81.86,22.89],[81.86,22.92],[81.87,22.91],[81.94,22.96],[81.92,23.06],[81.98,23.09],[82.03,23.08],[82.06,23.12],[82.12,23.1],[82.13,23.13],[82.15,23.14],[82.14,23.23],[82.19,23.28],[82.19,23.33],[82.16,23.33],[82.14,23.36],[82.11,23.35],[82.1,23.4],[82.02,23.38],[82.02,23.42],[82.0,23.41],[81.97,23.42],[81.98,23.43],[81.95,23.47],[81.95,23.5],[81.91,23.54],[81.87,23.51],[81.82,23.51],[81.8,23.55],[81.76,23.55],[81.75,23.57],[81.73,23.57],[81.71,23.53],[81.69,23.52],[81.65,23.53],[81.65,23.5],[81.63,23.49],[81.61,23.5],[81.61,23.55],[81.58,23.55],[81.57,23.59],[81.6,23.6],[81.61,23.66],[81.65,23.66],[81.65,23.68],[81.69,23.72],[81.67,23.74],[81.68,23.75],[81.64,23.77],[81.63,23.84],[81.6,23.84],[81.61,23.91],[81.67,23.92],[81.69,23.88],[81.7,23.89],[81.7,23.86],[81.72,23.86],[81.72,23.84],[81.77,23.81],[81.85,23.82],[81.89,23.84],[81.91,23.87],[81.93,23.87],[81.95,23.85],[82.01,23.86],[82.04,23.84],[82.03,23.84],[82.04,23.82],[82.17,23.82],[82.17,23.84],[82.2,23.85],[82.22,23.81],[82.25,23.82],[82.33,23.8],[82.47,23.81],[82.48,23.79],[82.52,23.78],[82.54,23.79],[82.53,23.81],[82.54,23.83],[82.59,23.82],[82.65,23.86],[82.65,23.91],[82.75,23.92],[82.75,23.94],[82.79,23.96],[82.85,23.95],[82.89,23.9],[82.92,23.9],[82.95,23.87],[83.13,23.89],[83.16,23.92],[83.19,23.92],[83.22,23.98],[83.21,23.99],[83.25,24.02],[83.28,24.02],[83.28,24.06],[83.32,24.11],[83.43,24.08],[83.43,24.05],[83.51,24.03],[83.51,23.97],[83.54,23.93],[83.54,23.9],[83.58,23.88],[83.56,23.86],[83.65,23.85],[83.67,23.82],[83.7,23.82],[83.71,23.77],[83.73,23.76],[83.73,23.7],[83.71,23.68],[83.75,23.65],[83.74,23.64],[83.77,23.62],[83.77,23.6],[83.79,23.6],[83.8,23.58],[83.81,23.59],[83.88,23.57],[83.89,23.58],[83.94,23.56],[83.93,23.61],[83.96,23.63],[84.0,23.63],[84.03,23.57],[84.01,23.5],[83.97,23.46],[83.98,23.43],[83.97,23.36],[84.01,23.35],[84.02,23.38],[84.04,23.38],[84.07,23.33],[84.05,23.25],[84.06,23.2],[84.03,23.17],[84.03,23.14],[84.06,23.11],[84.13,23.09],[84.12,23.03],[84.14,23.01],[84.15,22.96],[84.17,22.97],[84.18,23.02],[84.2,23.02],[84.21,22.98],[84.25,22.97],[84.27,22.99],[84.28,22.96],[84.32,22.98],[84.34,22.97],[84.37,22.98],[84.39,22.94],[84.37,22.9],[84.38,22.87],[84.33,22.86],[84.31,22.8],[84.29,22.79],[84.29,22.76],[84.27,22.77],[84.22,22.73],[84.23,22.68],[84.21,22.66],[84.2,22.67],[84.16,22.65],[84.15,22.63],[84.08,22.64],[84.05,22.59],[84.01,22.58],[84.0,22.56],[84.01,22.52],[83.99,22.53],[83.97,22.51],[84.04,22.47],[84.04,22.43],[84.02,22.42],[84.03,22.42],[84.0,22.37],[83.85,22.34],[83.82,22.32],[83.82,22.29],[83.79,22.29],[83.75,22.24],[83.69,22.25],[83.62,22.2],[83.61,22.16],[83.56,22.1],[83.6,22.07],[83.58,22.05],[83.54,22.06],[83.53,22.04],[83.53,22.02],[83.55,22.01],[83.53,21.98],[83.56,21.94],[83.55,21.93],[83.59,21.93],[83.6,21.91],[83.57,21.88],[83.59,21.85],[83.57,21.83],[83.55,21.84],[83.53,21.83],[83.54,21.79],[83.5,21.81],[83.47,21.79],[83.48,21.73],[83.46,21.69],[83.42,21.68],[83.49,21.63],[83.45,21.61],[83.44,21.65],[83.41,21.64],[83.37,21.6],[83.36,21.57],[83.37,21.55],[83.33,21.5],[83.35,21.44],[83.37,21.44],[83.39,21.4],[83.4,21.35],[83.37,21.34],[83.27,21.38],[83.27,21.35],[83.25,21.33],[83.27,21.27],[83.26,21.28],[83.22,21.27],[83.21,21.18],[83.18,21.13],[83.15,21.13],[83.14,21.11],[83.1,21.1],[83.03,21.12],[83.01,21.15],[82.96,21.16],[82.96,21.18],[82.94,21.16],[82.89,21.15],[82.81,21.16],[82.79,21.14],[82.76,21.16],[82.64,21.15],[82.63,21.14],[82.65,21.1],[82.61,21.07],[82.62,21.04],[82.61,21.01],[82.58,20.99],[82.55,20.93],[82.48,20.9],[82.48,20.85],[82.46,20.84],[82.46,20.82],[82.41,20.83],[82.4,20.86],[82.38,20.87],[82.37,20.86],[82.36,20.88],[82.34,20.87],[82.33,20.84],[82.35,20.73],[82.34,20.7],[82.37,20.66],[82.36,20.65],[82.37,20.62],[82.32,20.55],[82.38,20.51],[82.39,20.45],[82.42,20.47],[82.43,20.44],[82.39,20.34],[82.4,20.32],[82.42,20.32],[82.43,20.29],[82.4,20.24],[82.41,20.18],[82.38,20.16],[82.39,20.06],[82.58,19.99],[82.62,20.0],[82.71,19.99],[82.7,19.89],[82.72,19.87],[82.7,19.83],[82.65,19.83],[82.6,19.77],[82.58,19.77],[82.57,19.83],[82.6,19.86],[82.59,19.87],[82.58,19.86],[82.54,19.88],[82.52,19.87],[82.5,19.88],[82.5,19.9],[82.41,19.9],[82.34,19.83],[82.3,19.88],[82.27,19.96],[82.23,20.0],[82.18,19.98],[82.17,20.0],[82.1,20.02],[82.07,20.05],[82.02,20.01],[82.01,20.05],[81.99,20.05],[81.94,20.1],[81.89,20.04],[81.87,20.05],[81.84,19.96],[81.85,19.91],[81.96,19.85],[81.96,19.82],[81.99,19.79],[82.01,19.8],[82.06,19.78],[82.06,19.75],[82.04,19.74],[82.05,19.6],[82.03,19.59],[82.05,19.54],[82.02,19.5],[82.06,19.5],[82.07,19.52],[82.09,19.51],[82.12,19.42],[82.18,19.42],[82.17,19.37],[82.14,19.37],[82.14,19.35],[82.18,19.33],[82.15,19.27],[82.15,19.22],[82.17,19.18],[82.16,19.11],[82.18,19.13],[82.2,19.12],[82.21,19.08],[82.19,19.06],[82.23,19.01],[82.24,18.91],[82.17,18.9],[82.16,18.79],[82.13,18.76],[82.08,18.76],[82.09,18.75],[82.08,18.71],[82.03,18.72],[81.96,18.69],[81.95,18.63],[81.89,18.65],[81.89,18.62],[81.95,18.59],[81.94,18.57],[81.95,18.56],[81.9,18.56],[81.9,18.53],[81.85,18.51],[81.85,18.49],[81.76,18.41],[81.74,18.34],[81.65,18.34],[81.66,18.31],[81.59,18.3],[81.57,18.27],[81.52,18.25],[81.53,18.24],[81.5,18.18],[81.52,18.16],[81.51,18.09],[81.47,18.03],[81.48,17.97],[81.47,17.95],[81.45,17.95],[81.44,17.92],[81.45,17.9],[81.43,17.87],[81.39,17.89],[81.4,17.84],[81.38,17.83],[81.38,17.8],[81.25,17.81],[81.19,17.85],[81.16,17.85],[81.1,17.82],[81.07,17.78],[81.03,17.79],[81.0,17.84],[81.0,17.9],[80.98,17.92],[80.96,18.02],[80.97,18.04],[80.94,18.08],[80.97,18.17],[80.9,18.13],[80.86,18.13],[80.85,18.17],[80.85,18.2],[80.87,18.2],[80.86,18.23],[80.82,18.23],[80.82,18.19],[80.79,18.16],[80.73,18.17],[80.73,18.22],[80.79,18.25],[80.74,18.3],[80.75,18.31],[80.72,18.36],[80.73,18.41],[80.69,18.42],[80.7,18.44],[80.68,18.44],[80.64,18.48],[80.63,18.5],[80.64,18.51],[80.49,18.63],[80.45,18.63],[80.38,18.59],[80.37,18.6],[80.34,18.59],[80.3,18.69],[80.24,18.75],[80.25,18.77],[80.28,18.76],[80.29,18.79],[80.35,18.81],[80.34,18.86],[80.26,18.94],[80.27,19.0],[80.3,19.03],[80.29,19.05],[80.32,19.06],[80.33,19.1],[80.32,19.14],[80.39,19.19],[80.38,19.24],[80.43,19.25],[80.47,19.33],[80.51,19.34],[80.56,19.4],[80.58,19.38],[80.6,19.31],[80.62,19.3],[80.67,19.33],[80.69,19.31],[80.69,19.28],[80.73,19.28],[80.85,19.36],[80.81,19.38],[80.79,19.43],[80.87,19.44],[80.89,19.46],[80.89,19.51],[80.85,19.52],[80.82,19.57],[80.79,19.56],[80.72,19.61],[80.66,19.61],[80.67,19.69],[80.59,19.73],[80.57,19.76],[80.55,19.76],[80.54,19.82],[80.48,19.83],[80.46,19.81],[80.48,19.8],[80.48,19.77],[80.43,19.8],[80.39,19.79],[80.4,19.82],[80.42,19.81],[80.46,19.82],[80.46,19.84],[80.5,19.87],[80.48,19.9],[80.41,19.9],[80.41,19.94],[80.46,19.95],[80.47,19.93],[80.52,19.93],[80.55,19.99],[80.53,20.0],[80.55,20.07],[80.53,20.09],[80.54,20.11],[80.5,20.14],[80.44,20.13],[80.39,20.14],[80.38,20.16],[80.41,20.19],[80.41,20.21],[80.38,20.24],[80.46,20.27],[80.51,20.27],[80.54,20.29],[80.54,20.31],[80.62,20.33],[80.61,20.37],[80.59,20.38],[80.62,20.61],[80.56,20.61],[80.52,20.58],[80.48,20.61],[80.48,20.64],[80.58,20.68],[80.54,20.79],[80.56,20.82],[80.55,20.9],[80.54,20.93],[80.46,20.93],[80.43,21.01]]]}},{"type":"Feature","properties":{"NAME_1":"Dadra and Nagar Haveli"},"geometry":{"type":"Polygon","coordinates":[[[72.99,20.29],[73.02,20.29],[73.02,20.31],[73.03,20.29],[73.05,20.29],[73.05,20.32],[73.09,20.33],[73.1,20.36],[73.12,20.35],[73.11,20.3],[73.14,20.32],[73.18,20.31],[73.18,20.28],[73.14,20.28],[73.14,20.26],[73.12,20.26],[73.11,20.23],[73.08,20.23],[73.06,20.2],[73.07,20.16],[73.15,20.17],[73.14,20.2],[73.15,20.21],[73.23,20.19],[73.2,20.16],[73.22,20.1],[73.19,20.05],[73.14,20.09],[73.11,20.08],[73.08,20.1],[73.06,20.1],[73.05,20.07],[73.01,20.12],[72.99,20.11],[72.97,20.13],[72.99,20.16],[72.97,20.21],[72.98,20.22],[72.97,20.24],[72.94,20.24],[72.92,20.28],[72.96,20.29],[72.97,20.27],[72.99,20.27],[72.99,20.29]],[[73.01,20.13],[73.02,20.13],[73.01,20.14],[73.01,20.13]]]}},{"type":"Feature","properties":{"NAME_1":"Daman and Diu"},"geometry":{"type":"MultiPolygon","coordinates":[[[[70.68,20.76],[70.68,20.85],[70.7,20.9],[70.72,20.91],[70.74,20.97],[70.73,20.99],[70.75,20.99],[70.77,20.96],[70.85,20.97],[70.89,20.95],[70.9,20.88],[70.82,20.86],[70.84,20.85],[70.84,20.83],[70.88,20.84],[70.9,20.82],[70.89,20.79],[70.87,20.8],[70.86,20.79],[70.87,20.76],[70.84,20.76],[70.84,20.73],[70.85,20.72],[70.87,20.73],[70.87,20.71],[70.84,20.71],[70.84,20.69],[70.82,20.69],[70.83,20.7],[70.82,20.72],[70.81,20.7],[70.78,20.72],[70.73,20.72],[70.68,20.76]]],[[[70.89,20.71],[70.93,20.74],[71.0,20.72],[70.98,20.7],[70.89,20.71]]],[[[72.84,20.45],[72.85,20.41],[72.83,20.37],[72.82,20.37],[72.84,20.45]]]]}},{"type":"Feature","properties":{"NAME_1":"Delhi"},"geometry":{"type":"Polygon","coordinates":[[[77.22,28.84],[77.21,28.81],[77.19,28.82],[77.19,28.8],[77.25,28.76],[77.28,28.73],[77.28,28.71],[77.32,28.72],[77.33,28.69],[77.31,28.64],[77.34,28.61],[77.29,28.58],[77.3,28.55],[77.34,28.52],[77.33,28.5],[77.31,28.49],[77.27,28.5],[77.23,28.48],[77.24,28.43],[77.21,28.41],[77.17,28.41],[77.11,28.45],[77.1,28.47],[77.11,28.49],[77.09,28.51],[77.06,28.51],[77.01,28.54],[77.0,28.54],[77.01,28.51],[76.97,28.53],[76.94,28.51],[76.87,28.51],[76.88,28.53],[76.83,28.58],[76.86,28.6],[76.88,28.64],[76.93,28.63],[76.92,28.67],[76.95,28.68],[76.94,28.82],[76.98,28.84],[77.03,28.84],[77.07,28.88],[77.13,28.87],[77.14,28.86],[77.13,28.84],[77.19,28.87],[77.22,28.84]]]}},{"type":"Feature","properties":{"NAME_1":"Goa"},"geometry":{"type":"Polygon","coordinates":[[[73.73,15.62],[73.71,15.68],[73.68,15.73],[73.79,15.72],[73.84,15.75],[73.87,15.8],[73.89,15.77],[73.88,15.75],[73.95,15.74],[73.98,15.66],[73.97,15.64],[74.0,15.61],[74.03,15.6],[74.04,15.62],[74.07,15.62],[74.12,15.65],[74.17,15.65],[74.18,15.68],[74.2,15.68],[74.19,15.67],[74.21,15.65],[74.25,15.67],[74.26,15.65],[74.25,15.62],[74.27,15.62],[74.27,15.59],[74.25,15.57],[74.29,15.53],[74.26,15.5],[74.28,15.45],[74.28,15.39],[74.33,15.37],[74.32,15.33],[74.34,15.29],[74.3,15.29],[74.26,15.26],[74.26,15.24],[74.3,15.23],[74.32,15.2],[74.28,15.1],[74.3,15.04],[74.26,14.99],[74.27,14.97],[74.24,14.96],[74.21,14.92],[74.19,14.95],[74.17,14.95],[74.18,14.91],[74.05,14.91],[74.05,14.97],[74.03,15.01],[73.99,15.02],[73.99,15.05],[73.97,15.05],[73.97,15.07],[73.92,15.09],[73.92,15.11],[73.94,15.11],[73.95,15.16],[73.9,15.33],[73.88,15.37],[73.84,15.36],[73.81,15.37],[73.81,15.39],[73.79,15.39],[73.79,15.42],[73.81,15.4],[73.89,15.4],[73.9,15.42],[73.86,15.43],[73.86,15.45],[73.8,15.45],[73.81,15.47],[73.8,15.5],[73.76,15.49],[73.77,15.51],[73.73,15.59],[73.75,15.63],[73.73,15.62]]]}},{"type":"Feature","properties":{"NAME_1":"Gujarat"},"geometry":{"type":"MultiPolygon","coordinates":[[[[68.5,23.9],[68.53,23.91],[68.54,23.96],[68.75,23.96],[68.76,24.28],[68.83,24.31],[68.84,24.23],[68.87,24.2],[68.9,24.2],[68.91,24.25],[68.95,24.28],[68.98,24.23],[69.04,24.24],[69.08,24.27],[69.2,24.24],[69.31,24.28],[69.47,24.26],[69.56,24.26],[69.6,24.28],[69.73,24.17],[69.91,24.16],[70.05,24.18],[70.1,24.27],[70.14,24.3],[70.37,24.35],[70.57,24.42],[70.61,24.4],[70.59,24.35],[70.57,24.35],[70.59,24.31],[70.57,24.3],[70.59,24.29],[70.57,24.26],[70.58,24.24],[70.69,24.22],[70.81,24.22],[70.84,24.23],[70.85,24.25],[70.88,24.25],[70.89,24.26],[70.88,24.29],[70.91,24.3],[70.96,24.35],[71.06,24.35],[71.1,24.39],[71.13,24.39],[71.12,24.43],[71.01,24.44],[71.02,24.52],[71.0,24.54],[71.01,24.62],[71.11,24.68],[71.29,24.61],[71.34,24.65],[71.36,24.65],[71.39,24.62],[71.45,24.66],[71.52,24.68],[71.58,24.68],[71.6,24.66],[71.62,24.67],[71.66,24.63],[71.81,24.67],[71.81,24.62],[71.86,24.61],[71.87,24.62],[71.86,24.66],[71.88,24.68],[71.92,24.67],[71.93,24.63],[71.95,24.63],[71.99,24.65],[71.99,24.68],[72.05,24.71],[72.09,24.7],[72.08,24.65],[72.15,24.63],[72.17,24.61],[72.2,24.62],[72.21,24.61],[72.23,24.63],[72.29,24.61],[72.35,24.62],[72.35,24.6],[72.32,24.58],[72.3,24.6],[72.25,24.58],[72.27,24.55],[72.29,24.56],[72.29,24.54],[72.34,24.54],[72.33,24.56],[72.36,24.55],[72.39,24.5],[72.44,24.51],[72.46,24.41],[72.51,24.41],[72.5,24.45],[72.55,24.51],[72.59,24.47],[72.7,24.46],[72.69,24.42],[72.73,24.36],[72.87,24.37],[72.92,24.33],[72.99,24.36],[72.99,24.38],[72.96,24.39],[72.99,24.42],[72.98,24.45],[73.01,24.48],[73.03,24.46],[73.1,24.49],[73.11,24.42],[73.08,24.39],[73.11,24.39],[73.16,24.35],[73.18,24.35],[73.21,24.38],[73.23,24.36],[73.21,24.33],[73.19,24.34],[73.18,24.3],[73.14,24.31],[73.14,24.28],[73.1,24.24],[73.11,24.23],[73.09,24.22],[73.08,24.18],[73.12,24.15],[73.11,24.14],[73.22,24.1],[73.2,24.05],[73.24,24.01],[73.33,24.06],[73.34,24.12],[73.36,24.11],[73.37,24.13],[73.37,24.09],[73.41,24.05],[73.42,23.92],[73.38,23.9],[73.36,23.86],[73.37,23.84],[73.36,23.79],[73.38,23.77],[73.42,23.78],[73.48,23.71],[73.51,23.7],[73.5,23.65],[73.51,23.62],[73.53,23.61],[73.58,23.66],[73.66,23.62],[73.64,23.57],[73.64,23.53],[73.66,23.52],[73.66,23.5],[73.64,23.5],[73.63,23.45],[73.65,23.44],[73.7,23.46],[73.72,23.41],[73.76,23.46],[73.78,23.43],[73.83,23.45],[73.87,23.4],[73.89,23.34],[73.94,23.34],[73.94,23.37],[73.97,23.38],[73.99,23.34],[74.05,23.31],[74.04,23.3],[74.1,23.3],[74.14,23.26],[74.14,23.22],[74.12,23.21],[74.13,23.18],[74.15,23.18],[74.18,23.15],[74.2,23.19],[74.23,23.18],[74.25,23.19],[74.27,23.17],[74.29,23.12],[74.28,23.1],[74.32,23.07],[74.37,22.99],[74.34,22.96],[74.36,22.93],[74.39,22.9],[74.41,22.9],[74.42,22.92],[74.46,22.92],[74.47,22.9],[74.48,22.86],[74.47,22.82],[74.44,22.81],[74.43,22.76],[74.4,22.73],[74.38,22.64],[74.26,22.64],[74.26,22.62],[74.23,22.61],[74.23,22.59],[74.19,22.57],[74.2,22.56],[74.16,22.54],[74.16,22.52],[74.13,22.52],[74.12,22.54],[74.08,22.55],[74.04,22.54],[74.03,22.51],[74.04,22.49],[74.06,22.51],[74.09,22.51],[74.08,22.47],[74.11,22.46],[74.1,22.44],[74.12,22.42],[74.14,22.46],[74.16,22.46],[74.16,22.43],[74.19,22.44],[74.18,22.46],[74.2,22.48],[74.21,22.43],[74.25,22.44],[74.29,22.39],[74.26,22.4],[74.25,22.38],[74.23,22.38],[74.23,22.36],[74.21,22.36],[74.2,22.34],[74.19,22.35],[74.2,22.33],[74.19,22.32],[74.13,22.33],[74.12,22.37],[74.07,22.36],[74.08,22.34],[74.06,22.28],[74.09,22.25],[74.07,22.23],[74.12,22.22],[74.13,22.1],[74.15,22.11],[74.18,22.09],[74.14,22.05],[74.15,22.04],[74.1,22.02],[74.1,22.0],[74.15,21.99],[74.14,21.97],[74.15,21.95],[74.06,21.93],[73.94,21.86],[73.82,21.83],[73.81,21.81],[73.84,21.8],[73.83,21.76],[73.9,21.7],[73.9,21.67],[73.85,21.63],[73.84,21.64],[73.79,21.63],[73.82,21.6],[73.86,21.5],[73.88,21.51],[73.89,21.5],[73.91,21.52],[73.94,21.51],[73.96,21.52],[73.96,21.54],[73.97,21.52],[73.99,21.52],[73.98,21.54],[74.06,21.56],[74.19,21.56],[74.2,21.53],[74.23,21.55],[74.27,21.53],[74.29,21.56],[74.31,21.56],[74.31,21.54],[74.34,21.54],[74.33,21.49],[74.27,21.48],[74.26,21.46],[74.22,21.48],[74.22,21.46],[74.18,21.47],[74.16,21.45],[74.14,21.46],[74.1,21.45],[74.07,21.48],[74.05,21.42],[74.01,21.42],[73.98,21.39],[73.96,21.39],[73.95,21.3],[73.89,21.26],[73.83,21.27],[73.84,21.24],[73.82,21.23],[73.82,21.2],[73.84,21.2],[73.82,21.17],[73.79,21.18],[73.78,21.16],[73.74,21.17],[73.75,21.15],[73.74,21.14],[73.67,21.15],[73.64,21.13],[73.64,21.15],[73.61,21.16],[73.61,21.18],[73.59,21.17],[73.59,21.15],[73.6,21.16],[73.63,21.12],[73.69,21.1],[73.71,21.12],[73.74,21.1],[73.75,21.11],[73.74,21.06],[73.78,21.03],[73.77,21.01],[73.81,21.02],[73.81,21.0],[73.91,20.98],[73.92,20.96],[73.9,20.96],[73.9,20.93],[73.93,20.9],[73.93,20.84],[73.95,20.84],[73.94,20.81],[73.95,20.74],[73.92,20.72],[73.88,20.73],[73.86,20.69],[73.82,20.69],[73.83,20.67],[73.85,20.67],[73.85,20.62],[73.78,20.6],[73.75,20.57],[73.69,20.58],[73.68,20.56],[73.63,20.58],[73.64,20.59],[73.61,20.64],[73.56,20.65],[73.54,20.67],[73.5,20.65],[73.49,20.71],[73.45,20.71],[73.46,20.69],[73.44,20.68],[73.44,20.66],[73.41,20.66],[73.4,20.64],[73.45,20.59],[73.48,20.59],[73.48,20.54],[73.5,20.54],[73.47,20.52],[73.48,20.5],[73.45,20.47],[73.43,20.41],[73.39,20.39],[73.39,20.37],[73.41,20.38],[73.43,20.34],[73.44,20.28],[73.42,20.28],[73.43,20.2],[73.39,20.21],[73.37,20.19],[73.31,20.21],[73.29,20.2],[73.29,20.15],[73.26,20.13],[73.23,20.14],[73.23,20.12],[73.2,20.13],[73.2,20.16],[73.23,20.19],[73.18,20.21],[73.14,20.2],[73.15,20.17],[73.13,20.16],[73.1,20.17],[73.07,20.16],[73.07,20.22],[73.11,20.23],[73.12,20.26],[73.14,20.26],[73.14,20.28],[73.18,20.28],[73.17,20.32],[73.11,20.3],[73.12,20.35],[73.1,20.36],[73.09,20.33],[73.05,20.32],[73.05,20.29],[73.03,20.29],[73.02,20.31],[73.02,20.29],[72.99,20.29],[72.99,20.27],[72.97,20.27],[72.96,20.29],[72.92,20.28],[72.94,20.24],[72.97,20.24],[72.98,20.22],[72.97,20.21],[72.87,20.23],[72.87,20.21],[72.83,20.19],[72.83,20.15],[72.8,20.15],[72.81,20.13],[72.75,20.13],[72.74,20.14],[72.75,20.29],[72.77,20.3],[72.77,20.33],[72.81,20.35],[72.85,20.41],[72.84,20.45],[72.89,20.5],[72.9,20.6],[72.85,20.72],[72.85,20.74],[72.87,20.75],[72.85,20.75],[72.86,20.77],[72.84,20.77],[72.82,20.85],[72.79,20.89],[72.79,20.94],[72.77,20.93],[72.75,20.94],[72.72,21.03],[72.72,21.05],[72.76,21.06],[72.7,21.07],[72.7,21.1],[72.67,21.11],[72.67,21.14],[72.66,21.09],[72.63,21.08],[72.62,21.22],[72.64,21.23],[72.6,21.24],[72.59,21.31],[72.61,21.32],[72.62,21.36],[72.64,21.36],[72.62,21.38],[72.66,21.41],[72.66,21.43],[72.68,21.43],[72.65,21.44],[72.65,21.46],[72.69,21.54],[72.67,21.54],[72.64,21.51],[72.64,21.49],[72.62,21.49],[72.63,21.51],[72.6,21.54],[72.62,21.61],[72.68,21.63],[72.71,21.66],[72.75,21.65],[72.81,21.66],[72.77,21.66],[72.75,21.67],[72.75,21.69],[72.59,21.68],[72.57,21.66],[72.54,21.66],[72.52,21.68],[72.52,21.72],[72.54,21.73],[72.55,21.8],[72.57,21.81],[72.57,21.83],[72.52,21.85],[72.5,21.98],[72.55,22.17],[72.59,22.21],[72.65,22.22],[72.7,22.18],[72.76,22.17],[72.81,22.25],[72.87,22.22],[72.9,22.23],[72.91,22.25],[72.86,22.24],[72.86,22.27],[72.83,22.28],[72.79,22.26],[72.77,22.23],[72.73,22.23],[72.68,22.24],[72.66,22.28],[72.6,22.28],[72.57,22.25],[72.55,22.26],[72.54,22.24],[72.53,22.28],[72.52,22.24],[72.48,22.2],[72.49,22.24],[72.46,22.25],[72.44,22.3],[72.39,22.31],[72.41,22.33],[72.4,22.36],[72.4,22.34],[72.37,22.33],[72.38,22.3],[72.42,22.29],[72.41,22.27],[72.42,22.23],[72.41,22.21],[72.38,22.21],[72.39,22.16],[72.37,22.15],[72.37,22.17],[72.35,22.18],[72.36,22.15],[72.34,22.13],[72.32,22.15],[72.32,22.19],[72.3,22.19],[72.32,22.14],[72.31,22.06],[72.3,22.1],[72.27,22.07],[72.23,22.06],[72.22,22.02],[72.23,21.98],[72.21,21.96],[72.26,21.89],[72.26,21.77],[72.28,21.75],[72.27,21.7],[72.31,21.63],[72.26,21.56],[72.27,21.54],[72.23,21.44],[72.12,21.33],[72.11,21.28],[72.08,21.25],[72.09,21.22],[72.11,21.22],[72.1,21.19],[72.06,21.18],[72.03,21.15],[72.01,21.15],[72.02,21.17],[72.01,21.19],[71.98,21.12],[71.93,21.12],[71.89,21.09],[71.81,21.07],[71.8,21.04],[71.76,21.02],[71.65,21.0],[71.64,20.99],[71.65,20.97],[71.61,20.98],[71.61,20.96],[71.58,20.95],[71.51,20.95],[71.51,20.92],[71.49,20.92],[71.47,20.88],[71.38,20.88],[71.37,20.85],[71.32,20.85],[71.21,20.79],[71.15,20.78],[71.15,20.76],[71.13,20.75],[71.08,20.76],[71.07,20.73],[70.9,20.74],[70.9,20.72],[70.87,20.71],[70.88,20.73],[70.86,20.74],[70.85,20.72],[70.84,20.76],[70.87,20.76],[70.86,20.79],[70.87,20.8],[70.89,20.79],[70.9,20.82],[70.88,20.84],[70.84,20.83],[70.84,20.85],[70.82,20.86],[70.9,20.88],[70.89,20.95],[70.85,20.97],[70.77,20.96],[70.75,20.99],[70.73,20.99],[70.74,20.97],[70.72,20.91],[70.7,20.9],[70.68,20.85],[70.68,20.76],[70.66,20.75],[70.64,20.77],[70.58,20.78],[70.5,20.82],[70.49,20.84],[70.42,20.86],[70.39,20.9],[70.36,20.9],[70.35,20.92],[70.31,20.93],[70.24,21.0],[70.18,21.03],[70.13,21.09],[70.11,21.09],[70.11,21.11],[70.09,21.11],[69.97,21.23],[69.97,21.25],[69.82,21.4],[69.82,21.42],[69.73,21.5],[69.72,21.54],[69.68,21.55],[69.63,21.6],[69.62,21.63],[69.56,21.65],[69.48,21.74],[69.46,21.74],[69.38,21.81],[69.38,21.83],[69.34,21.84],[69.3,21.89],[69.28,21.89],[69.16,22.01],[69.16,22.03],[69.14,22.03],[69.14,22.05],[69.02,22.16],[69.02,22.18],[69.0,22.18],[69.0,22.2],[68.95,22.24],[68.96,22.26],[68.94,22.28],[68.94,22.33],[68.96,22.34],[68.97,22.4],[69.07,22.48],[69.08,22.46],[69.04,22.44],[69.05,22.41],[69.09,22.39],[69.1,22.41],[69.15,22.4],[69.19,22.42],[69.2,22.39],[69.18,22.38],[69.19,22.36],[69.17,22.35],[69.16,22.3],[69.21,22.26],[69.25,22.26],[69.29,22.27],[69.29,22.29],[69.32,22.29],[69.34,22.31],[69.33,22.33],[69.44,22.32],[69.45,22.34],[69.48,22.33],[69.49,22.36],[69.52,22.37],[69.52,22.42],[69.55,22.41],[69.56,22.36],[69.58,22.37],[69.61,22.34],[69.62,22.36],[69.66,22.36],[69.66,22.39],[69.7,22.4],[69.69,22.45],[69.73,22.47],[69.74,22.43],[69.77,22.43],[69.79,22.4],[69.81,22.4],[69.83,22.48],[69.84,22.45],[69.88,22.45],[69.89,22.47],[69.91,22.46],[69.92,22.51],[69.95,22.52],[69.94,22.55],[69.96,22.55],[69.96,22.58],[69.99,22.59],[70.03,22.59],[70.02,22.55],[70.17,22.55],[70.21,22.64],[70.23,22.64],[70.25,22.68],[70.24,22.72],[70.26,22.71],[70.26,22.74],[70.28,22.73],[70.3,22.75],[70.31,22.8],[70.34,22.82],[70.34,22.85],[70.37,22.88],[70.37,22.9],[70.42,22.92],[70.44,22.99],[70.48,23.02],[70.49,23.08],[70.43,23.06],[70.4,23.03],[70.39,22.95],[70.36,22.93],[70.27,22.95],[70.25,22.98],[70.22,22.97],[70.22,22.95],[70.17,22.94],[70.12,22.96],[70.12,22.94],[70.14,22.94],[70.12,22.91],[69.96,22.9],[69.92,22.87],[69.84,22.87],[69.82,22.85],[69.79,22.85],[69.78,22.83],[69.75,22.82],[69.75,22.79],[69.72,22.77],[69.72,22.74],[69.69,22.74],[69.67,22.78],[69.66,22.75],[69.65,22.77],[69.58,22.76],[69.55,22.79],[69.49,22.79],[69.47,22.77],[69.41,22.81],[69.34,22.83],[69.19,22.84],[69.13,22.87],[69.12,22.89],[69.08,22.9],[69.07,22.92],[68.95,22.97],[68.91,23.01],[68.83,23.04],[68.82,23.07],[68.8,23.06],[68.78,23.08],[68.75,23.08],[68.72,23.12],[68.64,23.16],[68.62,23.2],[68.58,23.22],[68.59,23.24],[68.61,23.23],[68.66,23.26],[68.63,23.28],[68.65,23.32],[68.6,23.33],[68.59,23.35],[68.55,23.38],[68.56,23.42],[68.53,23.42],[68.53,23.46],[68.51,23.46],[68.52,23.44],[68.5,23.44],[68.5,23.48],[68.49,23.4],[68.46,23.41],[68.46,23.45],[68.44,23.45],[68.44,23.47],[68.46,23.47],[68.46,23.5],[68.5,23.51],[68.5,23.53],[68.48,23.57],[68.47,23.56],[68.48,23.54],[68.45,23.55],[68.43,23.52],[68.43,23.56],[68.45,23.56],[68.46,23.58],[68.44,23.59],[68.44,23.62],[68.48,23.62],[68.56,23.72],[68.6,23.73],[68.6,23.75],[68.62,23.75],[68.65,23.78],[68.66,23.81],[68.74,23.84],[68.73,23.86],[68.59,23.84],[68.54,23.76],[68.52,23.78],[68.52,23.75],[68.5,23.74],[68.48,23.75],[68.48,23.73],[68.46,23.73],[68.44,23.74],[68.44,23.76],[68.46,23.77],[68.45,23.81],[68.48,23.83],[68.55,23.83],[68.57,23.88],[68.63,23.91],[68.61,23.92],[68.61,23.94],[68.59,23.94],[68.57,23.89],[68.55,23.87],[68.53,23.88],[68.53,23.86],[68.49,23.87],[68.5,23.9]],[[73.96,21.39],[73.96,21.4],[73.95,21.4],[73.96,21.39]],[[73.36,20.2],[73.37,20.21],[73.36,20.21],[73.36,20.2]],[[72.85,20.41],[72.86,20.4],[72.87,20.39],[72.87,20.41],[72.85,20.41]],[[72.87,20.39],[72.87,20.38],[72.88,20.38],[72.87,20.39]],[[72.76,21.07],[72.77,21.06],[72.77,21.07],[72.76,21.07]],[[72.64,21.38],[72.65,21.37],[72.65,21.38],[72.64,21.38]],[[72.68,21.46],[72.69,21.44],[72.69,21.46],[72.68,21.46]],[[72.69,21.47],[72.7,21.46],[72.7,21.47],[72.69,21.47]],[[72.72,21.65],[72.71,21.64],[72.72,21.64],[72.72,21.65]],[[72.75,21.64],[72.73,21.65],[72.73,21.64],[72.75,21.64]],[[72.81,21.67],[72.83,21.66],[72.83,21.67],[72.81,21.67]],[[72.91,22.28],[72.92,22.25],[72.92,22.28],[72.91,22.28]],[[72.4,22.36],[72.4,22.38],[72.36,22.38],[72.36,22.37],[72.4,22.36]],[[72.37,22.21],[72.38,22.26],[72.36,22.27],[72.37,22.21]],[[72.37,22.2],[72.36,22.21],[72.36,22.2],[72.37,22.2]],[[72.22,22.0],[72.2,22.01],[72.2,22.0],[72.22,22.0]],[[72.21,21.94],[72.18,21.95],[72.18,21.94],[72.21,21.94]],[[72.17,21.95],[72.18,21.96],[72.17,21.96],[72.17,21.95]],[[72.27,21.72],[72.26,21.76],[72.25,21.76],[72.25,21.73],[72.27,21.72]],[[72.24,21.76],[72.25,21.79],[72.24,21.79],[72.24,21.76]],[[72.09,21.28],[72.1,21.29],[72.09,21.29],[72.09,21.28]],[[72.08,21.29],[72.09,21.3],[72.08,21.3],[72.08,21.29]],[[69.72,21.54],[69.76,21.58],[69.74,21.65],[69.73,21.63],[69.71,21.63],[69.7,21.65],[69.68,21.64],[69.69,21.62],[69.67,21.62],[69.72,21.58],[69.72,21.54]],[[69.65,21.62],[69.67,21.63],[69.65,21.63],[69.65,21.62]],[[69.64,21.63],[69.65,21.64],[69.64,21.64],[69.64,21.63]],[[69.99,22.55],[69.96,22.54],[69.99,22.54],[69.99,22.55]],[[70.21,22.97],[70.22,22.98],[70.21,22.98],[70.21,22.97]],[[70.12,22.96],[70.13,22.97],[70.13,22.99],[70.11,22.98],[70.12,22.96]],[[68.62,23.23],[68.61,23.22],[68.62,23.22],[68.62,23.23]],[[68.62,23.35],[68.63,23.33],[68.63,23.35],[68.62,23.35]],[[68.61,23.35],[68.62,23.36],[68.61,23.36],[68.61,23.35]],[[68.6,23.36],[68.61,23.38],[68.6,23.38],[68.6,23.36]],[[68.57,23.37],[68.59,23.37],[68.59,23.38],[68.57,23.39],[68.57,23.37]],[[68.46,23.46],[68.47,23.45],[68.47,23.46],[68.46,23.46]],[[68.5,23.5],[68.49,23.49],[68.5,23.49],[68.5,23.5]],[[68.51,23.78],[68.52,23.8],[68.51,23.8],[68.51,23.78]],[[68.52,23.81],[68.53,23.8],[68.53,23.81],[68.52,23.81]],[[68.47,23.77],[68.46,23.76],[68.47,23.76],[68.47,23.77]],[[68.64,23.91],[68.65,23.9],[68.65,23.91],[68.64,23.91]],[[68.65,23.92],[68.66,23.91],[68.66,23.92],[68.65,23.92]],[[68.74,23.87],[68.75,23.86],[68.75,23.87],[68.74,23.87]],[[68.75,23.88],[68.76,23.87],[68.76,23.88],[68.75,23.88]],[[70.13,23.01],[70.14,23.0],[70.14,23.01],[70.13,23.01]],[[70.14,23.02],[70.15,23.01],[70.15,23.02],[70.14,23.02]],[[72.15,21.97],[72.16,21.98],[72.15,21.98],[72.15,21.97]],[[69.58,22.33],[69.57,22.32],[69.58,22.32],[69.58,22.33]],[[69.96,22.51],[69.95,22.5],[69.96,22.5],[69.96,22.51]],[[68.48,23.49],[68.47,23.48],[68.48,23.48],[68.48,23.49]],[[68.48,23.61],[68.49,23.58],[68.49,23.61],[68.48,23.61]],[[68.52,23.48],[68.51,23.47],[68.52,23.47],[68.52,23.48]],[[68.67,23.31],[68.69,23.3],[68.69,23.31],[68.67,23.31]],[[68.72,23.31],[68.7,23.3],[68.72,23.3],[68.72,23.31]],[[68.75,23.31],[68.74,23.3],[68.75,23.3],[68.75,23.31]],[[68.75,23.33],[68.76,23.32],[68.76,23.33],[68.75,23.33]],[[72.21,21.8],[72.22,21.81],[72.21,21.81],[72.21,21.8]],[[72.71,21.54],[72.72,21.53],[72.72,21.54],[72.71,21.54]],[[72.73,21.55],[72.74,21.56],[72.73,21.56],[72.73,21.55]],[[72.69,21.16],[72.68,21.15],[72.69,21.15],[72.69,21.16]],[[72.71,21.15],[72.7,21.14],[72.71,21.14],[72.71,21.15]],[[72.71,21.11],[72.7,21.13],[72.7,21.11],[72.71,21.11]]],[[[68.2,23.6],[68.19,23.64],[68.26,23.64],[68.34,23.73],[68.34,23.8],[68.37,23.8],[68.33,23.82],[68.31,23.79],[68.32,23.73],[68.26,23.71],[68.26,23.68],[68.23,23.68],[68.23,23.7],[68.21,23.7],[68.19,23.73],[68.23,23.76],[68.21,23.84],[68.23,23.83],[68.27,23.87],[68.26,23.89],[68.28,23.9],[68.28,23.92],[68.33,23.91],[68.35,23.93],[68.36,23.98],[68.41,23.97],[68.42,23.99],[68.44,23.99],[68.43,23.98],[68.44,23.95],[68.45,23.99],[68.49,23.99],[68.5,23.94],[68.52,23.94],[68.52,23.92],[68.48,23.9],[68.47,23.86],[68.43,23.85],[68.43,23.81],[68.41,23.81],[68.41,23.79],[68.43,23.8],[68.43,23.78],[68.4,23.66],[68.37,23.65],[68.35,23.6],[68.32,23.58],[68.31,23.59],[68.28,23.58],[68.27,23.6],[68.26,23.58],[68.25,23.59],[68.22,23.58],[68.22,23.6],[68.2,23.6]],[[68.38,23.8],[68.37,23.79],[68.38,23.79],[68.38,23.8]],[[68.34,23.83],[68.35,23.82],[68.35,23.83],[68.34,23.83]],[[68.25,23.71],[68.26,23.72],[68.25,23.72],[68.25,23.71]],[[68.43,23.93],[68.42,23.95],[68.42,23.93],[68.43,23.93]],[[68.42,23.92],[68.41,23.93],[68.41,23.92],[68.42,23.92]],[[68.41,23.91],[68.39,23.92],[68.39,23.91],[68.41,23.91]],[[68.42,23.85],[68.44,23.87],[68.42,23.87],[68.42,23.85]],[[68.44,23.88],[68.45,23.87],[68.45,23.88],[68.44,23.88]],[[68.27,23.61],[68.29,23.6],[68.29,23.61],[68.27,23.61]],[[68.22,23.61],[68.23,23.6],[68.23,23.61],[68.22,23.61]],[[68.36,23.9],[68.35,23.91],[68.35,23.9],[68.36,23.9]],[[68.35,23.89],[68.34,23.9],[68.34,23.89],[68.35,23.89]],[[68.36,23.88],[68.35,23.86],[68.36,23.86],[68.36,23.88]],[[68.37,23.86],[68.36,23.85],[68.37,23.85],[68.37,23.86]],[[68.28,23.84],[68.27,23.83],[68.28,23.83],[68.28,23.84]],[[68.35,23.84],[68.34,23.85],[68.34,23.84],[68.35,23.84]],[[68.28,23.79],[68.27,23.8],[68.27,23.79],[68.28,23.79]],[[68.27,23.76],[68.26,23.77],[68.26,23.76],[68.27,23.76]],[[68.27,23.75],[68.26,23.74],[68.27,23.74],[68.27,23.75]],[[68.4,23.87],[68.41,23.88],[68.4,23.88],[68.4,23.87]],[[68.39,23.87],[68.38,23.88],[68.38,23.87],[68.39,23.87]],[[68.42,23.9],[68.43,23.89],[68.43,23.9],[68.42,23.9]],[[68.45,23.94],[68.46,23.93],[68.46,23.94],[68.45,23.94]],[[68.24,23.61],[68.25,23.6],[68.25,23.61],[68.24,23.61]],[[68.41,23.75],[68.4,23.76],[68.4,23.75],[68.41,23.75]]],[[[72.3,22.06],[72.29,21.98],[72.27,21.97],[72.28,21.93],[72.27,21.93],[72.25,21.98],[72.26,22.03],[72.24,22.03],[72.24,22.05],[72.27,22.07],[72.3,22.06]]],[[[68.55,23.27],[68.58,23.29],[68.58,23.32],[68.61,23.31],[68.61,23.27],[68.59,23.27],[68.58,23.25],[68.56,23.25],[68.55,23.27]]],[[[69.63,22.46],[69.66,22.43],[69.64,22.41],[69.59,22.43],[69.59,22.45],[69.63,22.46]]],[[[70.46,23.05],[70.46,23.03],[70.44,23.04],[70.43,23.0],[70.41,22.99],[70.41,23.03],[70.43,23.05],[70.46,23.05]]],[[[69.94,22.52],[69.89,22.51],[69.9,22.55],[69.93,22.55],[69.94,22.52]]],[[[69.32,22.53],[69.35,22.53],[69.36,22.51],[69.32,22.51],[69.32,22.53]]],[[[69.09,22.43],[69.09,22.46],[69.11,22.47],[69.11,22.43],[69.09,22.43]]],[[[68.23,23.85],[68.22,23.87],[68.25,23.88],[68.25,23.86],[68.23,23.85]]]]}},{"type":"Feature","properties":{"NAME_1":"Haryana"},"geometry":{"type":"Polygon","coordinates":[[[75.77,29.82],[75.8,29.81],[75.82,29.82],[75.86,29.75],[75.9,29.76],[75.92,29.73],[75.97,29.73],[76.02,29.76],[76.04,29.75],[76.08,29.79],[76.08,29.81],[76.12,29.8],[76.24,29.86],[76.23,29.89],[76.2,29.88],[76.17,29.92],[76.18,29.95],[76.19,29.94],[76.21,29.95],[76.19,29.97],[76.2,29.97],[76.19,30.02],[76.21,30.02],[76.21,30.06],[76.25,30.1],[76.21,30.12],[76.21,30.15],[76.27,30.11],[76.29,30.12],[76.33,30.11],[76.35,30.13],[76.33,30.15],[76.35,30.15],[76.38,30.12],[76.39,30.13],[76.38,30.15],[76.4,30.16],[76.38,30.18],[76.42,30.2],[76.43,30.18],[76.42,30.15],[76.45,30.14],[76.44,30.12],[76.45,30.1],[76.49,30.1],[76.5,30.08],[76.57,30.1],[76.58,30.08],[76.61,30.08],[76.63,30.1],[76.62,30.17],[76.64,30.21],[76.61,30.21],[76.6,30.22],[76.61,30.23],[76.58,30.26],[76.55,30.23],[76.53,30.23],[76.55,30.24],[76.55,30.26],[76.61,30.27],[76.62,30.29],[76.63,30.28],[76.67,30.31],[76.67,30.33],[76.72,30.33],[76.74,30.36],[76.71,30.37],[76.72,30.38],[76.7,30.39],[76.76,30.44],[76.77,30.42],[76.81,30.41],[76.83,30.43],[76.86,30.41],[76.88,30.39],[76.88,30.36],[76.9,30.36],[76.93,30.39],[76.9,30.41],[76.89,30.44],[76.9,30.46],[76.89,30.49],[76.92,30.5],[76.92,30.52],[76.89,30.54],[76.91,30.56],[76.91,30.61],[76.88,30.64],[76.86,30.64],[76.86,30.67],[76.82,30.66],[76.82,30.7],[76.84,30.71],[76.82,30.74],[76.85,30.79],[76.83,30.8],[76.83,30.83],[76.8,30.84],[76.76,30.89],[76.81,30.93],[76.82,30.89],[76.85,30.87],[76.9,30.9],[76.95,30.81],[76.98,30.8],[77.0,30.82],[76.99,30.77],[77.01,30.76],[77.0,30.76],[77.01,30.74],[77.03,30.74],[77.03,30.76],[77.07,30.75],[77.15,30.69],[77.16,30.6],[77.11,30.56],[77.13,30.54],[77.19,30.53],[77.2,30.48],[77.24,30.49],[77.27,30.46],[77.31,30.45],[77.35,30.46],[77.36,30.44],[77.38,30.45],[77.4,30.42],[77.45,30.47],[77.46,30.45],[77.44,30.42],[77.42,30.42],[77.43,30.4],[77.48,30.42],[77.49,30.41],[77.51,30.45],[77.55,30.39],[77.59,30.38],[77.57,30.35],[77.58,30.33],[77.57,30.31],[77.52,30.28],[77.51,30.24],[77.45,30.17],[77.42,30.17],[77.41,30.15],[77.42,30.13],[77.4,30.12],[77.41,30.1],[77.33,30.06],[77.27,30.05],[77.26,30.0],[77.18,29.91],[77.17,29.82],[77.14,29.78],[77.12,29.78],[77.11,29.75],[77.14,29.72],[77.14,29.7],[77.12,29.69],[77.13,29.66],[77.09,29.62],[77.11,29.55],[77.08,29.53],[77.12,29.5],[77.11,29.46],[77.14,29.45],[77.14,29.43],[77.12,29.42],[77.15,29.39],[77.12,29.38],[77.12,29.34],[77.15,29.35],[77.13,29.27],[77.14,29.13],[77.12,29.1],[77.16,29.08],[77.16,29.05],[77.21,29.01],[77.19,28.95],[77.21,28.94],[77.2,28.92],[77.22,28.9],[77.18,28.89],[77.19,28.87],[77.14,28.84],[77.13,28.87],[77.07,28.88],[77.03,28.84],[76.98,28.84],[76.94,28.82],[76.95,28.68],[76.92,28.67],[76.93,28.63],[76.88,28.64],[76.86,28.6],[76.83,28.58],[76.88,28.53],[76.87,28.51],[76.94,28.51],[76.97,28.53],[77.01,28.51],[77.0,28.54],[77.09,28.51],[77.11,28.49],[77.1,28.48],[77.11,28.45],[77.17,28.41],[77.21,28.41],[77.24,28.43],[77.23,28.48],[77.27,28.5],[77.31,28.49],[77.33,28.51],[77.4,28.47],[77.39,28.46],[77.42,28.46],[77.45,28.42],[77.47,28.42],[77.49,28.35],[77.46,28.34],[77.5,28.31],[77.49,28.28],[77.46,28.28],[77.51,28.25],[77.54,28.25],[77.51,28.2],[77.54,28.18],[77.5,28.16],[77.49,28.14],[77.5,28.12],[77.49,28.1],[77.47,28.1],[77.48,28.04],[77.54,27.99],[77.51,27.98],[77.54,27.97],[77.52,27.93],[77.48,27.94],[77.47,27.89],[77.44,27.88],[77.41,27.9],[77.41,27.86],[77.34,27.86],[77.32,27.83],[77.29,27.83],[77.28,27.81],[77.26,27.82],[77.25,27.79],[77.19,27.82],[77.19,27.8],[77.17,27.78],[77.16,27.79],[77.18,27.81],[77.15,27.82],[77.15,27.79],[77.12,27.78],[77.04,27.82],[77.02,27.78],[77.05,27.76],[77.06,27.77],[77.08,27.74],[77.04,27.73],[77.03,27.75],[77.01,27.75],[76.98,27.72],[76.97,27.66],[76.93,27.68],[76.92,27.66],[76.9,27.66],[76.89,27.68],[76.9,27.69],[76.91,27.7],[76.91,27.71],[76.88,27.73],[76.91,27.81],[76.9,27.83],[76.91,27.84],[76.93,27.83],[76.92,27.88],[76.94,27.92],[76.92,27.92],[76.92,28.01],[76.95,28.07],[76.96,28.15],[76.92,28.16],[76.88,28.19],[76.9,28.21],[76.87,28.21],[76.85,28.23],[76.82,28.21],[76.81,28.22],[76.8,28.19],[76.79,28.2],[76.79,28.16],[76.69,28.12],[76.68,28.1],[76.65,28.1],[76.65,28.01],[76.6,28.01],[76.55,27.97],[76.53,27.97],[76.54,27.99],[76.53,28.05],[76.52,28.04],[76.45,28.05],[76.5,28.06],[76.49,28.08],[76.45,28.09],[76.45,28.11],[76.5,28.11],[76.47,28.14],[76.47,28.16],[76.36,28.14],[76.34,28.18],[76.28,28.18],[76.3,28.15],[76.36,28.13],[76.34,28.11],[76.3,28.11],[76.34,28.07],[76.35,28.08],[76.34,28.03],[76.33,28.02],[76.29,28.03],[76.27,28.07],[76.24,28.07],[76.18,28.06],[76.2,28.02],[76.17,28.02],[76.15,28.0],[76.18,27.97],[76.17,27.91],[76.2,27.9],[76.19,27.86],[76.21,27.86],[76.22,27.84],[76.16,27.81],[76.13,27.83],[76.13,27.85],[76.09,27.87],[76.08,27.85],[75.96,27.86],[75.98,27.91],[75.92,27.93],[75.94,27.95],[75.96,27.94],[75.99,27.98],[75.96,27.99],[75.99,28.0],[75.97,28.04],[76.01,28.04],[76.04,28.07],[76.02,28.09],[75.98,28.05],[75.97,28.06],[75.99,28.07],[75.94,28.09],[75.94,28.11],[75.99,28.13],[76.0,28.16],[76.07,28.17],[76.07,28.2],[76.05,28.2],[76.03,28.24],[76.01,28.24],[76.02,28.28],[75.95,28.32],[75.96,28.34],[75.93,28.35],[75.9,28.39],[75.77,28.41],[75.79,28.44],[75.78,28.46],[75.66,28.52],[75.67,28.53],[75.63,28.55],[75.61,28.61],[75.58,28.62],[75.56,28.61],[75.54,28.65],[75.53,28.75],[75.5,28.79],[75.51,28.84],[75.49,28.86],[75.49,28.9],[75.47,28.93],[75.5,28.94],[75.52,28.98],[75.51,29.02],[75.43,29.02],[75.43,29.06],[75.38,29.07],[75.38,29.11],[75.4,29.13],[75.36,29.14],[75.37,29.17],[75.39,29.17],[75.4,29.19],[75.39,29.22],[75.4,29.26],[75.37,29.26],[75.35,29.25],[75.35,29.23],[75.33,29.23],[75.31,29.24],[75.33,29.28],[75.31,29.29],[75.28,29.28],[75.27,29.25],[75.25,29.26],[75.22,29.23],[75.18,29.27],[75.11,29.23],[75.08,29.23],[75.06,29.24],[75.07,29.25],[75.04,29.29],[74.99,29.27],[74.95,29.28],[74.94,29.3],[74.95,29.33],[74.89,29.39],[74.81,29.4],[74.78,29.36],[74.73,29.35],[74.72,29.37],[74.65,29.37],[74.64,29.33],[74.6,29.33],[74.6,29.36],[74.57,29.39],[74.57,29.41],[74.53,29.42],[74.53,29.47],[74.58,29.46],[74.61,29.52],[74.57,29.56],[74.57,29.61],[74.59,29.64],[74.58,29.65],[74.61,29.75],[74.58,29.77],[74.57,29.75],[74.47,29.74],[74.48,29.82],[74.55,29.86],[74.54,29.89],[74.51,29.9],[74.52,29.95],[74.59,29.91],[74.65,29.9],[74.64,29.92],[74.69,29.97],[74.78,29.97],[74.79,29.99],[74.81,29.99],[74.84,29.96],[74.88,29.97],[74.89,29.94],[74.92,29.95],[74.94,29.9],[74.96,29.9],[74.99,29.86],[75.07,29.88],[75.08,29.92],[75.1,29.9],[75.1,29.87],[75.08,29.85],[75.11,29.83],[75.09,29.81],[75.12,29.81],[75.13,29.78],[75.16,29.78],[75.15,29.8],[75.18,29.84],[75.2,29.83],[75.2,29.8],[75.23,29.76],[75.22,29.73],[75.19,29.73],[75.2,29.69],[75.16,29.67],[75.17,29.63],[75.22,29.61],[75.21,29.58],[75.23,29.56],[75.22,29.55],[75.3,29.57],[75.28,29.61],[75.31,29.63],[75.32,29.67],[75.35,29.66],[75.33,29.69],[75.38,29.71],[75.41,29.78],[75.42,29.77],[75.43,29.78],[75.44,29.81],[75.5,29.78],[75.51,29.76],[75.56,29.77],[75.57,29.74],[75.62,29.75],[75.62,29.77],[75.66,29.78],[75.69,29.75],[75.71,29.81],[75.77,29.82]],[[77.49,28.19],[77.51,28.21],[77.49,28.21],[77.49,28.19]],[[76.07,28.17],[76.06,28.15],[76.09,28.14],[76.09,28.16],[76.07,28.17]]]}},{"type":"Feature","properties":{"NAME_1":"Himachal Pradesh"},"geometry":{"type":"Polygon","coordinates":[[[76.06,31.56],[75.92,31.82],[75.97,31.81],[75.97,31.82],[75.87,31.97],[75.78,31.99],[75.74,32.04],[75.7,32.04],[75.65,32.08],[75.58,32.08],[75.66,32.15],[75.66,32.18],[75.62,32.19],[75.62,32.23],[75.65,32.26],[75.74,32.27],[75.84,32.38],[75.93,32.41],[75.92,32.45],[75.85,32.51],[75.88,32.57],[75.87,32.58],[75.93,32.65],[75.9,32.68],[75.91,32.76],[75.86,32.83],[75.82,32.84],[75.79,32.87],[75.8,32.92],[75.87,32.93],[75.94,32.88],[76.05,32.94],[76.09,32.98],[76.09,33.0],[76.24,33.03],[76.26,33.05],[76.27,33.1],[76.36,33.15],[76.39,33.19],[76.47,33.18],[76.5,33.2],[76.58,33.21],[76.6,33.17],[76.64,33.16],[76.73,33.18],[76.76,33.22],[76.76,33.25],[76.78,33.26],[76.8,33.24],[76.83,33.25],[76.8,33.16],[76.84,33.13],[76.83,33.12],[76.84,33.11],[76.87,33.12],[76.89,33.1],[76.92,33.03],[76.96,33.02],[76.99,32.99],[77.07,32.99],[77.07,32.97],[77.1,32.99],[77.14,32.98],[77.13,32.97],[77.15,32.96],[77.15,32.91],[77.17,32.93],[77.23,32.9],[77.25,32.86],[77.26,32.88],[77.27,32.86],[77.31,32.85],[77.32,32.82],[77.36,32.83],[77.36,32.86],[77.39,32.89],[77.46,32.86],[77.48,32.89],[77.53,32.89],[77.58,32.94],[77.62,32.94],[77.67,32.99],[77.7,32.98],[77.79,32.91],[77.79,32.89],[77.77,32.89],[77.76,32.86],[77.85,32.83],[77.89,32.77],[77.92,32.77],[77.9,32.69],[77.93,32.67],[77.98,32.59],[78.04,32.59],[78.03,32.64],[78.07,32.62],[78.09,32.66],[78.12,32.64],[78.14,32.68],[78.17,32.68],[78.18,32.66],[78.21,32.67],[78.3,32.71],[78.29,32.74],[78.37,32.76],[78.38,32.72],[78.36,32.67],[78.39,32.62],[78.33,32.58],[78.3,32.58],[78.3,32.52],[78.28,32.51],[78.31,32.48],[78.38,32.53],[78.45,32.5],[78.44,32.45],[78.47,32.45],[78.47,32.43],[78.5,32.43],[78.52,32.41],[78.46,32.35],[78.47,32.28],[78.44,32.25],[78.54,32.25],[78.6,32.22],[78.59,32.17],[78.57,32.16],[78.59,32.15],[78.59,32.13],[78.65,32.11],[78.69,32.04],[78.72,32.03],[78.74,32.0],[78.77,32.0],[78.76,31.95],[78.72,31.89],[78.72,31.83],[78.69,31.82],[78.69,31.78],[78.72,31.77],[78.71,31.74],[78.73,31.72],[78.73,31.69],[78.75,31.68],[78.78,31.69],[78.78,31.66],[78.83,31.63],[78.83,31.61],[78.81,31.58],[78.72,31.54],[78.71,31.51],[78.72,31.49],[78.75,31.49],[78.8,31.45],[78.78,31.4],[78.84,31.37],[78.83,31.33],[78.87,31.3],[78.88,31.27],[78.91,31.26],[78.91,31.23],[78.94,31.22],[78.94,31.2],[78.97,31.19],[78.98,31.14],[79.0,31.12],[78.96,31.11],[78.9,31.12],[78.88,31.1],[78.82,31.14],[78.8,31.21],[78.76,31.19],[78.71,31.19],[78.65,31.2],[78.64,31.22],[78.58,31.24],[78.54,31.21],[78.47,31.2],[78.47,31.22],[78.43,31.26],[78.39,31.25],[78.37,31.29],[78.3,31.29],[78.29,31.26],[78.27,31.27],[78.19,31.22],[78.15,31.23],[78.09,31.19],[78.03,31.19],[78.01,31.15],[77.95,31.18],[77.89,31.16],[77.88,31.12],[77.86,31.12],[77.84,31.08],[77.8,31.06],[77.82,31.03],[77.8,30.96],[77.77,30.98],[77.73,30.96],[77.75,30.92],[77.8,30.92],[77.78,30.89],[77.79,30.86],[77.74,30.88],[77.74,30.83],[77.72,30.79],[77.69,30.77],[77.69,30.75],[77.73,30.73],[77.73,30.69],[77.78,30.67],[77.77,30.66],[77.78,30.62],[77.76,30.62],[77.76,30.6],[77.73,30.6],[77.76,30.56],[77.81,30.56],[77.81,30.52],[77.71,30.48],[77.68,30.45],[77.57,30.43],[77.56,30.4],[77.58,30.39],[77.57,30.38],[77.53,30.41],[77.51,30.45],[77.49,30.41],[77.48,30.42],[77.43,30.4],[77.42,30.42],[77.44,30.42],[77.46,30.45],[77.45,30.47],[77.4,30.42],[77.38,30.45],[77.36,30.44],[77.35,30.46],[77.31,30.45],[77.27,30.46],[77.24,30.49],[77.2,30.48],[77.19,30.53],[77.13,30.54],[77.11,30.57],[77.13,30.57],[77.16,30.6],[77.15,30.69],[77.07,30.75],[77.03,30.76],[77.03,30.74],[77.01,30.74],[77.0,30.75],[77.01,30.76],[76.99,30.77],[77.0,30.82],[76.98,30.8],[76.95,30.81],[76.9,30.9],[76.85,30.87],[76.82,30.89],[76.81,30.93],[76.77,30.91],[76.7,30.97],[76.66,30.97],[76.61,31.0],[76.6,31.08],[76.63,31.11],[76.59,31.13],[76.59,31.18],[76.62,31.21],[76.64,31.21],[76.62,31.22],[76.63,31.23],[76.58,31.22],[76.58,31.24],[76.6,31.25],[76.57,31.28],[76.55,31.26],[76.51,31.26],[76.52,31.28],[76.49,31.27],[76.47,31.31],[76.45,31.3],[76.38,31.39],[76.39,31.4],[76.36,31.44],[76.36,31.42],[76.32,31.4],[76.34,31.35],[76.3,31.34],[76.3,31.32],[76.19,31.3],[76.17,31.31],[76.17,31.34],[76.14,31.35],[76.13,31.38],[76.16,31.4],[76.15,31.43],[76.12,31.45],[76.11,31.5],[76.09,31.51],[76.08,31.55],[76.06,31.56]],[[76.53,31.27],[76.54,31.28],[76.53,31.28],[76.53,31.27]]]}},{"type":"Feature","properties":{"NAME_1":"Jammu and Kashmir"},"geometry":{"type":"Polygon","coordinates":[[[77.25,32.86],[77.23,32.9],[77.17,32.93],[77.15,32.91],[77.15,32.96],[77.13,32.97],[77.14,32.98],[77.1,32.99],[77.07,32.97],[77.07,32.99],[76.99,32.99],[76.96,33.02],[76.92,33.03],[76.89,33.1],[76.87,33.12],[76.84,33.11],[76.83,33.12],[76.84,33.13],[76.8,33.16],[76.83,33.25],[76.8,33.24],[76.78,33.26],[76.76,33.25],[76.76,33.22],[76.73,33.18],[76.64,33.16],[76.6,33.17],[76.58,33.21],[76.5,33.2],[76.47,33.18],[76.39,33.19],[76.36,33.15],[76.27,33.1],[76.26,33.05],[76.24,33.03],[76.11,33.01],[76.05,32.94],[75.94,32.88],[75.9,32.92],[75.81,32.93],[75.79,32.87],[75.89,32.8],[75.91,32.76],[75.9,32.68],[75.93,32.65],[75.82,32.5],[75.79,32.48],[75.75,32.48],[75.72,32.42],[75.53,32.35],[75.51,32.28],[75.49,32.28],[75.47,32.34],[75.41,32.32],[75.31,32.34],[75.24,32.4],[75.2,32.4],[75.18,32.43],[75.14,32.41],[75.1,32.47],[75.04,32.49],[75.02,32.49],[74.99,32.45],[74.89,32.47],[74.88,32.49],[74.84,32.5],[74.8,32.48],[74.7,32.48],[74.64,32.6],[74.68,32.66],[74.65,32.69],[74.65,32.72],[74.7,32.84],[74.64,32.82],[74.64,32.79],[74.61,32.76],[74.53,32.74],[74.46,32.79],[74.45,32.83],[74.43,32.84],[74.43,32.89],[74.41,32.91],[74.32,32.92],[74.32,32.94],[74.35,32.97],[74.34,33.03],[74.25,33.05],[74.21,33.04],[74.16,33.13],[74.06,33.19],[74.01,33.2],[74.02,33.26],[74.09,33.26],[74.17,33.34],[74.19,33.38],[74.19,33.47],[74.1,33.57],[74.03,33.57],[73.96,33.72],[74.05,33.81],[74.21,33.86],[74.26,33.92],[74.26,33.97],[74.24,34.03],[74.15,34.04],[74.12,34.06],[74.1,34.04],[74.01,34.02],[73.9,34.03],[73.88,34.05],[73.9,34.12],[73.98,34.21],[73.98,34.26],[73.9,34.36],[73.84,34.34],[73.81,34.36],[73.77,34.35],[73.76,34.37],[73.78,34.42],[73.9,34.5],[73.89,34.51],[73.9,34.55],[73.95,34.57],[73.93,34.65],[73.96,34.7],[74.01,34.71],[74.05,34.68],[74.14,34.69],[74.2,34.74],[74.29,34.77],[74.3,34.8],[74.49,34.79],[74.51,34.77],[74.58,34.77],[74.67,34.7],[74.76,34.68],[74.93,34.68],[75.02,34.64],[75.08,34.66],[75.25,34.65],[75.27,34.64],[75.26,34.61],[75.38,34.55],[75.77,34.52],[75.82,34.56],[75.92,34.6],[75.95,34.63],[75.99,34.63],[76.06,34.68],[76.13,34.64],[76.16,34.64],[76.28,34.69],[76.32,34.73],[76.44,34.76],[76.47,34.79],[76.56,34.76],[76.69,34.76],[76.74,34.83],[76.75,34.93],[76.83,34.94],[76.86,34.97],[76.95,34.94],[77.0,34.94],[77.01,35.04],[77.07,35.02],[77.16,35.05],[77.28,35.14],[77.59,35.32],[77.82,35.5],[77.85,35.5],[77.88,35.43],[77.92,35.43],[77.96,35.48],[77.99,35.49],[78.09,35.49],[78.11,35.48],[78.11,35.46],[78.02,35.42],[77.99,35.38],[77.99,35.34],[78.04,35.2],[78.13,35.13],[78.08,35.08],[78.18,34.9],[78.22,34.73],[78.27,34.67],[78.4,34.65],[78.41,34.61],[78.43,34.6],[78.57,34.61],[78.66,34.53],[78.73,34.5],[78.82,34.41],[78.92,34.38],[78.99,34.32],[78.98,34.24],[78.94,34.2],[78.71,34.08],[78.71,34.05],[78.77,34.03],[78.77,34.01],[78.71,33.96],[78.72,33.95],[78.71,33.92],[78.74,33.84],[78.78,33.8],[78.78,33.75],[78.71,33.68],[78.71,33.65],[78.82,33.48],[79.03,33.31],[79.07,33.3],[79.07,33.23],[79.18,33.19],[79.4,33.19],[79.42,33.17],[79.35,33.03],[79.35,32.98],[79.4,32.92],[79.46,32.88],[79.47,32.8],[79.52,32.78],[79.55,32.74],[79.56,32.63],[79.52,32.59],[79.45,32.59],[79.36,32.54],[79.32,32.49],[79.3,32.49],[79.27,32.52],[79.22,32.52],[79.12,32.46],[79.1,32.37],[79.06,32.39],[78.97,32.34],[78.92,32.36],[78.87,32.42],[78.82,32.44],[78.78,32.48],[78.76,32.56],[78.78,32.62],[78.75,32.7],[78.66,32.66],[78.63,32.61],[78.53,32.61],[78.49,32.57],[78.45,32.58],[78.41,32.56],[78.41,32.52],[78.38,32.53],[78.31,32.48],[78.28,32.51],[78.3,32.52],[78.3,32.58],[78.33,32.58],[78.39,32.62],[78.36,32.67],[78.38,32.72],[78.37,32.76],[78.29,32.74],[78.3,32.71],[78.21,32.67],[78.18,32.66],[78.17,32.68],[78.14,32.68],[78.12,32.64],[78.09,32.66],[78.07,32.62],[78.03,32.64],[78.04,32.59],[77.98,32.59],[77.93,32.67],[77.9,32.69],[77.92,32.77],[77.89,32.77],[77.85,32.83],[77.76,32.86],[77.77,32.89],[77.79,32.89],[77.79,32.91],[77.7,32.98],[77.67,32.99],[77.62,32.94],[77.58,32.94],[77.53,32.89],[77.48,32.89],[77.46,32.86],[77.39,32.89],[77.36,32.86],[77.35,32.82],[77.32,32.82],[77.31,32.85],[77.27,32.86],[77.26,32.88],[77.25,32.86]]]}},{"type":"Feature","properties":{"NAME_1":"Jharkhand"},"geometry":{"type":"Polygon","coordinates":[[[84.06,22.51],[84.0,22.53],[84.01,22.58],[84.05,22.59],[84.08,22.64],[84.15,22.63],[84.16,22.65],[84.2,22.67],[84.21,22.66],[84.23,22.68],[84.22,22.73],[84.27,22.77],[84.29,22.76],[84.29,22.79],[84.31,22.8],[84.33,22.86],[84.38,22.87],[84.37,22.9],[84.39,22.94],[84.37,22.98],[84.36,22.97],[84.32,22.98],[84.29,22.96],[84.27,22.97],[84.27,22.99],[84.25,22.97],[84.21,22.98],[84.2,23.02],[84.17,23.01],[84.17,22.97],[84.15,22.96],[84.14,23.01],[84.12,23.03],[84.13,23.09],[84.06,23.11],[84.03,23.14],[84.03,23.17],[84.06,23.2],[84.05,23.25],[84.07,23.33],[84.04,23.38],[84.02,23.38],[84.01,23.35],[83.97,23.36],[83.98,23.41],[83.97,23.46],[84.01,23.5],[84.03,23.57],[84.0,23.63],[83.96,23.63],[83.93,23.61],[83.94,23.56],[83.89,23.58],[83.88,23.57],[83.81,23.59],[83.8,23.58],[83.79,23.6],[83.77,23.6],[83.77,23.62],[83.74,23.64],[83.75,23.65],[83.71,23.68],[83.73,23.7],[83.73,23.76],[83.71,23.77],[83.7,23.82],[83.67,23.82],[83.65,23.85],[83.56,23.86],[83.58,23.88],[83.54,23.9],[83.54,23.93],[83.51,23.97],[83.51,24.03],[83.43,24.05],[83.43,24.08],[83.4,24.08],[83.38,24.1],[83.32,24.1],[83.34,24.11],[83.37,24.17],[83.38,24.24],[83.4,24.27],[83.38,24.32],[83.45,24.36],[83.43,24.41],[83.4,24.41],[83.4,24.44],[83.38,24.46],[83.4,24.51],[83.54,24.53],[83.59,24.51],[83.68,24.52],[83.72,24.5],[83.79,24.53],[83.87,24.53],[83.93,24.55],[84.0,24.64],[84.05,24.61],[84.11,24.48],[84.12,24.5],[84.14,24.5],[84.15,24.54],[84.16,24.51],[84.18,24.51],[84.17,24.55],[84.19,24.56],[84.21,24.54],[84.24,24.55],[84.23,24.54],[84.26,24.53],[84.27,24.56],[84.29,24.57],[84.33,24.5],[84.29,24.48],[84.29,24.45],[84.33,24.43],[84.32,24.43],[84.33,24.4],[84.4,24.38],[84.39,24.37],[84.42,24.36],[84.42,24.33],[84.45,24.34],[84.5,24.29],[84.5,24.32],[84.53,24.34],[84.52,24.38],[84.57,24.38],[84.57,24.41],[84.66,24.39],[84.68,24.46],[84.72,24.47],[84.74,24.5],[84.78,24.5],[84.78,24.52],[84.8,24.53],[84.83,24.51],[84.83,24.45],[84.85,24.47],[84.88,24.46],[84.9,24.37],[84.95,24.37],[84.99,24.41],[85.03,24.43],[85.06,24.42],[85.07,24.44],[85.08,24.44],[85.07,24.39],[85.09,24.38],[85.17,24.43],[85.15,24.45],[85.16,24.47],[85.22,24.47],[85.25,24.5],[85.28,24.5],[85.28,24.53],[85.32,24.52],[85.41,24.55],[85.43,24.54],[85.5,24.55],[85.5,24.53],[85.52,24.52],[85.54,24.56],[85.57,24.57],[85.57,24.6],[85.6,24.6],[85.62,24.58],[85.67,24.59],[85.65,24.69],[85.68,24.69],[85.7,24.71],[85.7,24.77],[85.73,24.8],[85.73,24.82],[85.76,24.82],[85.77,24.8],[85.81,24.79],[85.82,24.81],[85.88,24.8],[85.9,24.76],[85.94,24.73],[85.97,24.73],[86.01,24.77],[86.05,24.78],[86.04,24.74],[86.09,24.75],[86.12,24.72],[86.13,24.6],[86.17,24.58],[86.22,24.59],[86.22,24.61],[86.28,24.57],[86.29,24.59],[86.3,24.58],[86.31,24.59],[86.32,24.57],[86.3,24.56],[86.31,24.51],[86.28,24.46],[86.3,24.46],[86.3,24.44],[86.35,24.44],[86.42,24.38],[86.46,24.37],[86.47,24.39],[86.46,24.42],[86.49,24.43],[86.48,24.46],[86.52,24.54],[86.55,24.54],[86.56,24.55],[86.55,24.56],[86.58,24.57],[86.6,24.61],[86.62,24.58],[86.67,24.56],[86.74,24.58],[86.75,24.62],[86.75,24.61],[86.78,24.62],[86.81,24.59],[86.8,24.56],[86.84,24.57],[86.85,24.55],[86.88,24.57],[86.88,24.55],[86.9,24.54],[86.9,24.6],[86.93,24.63],[87.05,24.61],[87.05,24.66],[87.08,24.71],[87.07,24.74],[87.09,24.76],[87.08,24.78],[87.1,24.8],[87.08,24.82],[87.11,24.86],[87.13,24.85],[87.16,24.88],[87.14,25.02],[87.21,25.09],[87.25,25.11],[87.27,25.09],[87.3,25.1],[87.29,25.11],[87.32,25.17],[87.32,25.22],[87.37,25.21],[87.4,25.23],[87.42,25.21],[87.47,25.2],[87.47,25.24],[87.5,25.26],[87.48,25.3],[87.49,25.31],[87.5,25.29],[87.54,25.28],[87.54,25.32],[87.58,25.35],[87.6,25.31],[87.61,25.32],[87.68,25.31],[87.72,25.25],[87.79,25.24],[87.77,25.1],[87.88,25.03],[87.91,24.98],[87.97,24.93],[87.97,24.88],[87.89,24.85],[87.9,24.82],[87.87,24.82],[87.87,24.77],[87.85,24.76],[87.82,24.77],[87.81,24.75],[87.85,24.73],[87.88,24.74],[87.9,24.72],[87.89,24.67],[87.91,24.66],[87.91,24.63],[87.88,24.63],[87.91,24.61],[87.91,24.58],[87.89,24.58],[87.89,24.56],[87.86,24.55],[87.82,24.56],[87.81,24.58],[87.77,24.58],[87.81,24.55],[87.8,24.51],[87.82,24.45],[87.79,24.44],[87.78,24.41],[87.81,24.42],[87.81,24.4],[87.79,24.4],[87.8,24.38],[87.76,24.34],[87.76,24.3],[87.71,24.29],[87.71,24.27],[87.67,24.24],[87.64,24.25],[87.64,24.21],[87.67,24.21],[87.7,24.18],[87.69,24.15],[87.57,24.16],[87.6,24.14],[87.6,24.12],[87.57,24.11],[87.56,24.08],[87.5,24.11],[87.49,24.05],[87.51,24.05],[87.51,24.03],[87.48,24.01],[87.44,24.01],[87.46,23.98],[87.37,24.01],[87.35,24.01],[87.34,23.99],[87.32,24.0],[87.32,24.02],[87.34,24.02],[87.33,24.03],[87.23,24.04],[87.24,24.0],[87.27,23.99],[87.26,23.96],[87.29,23.96],[87.29,23.88],[87.26,23.87],[87.26,23.91],[87.24,23.9],[87.26,23.84],[87.24,23.82],[87.22,23.83],[87.24,23.85],[87.23,23.86],[87.18,23.85],[87.13,23.87],[87.13,23.85],[87.17,23.82],[87.15,23.79],[87.11,23.81],[87.06,23.81],[86.97,23.87],[86.94,23.84],[86.91,23.88],[86.88,23.87],[86.89,23.82],[86.87,23.84],[86.83,23.81],[86.79,23.83],[86.82,23.78],[86.82,23.74],[86.8,23.74],[86.79,23.71],[86.8,23.69],[86.74,23.68],[86.71,23.7],[86.59,23.67],[86.54,23.63],[86.48,23.64],[86.44,23.63],[86.44,23.61],[86.36,23.56],[86.37,23.52],[86.35,23.5],[86.37,23.48],[86.34,23.45],[86.33,23.46],[86.31,23.45],[86.3,23.42],[86.28,23.44],[86.25,23.44],[86.24,23.42],[86.22,23.44],[86.24,23.47],[86.19,23.46],[86.18,23.48],[86.15,23.48],[86.15,23.47],[86.14,23.48],[86.16,23.5],[86.14,23.53],[86.15,23.57],[86.07,23.58],[86.01,23.56],[86.03,23.5],[86.05,23.49],[85.99,23.48],[85.94,23.45],[85.89,23.48],[85.87,23.48],[85.86,23.46],[85.86,23.41],[85.88,23.41],[85.88,23.38],[85.9,23.37],[85.87,23.36],[85.88,23.32],[85.83,23.28],[85.83,23.19],[85.86,23.19],[85.91,23.13],[86.03,23.15],[86.05,23.13],[86.04,23.11],[86.13,23.09],[86.14,23.08],[86.13,23.06],[86.15,23.06],[86.15,23.04],[86.18,23.01],[86.2,23.02],[86.21,22.99],[86.25,23.0],[86.25,22.99],[86.27,23.01],[86.33,22.99],[86.36,23.0],[86.39,22.97],[86.41,22.99],[86.5,22.99],[86.51,22.97],[86.54,22.99],[86.54,22.96],[86.52,22.94],[86.5,22.95],[86.48,22.93],[86.47,22.95],[86.43,22.92],[86.46,22.9],[86.45,22.86],[86.43,22.86],[86.41,22.79],[86.42,22.77],[86.47,22.75],[86.48,22.72],[86.5,22.72],[86.51,22.7],[86.51,22.72],[86.55,22.72],[86.57,22.69],[86.6,22.69],[86.64,22.66],[86.63,22.6],[86.66,22.57],[86.71,22.58],[86.76,22.57],[86.76,22.55],[86.78,22.55],[86.8,22.48],[86.79,22.47],[86.75,22.48],[86.76,22.42],[86.81,22.42],[86.84,22.4],[86.83,22.32],[86.89,22.3],[86.89,22.25],[86.81,22.26],[86.8,22.21],[86.79,22.23],[86.78,22.23],[86.77,22.23],[86.78,22.21],[86.73,22.21],[86.67,22.22],[86.67,22.24],[86.65,22.23],[86.65,22.26],[86.62,22.28],[86.59,22.27],[86.58,22.3],[86.57,22.29],[86.52,22.3],[86.53,22.31],[86.5,22.34],[86.46,22.32],[86.44,22.33],[86.43,22.3],[86.32,22.38],[86.28,22.45],[86.24,22.44],[86.17,22.48],[86.11,22.48],[86.08,22.53],[86.04,22.56],[86.02,22.54],[86.03,22.53],[85.98,22.51],[85.95,22.46],[85.99,22.42],[86.01,22.43],[86.02,22.36],[85.99,22.34],[86.02,22.33],[86.02,22.3],[85.97,22.24],[86.03,22.19],[85.99,22.13],[86.0,22.11],[85.98,22.07],[85.94,22.02],[85.92,22.02],[85.9,21.97],[85.89,21.98],[85.82,21.97],[85.76,21.99],[85.79,22.08],[85.83,22.08],[85.8,22.11],[85.73,22.06],[85.67,22.05],[85.65,22.09],[85.59,22.07],[85.41,22.16],[85.39,22.15],[85.37,22.16],[85.36,22.12],[85.35,22.13],[85.3,22.11],[85.27,22.08],[85.24,22.01],[85.22,22.0],[85.21,22.04],[85.18,22.05],[85.18,22.07],[85.17,22.07],[85.16,22.07],[85.11,22.07],[85.1,22.1],[85.04,22.11],[85.01,22.08],[84.98,22.08],[85.03,22.12],[85.03,22.16],[85.05,22.17],[85.07,22.23],[85.07,22.27],[85.11,22.29],[85.11,22.32],[85.09,22.31],[85.09,22.34],[85.07,22.35],[85.08,22.41],[85.06,22.42],[85.06,22.48],[85.03,22.48],[84.96,22.44],[84.94,22.45],[84.92,22.42],[84.88,22.42],[84.88,22.44],[84.81,22.43],[84.81,22.45],[84.75,22.44],[84.74,22.41],[84.73,22.42],[84.66,22.41],[84.63,22.43],[84.52,22.41],[84.5,22.42],[84.47,22.4],[84.48,22.38],[84.45,22.38],[84.43,22.35],[84.29,22.34],[84.25,22.37],[84.19,22.37],[84.14,22.42],[84.13,22.45],[84.14,22.47],[84.11,22.47],[84.06,22.51]],[[87.83,24.77],[87.84,24.78],[87.84,24.79],[87.83,24.79],[87.83,24.77]],[[87.49,24.11],[87.5,24.12],[87.49,24.12],[87.49,24.11]],[[86.21,22.46],[86.22,22.46],[86.22,22.47],[86.21,22.46]],[[87.87,24.61],[87.88,24.62],[87.87,24.62],[87.87,24.61]],[[87.8,24.49],[87.79,24.5],[87.79,24.49],[87.8,24.49]],[[86.8,22.23],[86.8,22.26],[86.79,22.26],[86.8,22.23]]]}},{"type":"Feature","properties":{"NAME_1":"Karnataka"},"geometry":{"type":"MultiPolygon","coordinates":[[[[74.09,14.8],[74.13,14.81],[74.1,14.87],[74.11,14.91],[74.18,14.91],[74.17,14.95],[74.19,14.95],[74.21,14.92],[74.24,14.96],[74.27,14.97],[74.26,14.99],[74.3,15.04],[74.28,15.09],[74.29,15.15],[74.31,15.16],[74.32,15.2],[74.3,15.23],[74.26,15.24],[74.26,15.26],[74.3,15.29],[74.34,15.29],[74.32,15.33],[74.33,15.37],[74.28,15.39],[74.28,15.45],[74.26,15.5],[74.29,15.53],[74.25,15.57],[74.27,15.59],[74.27,15.62],[74.25,15.62],[74.26,15.63],[74.25,15.67],[74.22,15.66],[74.23,15.65],[74.21,15.65],[74.19,15.67],[74.2,15.68],[74.18,15.68],[74.17,15.65],[74.12,15.65],[74.1,15.67],[74.13,15.67],[74.14,15.69],[74.13,15.72],[74.17,15.75],[74.2,15.75],[74.23,15.79],[74.24,15.74],[74.29,15.74],[74.37,15.78],[74.37,15.83],[74.41,15.85],[74.39,15.9],[74.44,15.95],[74.45,16.01],[74.47,16.03],[74.47,16.05],[74.44,16.06],[74.4,16.04],[74.38,16.04],[74.37,16.06],[74.43,16.11],[74.49,16.09],[74.5,16.1],[74.49,16.16],[74.51,16.19],[74.5,16.24],[74.48,16.25],[74.46,16.24],[74.42,16.26],[74.42,16.28],[74.35,16.29],[74.33,16.31],[74.32,16.33],[74.33,16.38],[74.35,16.39],[74.36,16.36],[74.37,16.4],[74.34,16.4],[74.34,16.45],[74.31,16.45],[74.29,16.47],[74.3,16.5],[74.27,16.54],[74.31,16.53],[74.31,16.5],[74.32,16.55],[74.36,16.55],[74.39,16.53],[74.4,16.58],[74.47,16.6],[74.46,16.63],[74.47,16.66],[74.49,16.63],[74.55,16.63],[74.57,16.55],[74.64,16.58],[74.64,16.61],[74.69,16.6],[74.69,16.62],[74.66,16.64],[74.7,16.67],[74.69,16.68],[74.7,16.72],[74.75,16.72],[74.78,16.75],[74.85,16.77],[74.92,16.77],[74.91,16.86],[74.96,16.88],[74.97,16.91],[74.94,16.91],[74.93,16.94],[74.99,16.93],[75.0,16.95],[75.05,16.93],[75.09,16.95],[75.09,16.92],[75.12,16.91],[75.14,16.87],[75.17,16.86],[75.19,16.87],[75.18,16.84],[75.23,16.84],[75.24,16.86],[75.27,16.86],[75.29,16.88],[75.28,16.95],[75.35,16.95],[75.39,16.98],[75.43,16.96],[75.44,16.98],[75.47,16.99],[75.49,16.97],[75.49,16.94],[75.53,16.97],[75.57,16.96],[75.57,17.01],[75.6,17.01],[75.61,16.97],[75.64,16.97],[75.65,16.95],[75.68,16.96],[75.67,17.04],[75.64,17.04],[75.65,17.06],[75.68,17.06],[75.68,17.1],[75.65,17.11],[75.65,17.14],[75.63,17.16],[75.63,17.19],[75.66,17.2],[75.66,17.27],[75.63,17.27],[75.63,17.29],[75.61,17.3],[75.62,17.33],[75.58,17.35],[75.58,17.38],[75.62,17.39],[75.61,17.42],[75.64,17.48],[75.68,17.46],[75.69,17.41],[75.73,17.42],[75.77,17.41],[75.79,17.37],[75.82,17.37],[75.82,17.42],[75.85,17.42],[75.86,17.39],[75.89,17.42],[75.9,17.39],[75.89,17.35],[75.91,17.35],[75.93,17.32],[76.01,17.35],[76.06,17.35],[76.07,17.33],[76.09,17.33],[76.09,17.35],[76.12,17.37],[76.16,17.34],[76.16,17.3],[76.18,17.3],[76.17,17.35],[76.25,17.37],[76.28,17.33],[76.32,17.33],[76.32,17.35],[76.34,17.35],[76.35,17.31],[76.38,17.31],[76.41,17.37],[76.36,17.38],[76.37,17.41],[76.36,17.44],[76.33,17.43],[76.33,17.47],[76.38,17.49],[76.37,17.5],[76.34,17.49],[76.34,17.51],[76.37,17.52],[76.36,17.54],[76.34,17.54],[76.33,17.59],[76.42,17.6],[76.45,17.66],[76.49,17.66],[76.49,17.71],[76.53,17.73],[76.52,17.76],[76.57,17.76],[76.56,17.75],[76.58,17.7],[76.61,17.77],[76.63,17.76],[76.63,17.73],[76.66,17.72],[76.66,17.69],[76.69,17.68],[76.7,17.73],[76.73,17.74],[76.71,17.78],[76.75,17.78],[76.78,17.8],[76.79,17.83],[76.74,17.86],[76.74,17.9],[76.77,17.9],[76.77,17.88],[76.81,17.87],[76.85,17.9],[76.88,17.89],[76.92,17.92],[76.91,17.94],[76.92,18.03],[76.95,18.04],[76.95,18.09],[76.97,18.09],[76.96,18.11],[76.92,18.12],[76.93,18.16],[76.94,18.15],[76.96,18.19],[76.99,18.19],[77.02,18.16],[77.02,18.18],[77.04,18.18],[77.06,18.15],[77.09,18.16],[77.11,18.15],[77.12,18.17],[77.1,18.2],[77.15,18.22],[77.17,18.28],[77.19,18.27],[77.21,18.28],[77.2,18.32],[77.21,18.31],[77.22,18.32],[77.23,18.37],[77.25,18.37],[77.23,18.39],[77.24,18.41],[77.33,18.46],[77.34,18.43],[77.35,18.45],[77.37,18.45],[77.36,18.43],[77.37,18.4],[77.41,18.39],[77.39,18.37],[77.4,18.34],[77.39,18.35],[77.36,18.31],[77.44,18.31],[77.43,18.29],[77.47,18.26],[77.51,18.28],[77.51,18.31],[77.56,18.28],[77.6,18.28],[77.56,18.2],[77.6,18.15],[77.6,18.08],[77.57,18.08],[77.55,18.06],[77.55,18.03],[77.56,18.04],[77.59,18.01],[77.61,18.02],[77.63,17.99],[77.64,18.0],[77.65,17.95],[77.62,17.94],[77.62,17.9],[77.6,17.91],[77.58,17.9],[77.6,17.87],[77.58,17.88],[77.55,17.82],[77.53,17.83],[77.53,17.81],[77.51,17.8],[77.5,17.78],[77.57,17.76],[77.55,17.73],[77.51,17.71],[77.49,17.72],[77.48,17.7],[77.45,17.69],[77.44,17.58],[77.49,17.57],[77.5,17.54],[77.53,17.57],[77.54,17.55],[77.59,17.56],[77.59,17.53],[77.66,17.52],[77.68,17.5],[77.69,17.51],[77.69,17.49],[77.68,17.47],[77.65,17.48],[77.65,17.5],[77.63,17.47],[77.61,17.47],[77.61,17.44],[77.57,17.45],[77.57,17.43],[77.52,17.44],[77.51,17.41],[77.54,17.4],[77.52,17.39],[77.53,17.37],[77.5,17.35],[77.47,17.36],[77.48,17.37],[77.45,17.37],[77.46,17.34],[77.43,17.29],[77.45,17.29],[77.45,17.27],[77.42,17.25],[77.42,17.23],[77.41,17.24],[77.38,17.22],[77.39,17.19],[77.37,17.19],[77.36,17.16],[77.4,17.12],[77.45,17.11],[77.48,17.08],[77.5,17.02],[77.46,16.95],[77.47,16.91],[77.45,16.91],[77.47,16.78],[77.44,16.78],[77.42,16.72],[77.47,16.71],[77.47,16.68],[77.42,16.66],[77.43,16.64],[77.47,16.65],[77.45,16.61],[77.46,16.58],[77.42,16.56],[77.4,16.57],[77.42,16.52],[77.37,16.51],[77.37,16.48],[77.3,16.49],[77.29,16.47],[77.24,16.47],[77.28,16.4],[77.41,16.36],[77.49,16.38],[77.55,16.34],[77.59,16.34],[77.58,16.33],[77.59,16.29],[77.56,16.3],[77.53,16.26],[77.5,16.27],[77.49,16.25],[77.5,16.21],[77.48,16.16],[77.51,16.1],[77.49,16.08],[77.5,16.07],[77.49,16.03],[77.52,15.96],[77.51,15.92],[77.25,15.96],[77.17,15.95],[77.09,15.92],[77.03,15.85],[77.02,15.83],[77.06,15.82],[77.07,15.8],[77.04,15.73],[77.08,15.72],[77.08,15.69],[77.12,15.66],[77.12,15.63],[77.1,15.63],[77.09,15.65],[77.03,15.63],[77.02,15.58],[77.03,15.5],[76.97,15.51],[76.97,15.49],[77.03,15.44],[77.04,15.35],[77.06,15.34],[77.06,15.32],[77.11,15.33],[77.12,15.29],[77.15,15.29],[77.17,15.25],[77.14,15.25],[77.12,15.22],[77.15,15.21],[77.16,15.15],[77.13,15.14],[77.15,15.13],[77.15,15.11],[77.13,15.09],[77.12,15.04],[77.08,15.02],[77.08,15.0],[77.05,15.0],[77.05,15.03],[77.0,15.03],[76.98,15.01],[76.94,15.03],[76.88,15.03],[76.86,15.06],[76.8,15.09],[76.77,15.07],[76.78,15.01],[76.76,14.97],[76.82,14.95],[76.86,14.96],[76.87,14.94],[76.86,14.89],[76.84,14.89],[76.85,14.8],[76.83,14.8],[76.82,14.78],[76.78,14.78],[76.8,14.73],[76.77,14.67],[76.76,14.6],[76.78,14.59],[76.79,14.54],[76.84,14.51],[76.86,14.47],[76.97,14.48],[76.96,14.45],[76.94,14.45],[76.94,14.4],[76.91,14.41],[76.9,14.39],[76.88,14.39],[76.88,14.35],[76.9,14.32],[76.95,14.3],[76.92,14.27],[76.95,14.23],[77.05,14.24],[77.08,14.21],[77.11,14.21],[77.12,14.26],[77.11,14.29],[77.13,14.3],[77.14,14.34],[77.2,14.31],[77.25,14.31],[77.26,14.33],[77.28,14.33],[77.29,14.27],[77.36,14.27],[77.36,14.22],[77.38,14.22],[77.38,14.19],[77.42,14.21],[77.4,14.26],[77.38,14.27],[77.39,14.27],[77.37,14.31],[77.39,14.33],[77.43,14.32],[77.45,14.27],[77.5,14.27],[77.49,14.21],[77.51,14.16],[77.49,14.15],[77.39,14.17],[77.38,14.13],[77.35,14.11],[77.39,14.12],[77.4,14.1],[77.35,14.05],[77.33,14.05],[77.33,14.02],[77.38,14.01],[77.38,13.97],[77.43,13.97],[77.43,13.94],[77.41,13.94],[77.41,13.91],[77.43,13.9],[77.4,13.88],[77.39,13.9],[77.34,13.91],[77.36,13.95],[77.34,13.95],[77.35,13.99],[77.33,13.99],[77.32,14.02],[77.3,14.03],[77.29,14.01],[77.27,14.01],[77.26,14.03],[77.21,14.0],[77.16,14.01],[77.16,13.99],[77.14,13.99],[77.12,14.04],[77.02,14.05],[77.02,14.17],[76.97,14.17],[76.94,14.19],[76.94,14.17],[76.89,14.16],[76.88,14.13],[76.91,14.12],[76.93,14.13],[76.95,14.09],[76.98,14.07],[76.97,14.05],[76.94,14.05],[76.93,14.02],[76.99,13.99],[76.99,13.95],[77.04,13.93],[77.04,13.9],[77.02,13.89],[77.01,13.85],[76.97,13.82],[76.99,13.79],[76.99,13.74],[77.01,13.73],[77.02,13.77],[77.04,13.77],[77.05,13.74],[77.08,13.74],[77.09,13.76],[77.17,13.75],[77.16,13.83],[77.12,13.85],[77.16,13.86],[77.16,13.91],[77.18,13.92],[77.18,13.86],[77.2,13.86],[77.21,13.88],[77.21,13.86],[77.23,13.9],[77.25,13.84],[77.31,13.86],[77.33,13.82],[77.36,13.85],[77.37,13.83],[77.42,13.83],[77.41,13.81],[77.42,13.79],[77.46,13.8],[77.46,13.71],[77.44,13.7],[77.45,13.68],[77.48,13.68],[77.49,13.71],[77.51,13.69],[77.53,13.7],[77.52,13.73],[77.53,13.75],[77.55,13.72],[77.59,13.74],[77.63,13.73],[77.64,13.74],[77.61,13.76],[77.65,13.78],[77.67,13.78],[77.66,13.75],[77.7,13.76],[77.71,13.73],[77.72,13.78],[77.71,13.79],[77.78,13.81],[77.77,13.83],[77.83,13.86],[77.82,13.87],[77.83,13.88],[77.81,13.89],[77.81,13.93],[77.89,13.93],[77.89,13.91],[77.92,13.9],[77.96,13.95],[77.98,13.95],[77.97,13.92],[77.98,13.89],[77.94,13.88],[77.95,13.82],[77.97,13.82],[77.98,13.86],[78.04,13.85],[78.04,13.89],[78.07,13.87],[78.07,13.85],[78.11,13.85],[78.12,13.82],[78.11,13.8],[78.12,13.78],[78.08,13.73],[78.11,13.71],[78.11,13.68],[78.06,13.69],[78.08,13.64],[78.09,13.63],[78.11,13.65],[78.16,13.65],[78.16,13.62],[78.19,13.62],[78.2,13.6],[78.18,13.56],[78.2,13.56],[78.23,13.59],[78.25,13.57],[78.39,13.58],[78.4,13.57],[78.36,13.46],[78.37,13.43],[78.36,13.35],[78.4,13.33],[78.38,13.31],[78.47,13.31],[78.47,13.29],[78.51,13.26],[78.53,13.28],[78.55,13.27],[78.56,13.3],[78.56,13.28],[78.58,13.27],[78.56,13.24],[78.57,13.2],[78.54,13.19],[78.57,13.16],[78.53,13.15],[78.54,13.13],[78.51,13.12],[78.53,13.1],[78.5,13.08],[78.5,13.05],[78.45,13.03],[78.46,12.96],[78.42,12.97],[78.42,12.92],[78.44,12.9],[78.4,12.89],[78.39,12.91],[78.37,12.9],[78.35,12.93],[78.33,12.89],[78.31,12.89],[78.3,12.85],[78.24,12.85],[78.23,12.75],[78.12,12.77],[78.05,12.84],[78.02,12.84],[77.99,12.81],[78.01,12.8],[77.98,12.8],[77.94,12.85],[77.92,12.81],[77.91,12.82],[77.91,12.84],[77.93,12.85],[77.92,12.88],[77.88,12.86],[77.83,12.86],[77.78,12.83],[77.8,12.82],[77.8,12.78],[77.78,12.78],[77.77,12.76],[77.78,12.73],[77.75,12.73],[77.76,12.7],[77.73,12.69],[77.73,12.66],[77.59,12.66],[77.6,12.62],[77.58,12.61],[77.57,12.54],[77.58,12.51],[77.61,12.5],[77.58,12.47],[77.6,12.46],[77.62,12.49],[77.63,12.48],[77.61,12.36],[77.54,12.28],[77.48,12.27],[77.46,12.24],[77.47,12.2],[77.51,12.18],[77.6,12.2],[77.73,12.17],[77.74,12.13],[77.77,12.1],[77.69,12.02],[77.66,11.94],[77.57,11.92],[77.48,11.93],[77.48,11.88],[77.45,11.89],[77.46,11.84],[77.42,11.75],[77.38,11.78],[77.33,11.76],[77.28,11.8],[77.28,11.79],[77.24,11.8],[77.23,11.78],[77.11,11.76],[77.1,11.75],[77.11,11.71],[77.07,11.73],[77.05,11.76],[77.06,11.78],[77.02,11.76],[77.03,11.78],[77.02,11.8],[76.97,11.8],[76.96,11.77],[76.89,11.78],[76.89,11.74],[76.85,11.7],[76.86,11.69],[76.83,11.65],[76.85,11.61],[76.84,11.58],[76.82,11.6],[76.75,11.61],[76.59,11.6],[76.55,11.61],[76.54,11.68],[76.5,11.7],[76.45,11.66],[76.41,11.66],[76.4,11.71],[76.41,11.7],[76.42,11.71],[76.41,11.75],[76.35,11.73],[76.31,11.74],[76.28,11.8],[76.21,11.8],[76.2,11.86],[76.14,11.86],[76.12,11.84],[76.11,11.97],[76.0,11.92],[75.92,11.94],[75.9,11.93],[75.82,11.98],[75.83,12.01],[75.8,12.03],[75.8,12.07],[75.75,12.08],[75.72,12.06],[75.7,12.1],[75.66,12.09],[75.63,12.15],[75.58,12.15],[75.47,12.3],[75.42,12.29],[75.43,12.3],[75.41,12.33],[75.42,12.37],[75.4,12.37],[75.39,12.39],[75.38,12.38],[75.37,12.4],[75.37,12.45],[75.42,12.46],[75.41,12.5],[75.37,12.49],[75.37,12.47],[75.34,12.46],[75.34,12.49],[75.31,12.49],[75.3,12.52],[75.28,12.52],[75.27,12.56],[75.33,12.57],[75.33,12.59],[75.27,12.61],[75.25,12.57],[75.22,12.56],[75.2,12.58],[75.2,12.63],[75.18,12.62],[75.14,12.63],[75.16,12.65],[75.15,12.68],[75.12,12.67],[75.09,12.7],[75.08,12.69],[75.09,12.67],[75.04,12.66],[75.04,12.69],[75.06,12.69],[75.05,12.72],[75.0,12.71],[75.01,12.72],[74.98,12.73],[75.01,12.76],[75.0,12.77],[75.01,12.79],[74.89,12.75],[74.86,12.76],[74.81,12.89],[74.82,12.93],[74.8,12.93],[74.78,13.08],[74.72,13.27],[74.73,13.29],[74.7,13.34],[74.68,13.59],[74.67,13.64],[74.64,13.68],[74.64,13.75],[74.61,13.87],[74.59,13.89],[74.58,13.94],[74.52,13.97],[74.51,13.99],[74.47,14.2],[74.45,14.2],[74.44,14.22],[74.41,14.31],[74.4,14.41],[74.38,14.42],[74.37,14.49],[74.35,14.5],[74.36,14.52],[74.31,14.52],[74.31,14.57],[74.27,14.62],[74.28,14.63],[74.27,14.72],[74.24,14.75],[74.21,14.72],[74.19,14.72],[74.18,14.75],[74.15,14.75],[74.15,14.78],[74.12,14.77],[74.12,14.79],[74.09,14.8]],[[74.12,14.85],[74.13,14.84],[74.13,14.85],[74.12,14.85]],[[77.63,17.95],[77.63,17.96],[77.62,17.96],[77.63,17.95]],[[77.4,16.56],[77.39,16.57],[77.39,16.56],[77.4,16.56]],[[77.35,14.11],[77.34,14.1],[77.35,14.1],[77.35,14.11]],[[78.37,13.32],[78.38,13.33],[78.37,13.33],[78.37,13.32]],[[78.01,12.84],[78.02,12.85],[78.01,12.85],[78.01,12.84]],[[74.36,14.52],[74.39,14.52],[74.39,14.55],[74.38,14.53],[74.35,14.54],[74.36,14.52]],[[74.2,14.73],[74.21,14.74],[74.2,14.74],[74.2,14.73]],[[74.34,14.55],[74.35,14.56],[74.34,14.56],[74.34,14.55]],[[74.36,14.57],[74.37,14.55],[74.37,14.57],[74.36,14.57]]],[[[74.39,15.85],[74.35,15.85],[74.34,15.85],[74.37,15.87],[74.37,15.89],[74.39,15.85]]],[[[78.44,12.9],[78.46,12.89],[78.45,12.85],[78.44,12.88],[78.44,12.9]]]]}},{"type":"Feature","properties":{"NAME_1":"Kerala"},"geometry":{"type":"Polygon","coordinates":[[[74.96,12.55],[74.87,12.73],[74.88,12.76],[74.89,12.75],[75.01,12.79],[75.0,12.77],[75.01,12.76],[74.98,12.73],[75.01,12.72],[75.0,12.71],[75.05,12.72],[75.06,12.69],[75.04,12.69],[75.04,12.66],[75.09,12.67],[75.08,12.69],[75.09,12.7],[75.12,12.67],[75.15,12.68],[75.16,12.65],[75.14,12.63],[75.15,12.62],[75.2,12.63],[75.2,12.58],[75.22,12.56],[75.25,12.57],[75.27,12.61],[75.33,12.59],[75.33,12.57],[75.27,12.56],[75.27,12.54],[75.28,12.52],[75.3,12.52],[75.31,12.49],[75.34,12.49],[75.34,12.46],[75.37,12.47],[75.37,12.49],[75.41,12.5],[75.42,12.46],[75.37,12.45],[75.37,12.4],[75.38,12.38],[75.39,12.39],[75.4,12.37],[75.42,12.37],[75.41,12.34],[75.43,12.3],[75.42,12.29],[75.47,12.3],[75.54,12.21],[75.54,12.19],[75.58,12.15],[75.63,12.15],[75.66,12.09],[75.7,12.1],[75.72,12.06],[75.75,12.08],[75.8,12.07],[75.8,12.03],[75.83,12.01],[75.82,11.98],[75.9,11.93],[75.92,11.94],[76.0,11.92],[76.11,11.97],[76.12,11.84],[76.14,11.86],[76.2,11.86],[76.21,11.8],[76.28,11.8],[76.31,11.74],[76.35,11.73],[76.41,11.75],[76.42,11.71],[76.41,11.7],[76.4,11.71],[76.4,11.68],[76.44,11.64],[76.42,11.62],[76.42,11.63],[76.38,11.62],[76.37,11.59],[76.33,11.59],[76.3,11.56],[76.28,11.59],[76.26,11.59],[76.23,11.56],[76.24,11.46],[76.29,11.47],[76.28,11.46],[76.32,11.44],[76.33,11.46],[76.36,11.45],[76.41,11.43],[76.41,11.41],[76.45,11.38],[76.54,11.35],[76.53,11.31],[76.54,11.29],[76.45,11.23],[76.44,11.2],[76.45,11.18],[76.47,11.2],[76.63,11.19],[76.68,11.23],[76.73,11.21],[76.72,11.18],[76.69,11.17],[76.69,11.14],[76.74,11.12],[76.73,11.09],[76.75,11.07],[76.73,11.06],[76.76,11.03],[76.78,11.03],[76.69,11.02],[76.65,10.92],[76.73,10.88],[76.78,10.88],[76.82,10.86],[76.85,10.83],[76.84,10.81],[76.89,10.8],[76.9,10.77],[76.86,10.69],[76.87,10.63],[76.85,10.62],[76.8,10.63],[76.81,10.59],[76.83,10.59],[76.81,10.41],[76.84,10.35],[76.82,10.29],[76.86,10.29],[76.89,10.23],[76.97,10.21],[77.04,10.25],[77.03,10.27],[77.05,10.27],[77.05,10.29],[77.1,10.3],[77.16,10.35],[77.22,10.34],[77.21,10.31],[77.25,10.26],[77.24,10.25],[77.25,10.22],[77.27,10.23],[77.28,10.2],[77.26,10.18],[77.26,10.12],[77.22,10.12],[77.2,10.1],[77.19,10.11],[77.19,10.08],[77.24,10.04],[77.26,9.95],[77.23,9.94],[77.2,9.89],[77.22,9.85],[77.21,9.81],[77.23,9.81],[77.23,9.79],[77.21,9.78],[77.22,9.76],[77.21,9.72],[77.19,9.72],[77.19,9.68],[77.15,9.61],[77.19,9.61],[77.22,9.57],[77.23,9.58],[77.26,9.56],[77.29,9.59],[77.31,9.59],[77.32,9.56],[77.34,9.6],[77.35,9.52],[77.39,9.52],[77.4,9.5],[77.37,9.44],[77.35,9.45],[77.33,9.43],[77.31,9.33],[77.28,9.33],[77.29,9.31],[77.27,9.29],[77.26,9.24],[77.27,9.21],[77.24,9.19],[77.25,9.14],[77.23,9.11],[77.2,9.1],[77.18,9.04],[77.15,9.04],[77.13,9.0],[77.18,8.95],[77.18,8.91],[77.2,8.92],[77.25,8.85],[77.21,8.77],[77.18,8.76],[77.17,8.73],[77.16,8.74],[77.16,8.72],[77.19,8.68],[77.19,8.65],[77.21,8.64],[77.27,8.54],[77.23,8.49],[77.19,8.5],[77.21,8.44],[77.18,8.43],[77.18,8.41],[77.15,8.38],[77.13,8.38],[77.14,8.35],[77.16,8.35],[77.16,8.31],[77.11,8.32],[77.1,8.3],[77.08,8.3],[77.06,8.33],[77.0,8.36],[77.0,8.38],[76.97,8.39],[76.96,8.43],[76.92,8.46],[76.92,8.48],[76.87,8.52],[76.87,8.54],[76.82,8.58],[76.78,8.65],[76.7,8.73],[76.65,8.82],[76.59,8.88],[76.57,8.87],[76.55,8.89],[76.52,9.02],[76.47,9.11],[76.48,9.15],[76.47,9.15],[76.47,9.16],[76.45,9.15],[76.44,9.17],[76.45,9.18],[76.43,9.2],[76.44,9.23],[76.43,9.23],[76.43,9.24],[76.41,9.24],[76.4,9.26],[76.4,9.29],[76.35,9.37],[76.33,9.47],[76.31,9.5],[76.29,9.74],[76.26,9.85],[76.26,9.88],[76.28,9.87],[76.28,9.9],[76.25,9.9],[76.25,9.94],[76.22,9.98],[76.18,10.15],[76.14,10.23],[76.12,10.34],[75.91,10.78],[75.89,10.91],[75.86,10.99],[75.87,11.01],[75.85,11.02],[75.85,11.07],[75.78,11.21],[75.76,11.3],[75.73,11.33],[75.74,11.35],[75.68,11.45],[75.66,11.47],[75.62,11.47],[75.54,11.7],[75.47,11.77],[75.45,11.77],[75.44,11.81],[75.42,11.81],[75.42,11.83],[75.39,11.86],[75.35,11.86],[75.35,11.88],[75.31,11.92],[75.31,11.94],[75.33,11.94],[75.33,11.95],[75.3,11.96],[75.3,11.98],[75.27,12.0],[75.27,12.02],[75.3,12.02],[75.32,12.04],[75.3,12.05],[75.31,12.11],[75.34,12.1],[75.4,12.14],[75.37,12.15],[75.36,12.13],[75.33,12.15],[75.28,12.1],[75.22,12.1],[75.23,12.02],[75.19,12.02],[75.19,12.06],[75.17,12.06],[75.18,12.08],[75.16,12.09],[75.17,12.12],[75.16,12.12],[75.15,12.13],[75.16,12.15],[75.15,12.15],[75.15,12.16],[75.13,12.16],[75.13,12.21],[75.11,12.21],[75.06,12.36],[75.01,12.42],[74.96,12.52],[74.96,12.55]],[[76.24,9.97],[76.28,9.97],[76.28,9.98],[76.24,9.99],[76.24,9.97]],[[76.17,10.19],[76.18,10.18],[76.18,10.19],[76.17,10.19]],[[76.03,10.54],[76.04,10.53],[76.04,10.54],[76.03,10.54]],[[75.47,11.78],[75.48,11.77],[75.48,11.78],[75.47,11.78]],[[75.35,11.94],[75.33,11.93],[75.35,11.93],[75.35,11.94]],[[75.31,12.02],[75.3,12.01],[75.31,12.01],[75.31,12.02]],[[75.32,12.01],[75.31,12.0],[75.32,12.0],[75.32,12.01]],[[76.3,9.88],[76.29,9.86],[76.3,9.86],[76.3,9.88]],[[76.3,9.88],[76.34,9.87],[76.34,9.83],[76.35,9.86],[76.38,9.85],[76.36,9.91],[76.34,9.91],[76.33,9.89],[76.3,9.9],[76.3,9.88]],[[76.35,9.83],[76.36,9.78],[76.37,9.78],[76.39,9.84],[76.35,9.83]],[[76.32,9.91],[76.34,9.92],[76.32,9.92],[76.32,9.91]],[[76.3,9.91],[76.31,9.93],[76.29,9.94],[76.28,9.92],[76.3,9.91]],[[76.3,9.95],[76.31,9.94],[76.31,9.95],[76.3,9.95]],[[76.37,9.77],[76.36,9.7],[76.37,9.68],[76.39,9.68],[76.39,9.65],[76.36,9.6],[76.37,9.59],[76.35,9.55],[76.36,9.52],[76.39,9.53],[76.4,9.56],[76.42,9.56],[76.43,9.6],[76.42,9.64],[76.4,9.65],[76.41,9.7],[76.38,9.7],[76.39,9.76],[76.37,9.77]],[[76.43,9.56],[76.42,9.55],[76.43,9.55],[76.43,9.56]],[[76.44,9.55],[76.43,9.52],[76.44,9.52],[76.44,9.55]],[[76.24,10.01],[76.28,10.0],[76.27,10.02],[76.25,10.02],[76.26,10.04],[76.25,10.06],[76.27,10.08],[76.25,10.08],[76.25,10.1],[76.24,10.1],[76.23,10.11],[76.21,10.08],[76.23,10.07],[76.22,10.05],[76.24,10.01]],[[76.21,10.1],[76.22,10.13],[76.21,10.13],[76.21,10.1]],[[76.05,10.55],[76.07,10.54],[76.07,10.55],[76.05,10.55]],[[76.04,10.55],[76.05,10.56],[76.04,10.56],[76.04,10.55]],[[75.18,12.09],[75.19,12.1],[75.18,12.1],[75.18,12.09]],[[75.19,12.12],[75.2,12.11],[75.2,12.12],[75.19,12.12]],[[76.29,9.83],[76.28,9.84],[76.28,9.83],[76.29,9.83]],[[76.26,9.94],[76.27,9.96],[76.26,9.96],[76.26,9.94]],[[76.29,9.96],[76.28,9.95],[76.29,9.95],[76.29,9.96]],[[76.4,9.54],[76.41,9.53],[76.41,9.54],[76.4,9.54]],[[76.47,9.55],[76.46,9.53],[76.47,9.53],[76.47,9.55]],[[76.49,9.54],[76.48,9.53],[76.49,9.53],[76.49,9.54]],[[76.33,9.83],[76.32,9.82],[76.33,9.82],[76.33,9.83]],[[76.34,9.79],[76.33,9.77],[76.34,9.77],[76.34,9.79]],[[76.35,9.75],[76.34,9.71],[76.35,9.71],[76.35,9.75]],[[76.19,10.15],[76.2,10.16],[76.19,10.16],[76.19,10.15]],[[75.81,11.18],[75.82,11.17],[75.82,11.18],[75.81,11.18]],[[75.49,11.8],[75.5,11.79],[75.5,11.8],[75.49,11.8]],[[75.36,11.95],[75.37,11.93],[75.37,11.95],[75.36,11.95]]]}},{"type":"Feature","properties":{"NAME_1":"Lakshadweep"},"geometry":{"type":"MultiPolygon","coordinates":[[[[73.7,10.81],[73.66,10.81],[73.66,10.82],[73.7,10.82],[73.7,10.81]]],[[[72.63,10.56],[72.63,10.57],[72.64,10.57],[72.64,10.58],[72.65,10.58],[72.65,10.56],[72.63,10.56]]],[[[73.65,10.08],[73.65,10.06],[73.64,10.06],[73.64,10.08],[73.65,10.08]]],[[[72.77,11.21],[72.77,11.23],[72.78,11.23],[72.78,11.21],[72.77,11.21]]],[[[72.78,11.24],[72.78,11.26],[72.79,11.26],[72.79,11.24],[72.78,11.24]]],[[[73.04,8.27],[73.04,8.28],[73.06,8.28],[73.06,8.27],[73.04,8.27]]],[[[73.06,8.28],[73.06,8.3],[73.07,8.3],[73.07,8.28],[73.06,8.28]]],[[[72.72,11.12],[72.72,11.13],[72.73,11.13],[72.73,11.12],[72.72,11.12]]],[[[73.0,11.48],[73.0,11.49],[73.01,11.49],[73.01,11.48],[73.0,11.48]]],[[[72.71,11.69],[72.71,11.7],[72.72,11.7],[72.72,11.69],[72.71,11.69]]],[[[72.19,10.86],[72.19,10.87],[72.2,10.87],[72.2,10.86],[72.19,10.86]]],[[[72.2,10.87],[72.2,10.88],[72.21,10.88],[72.21,10.87],[72.2,10.87]]],[[[72.76,11.19],[72.76,11.2],[72.77,11.2],[72.77,11.19],[72.76,11.19]]],[[[72.32,10.95],[72.32,10.94],[72.31,10.94],[72.31,10.95],[72.32,10.95]]]]}},{"type":"Feature","properties":{"NAME_1":"Madhya Pradesh"},"geometry":{"type":"Polygon","coordinates":[[[74.08,22.48],[74.09,22.51],[74.06,22.51],[74.05,22.49],[74.03,22.51],[74.05,22.55],[74.16,22.52],[74.16,22.54],[74.2,22.56],[74.19,22.57],[74.21,22.57],[74.23,22.61],[74.26,22.62],[74.26,22.64],[74.38,22.64],[74.4,22.73],[74.43,22.76],[74.44,22.81],[74.47,22.82],[74.48,22.86],[74.46,22.92],[74.42,22.92],[74.41,22.9],[74.38,22.91],[74.34,22.96],[74.37,22.99],[74.32,23.06],[74.39,23.11],[74.43,23.11],[74.45,23.09],[74.54,23.1],[74.55,23.13],[74.61,23.14],[74.67,23.2],[74.72,23.19],[74.73,23.21],[74.75,23.21],[74.75,23.23],[74.7,23.22],[74.72,23.25],[74.68,23.28],[74.65,23.26],[74.63,23.26],[74.63,23.28],[74.61,23.29],[74.59,23.28],[74.58,23.3],[74.55,23.28],[74.52,23.33],[74.54,23.33],[74.54,23.36],[74.56,23.36],[74.57,23.42],[74.6,23.43],[74.61,23.46],[74.65,23.46],[74.67,23.49],[74.71,23.51],[74.73,23.5],[74.79,23.55],[74.8,23.53],[74.85,23.55],[74.89,23.61],[74.94,23.63],[74.91,23.68],[74.92,23.72],[74.94,23.73],[74.94,23.78],[74.93,23.8],[74.91,23.8],[74.92,23.85],[74.91,23.91],[74.92,23.94],[74.99,24.01],[74.98,24.08],[74.88,24.21],[74.89,24.23],[74.91,24.23],[74.91,24.25],[74.88,24.28],[74.86,24.27],[74.75,24.28],[74.79,24.34],[74.78,24.37],[74.81,24.41],[74.83,24.41],[74.86,24.47],[74.82,24.46],[74.82,24.49],[74.78,24.48],[74.71,24.51],[74.76,24.55],[74.75,24.6],[74.79,24.61],[74.78,24.64],[74.82,24.67],[74.81,24.69],[74.79,24.68],[74.78,24.69],[74.8,24.8],[74.83,24.73],[74.89,24.66],[74.9,24.67],[74.94,24.66],[74.96,24.7],[75.0,24.71],[74.99,24.75],[75.02,24.75],[75.02,24.79],[75.01,24.8],[74.91,24.79],[74.88,24.81],[74.86,24.81],[74.85,24.79],[74.84,24.81],[74.86,24.82],[74.86,24.85],[74.84,24.87],[74.84,24.9],[74.82,24.91],[74.83,24.97],[74.86,24.97],[74.87,24.94],[74.9,24.94],[74.91,24.9],[74.94,24.9],[74.95,24.89],[74.94,24.88],[75.0,24.88],[75.05,24.86],[75.07,24.89],[75.09,24.88],[75.12,24.89],[75.11,24.91],[75.12,24.98],[75.16,24.99],[75.17,25.01],[75.15,25.03],[75.16,25.05],[75.17,25.04],[75.31,25.05],[75.35,25.04],[75.35,25.02],[75.32,25.01],[75.32,24.98],[75.34,24.96],[75.31,24.9],[75.31,24.93],[75.28,24.98],[75.27,24.95],[75.29,24.92],[75.26,24.91],[75.26,24.89],[75.29,24.87],[75.33,24.89],[75.35,24.88],[75.42,24.89],[75.42,24.86],[75.31,24.81],[75.27,24.86],[75.23,24.86],[75.25,24.9],[75.22,24.89],[75.21,24.91],[75.2,24.88],[75.25,24.84],[75.25,24.82],[75.22,24.82],[75.19,24.79],[75.19,24.76],[75.22,24.72],[75.23,24.74],[75.45,24.69],[75.53,24.72],[75.58,24.72],[75.61,24.69],[75.63,24.69],[75.66,24.7],[75.71,24.75],[75.79,24.77],[75.84,24.73],[75.83,24.67],[75.85,24.65],[75.83,24.61],[75.87,24.61],[75.88,24.58],[75.92,24.57],[75.91,24.55],[75.93,24.53],[75.91,24.51],[75.91,24.46],[75.9,24.44],[75.83,24.42],[75.81,24.44],[75.82,24.47],[75.79,24.48],[75.78,24.46],[75.79,24.46],[75.75,24.43],[75.76,24.41],[75.73,24.4],[75.74,24.35],[75.77,24.31],[75.8,24.31],[75.82,24.29],[75.81,24.26],[75.83,24.25],[75.77,24.22],[75.77,24.19],[75.74,24.14],[75.78,24.14],[75.79,24.11],[75.8,24.12],[75.81,24.1],[75.83,24.11],[75.84,24.1],[75.83,24.07],[75.78,24.06],[75.76,23.99],[75.74,24.0],[75.73,23.97],[75.7,23.97],[75.7,23.99],[75.68,23.99],[75.69,24.02],[75.67,24.03],[75.64,24.02],[75.64,24.0],[75.58,23.99],[75.57,24.02],[75.51,24.05],[75.49,24.0],[75.46,23.98],[75.46,23.92],[75.54,23.88],[75.58,23.84],[75.57,23.83],[75.56,23.84],[75.58,23.8],[75.65,23.8],[75.68,23.78],[75.68,23.76],[75.7,23.79],[75.69,23.82],[75.72,23.82],[75.73,23.85],[75.7,23.87],[75.7,23.9],[75.75,23.89],[75.78,23.85],[75.79,23.87],[75.84,23.88],[75.86,23.9],[75.88,23.88],[75.98,23.93],[75.96,24.03],[76.02,24.04],[76.05,24.08],[76.13,24.1],[76.14,24.13],[76.12,24.21],[76.15,24.23],[76.14,24.29],[76.16,24.29],[76.19,24.33],[76.21,24.22],[76.24,24.23],[76.29,24.22],[76.29,24.24],[76.31,24.25],[76.36,24.25],[76.41,24.21],[76.42,24.23],[76.44,24.22],[76.47,24.23],[76.51,24.21],[76.51,24.17],[76.54,24.16],[76.58,24.18],[76.57,24.21],[76.62,24.26],[76.68,24.27],[76.69,24.29],[76.7,24.24],[76.67,24.19],[76.7,24.18],[76.71,24.16],[76.76,24.17],[76.8,24.12],[76.85,24.14],[76.9,24.13],[76.91,24.18],[76.94,24.21],[76.87,24.27],[76.84,24.33],[76.85,24.49],[76.81,24.53],[76.84,24.55],[76.87,24.55],[76.87,24.53],[76.89,24.53],[76.9,24.55],[76.92,24.54],[76.91,24.49],[76.97,24.46],[77.02,24.49],[77.02,24.52],[77.06,24.55],[77.06,24.64],[77.03,24.71],[76.98,24.72],[76.95,24.77],[76.92,24.75],[76.85,24.75],[76.84,24.79],[76.8,24.82],[76.83,24.84],[76.9,24.84],[76.94,24.86],[76.94,24.88],[76.91,24.89],[76.92,24.92],[76.89,24.92],[76.89,24.94],[76.87,24.95],[76.86,25.01],[76.88,25.03],[76.96,25.05],[76.98,25.08],[77.08,25.06],[77.2,25.12],[77.21,25.11],[77.26,25.12],[77.3,25.08],[77.36,25.1],[77.39,25.12],[77.39,25.19],[77.42,25.19],[77.41,25.23],[77.39,25.23],[77.35,25.27],[77.37,25.29],[77.37,25.33],[77.34,25.33],[77.36,25.36],[77.34,25.39],[77.36,25.41],[77.31,25.44],[77.25,25.39],[77.23,25.39],[77.22,25.32],[77.2,25.33],[77.21,25.31],[77.17,25.32],[77.15,25.31],[77.12,25.34],[77.07,25.34],[77.02,25.3],[76.96,25.3],[76.96,25.28],[76.93,25.28],[76.92,25.31],[76.87,25.33],[76.77,25.31],[76.77,25.34],[76.74,25.35],[76.71,25.34],[76.67,25.35],[76.64,25.38],[76.61,25.38],[76.59,25.43],[76.56,25.44],[76.56,25.48],[76.52,25.52],[76.52,25.61],[76.5,25.64],[76.51,25.68],[76.48,25.69],[76.48,25.72],[76.53,25.73],[76.52,25.77],[76.53,25.8],[76.6,25.88],[76.63,25.87],[76.64,25.91],[76.73,25.9],[76.76,25.92],[76.75,25.94],[76.81,25.95],[76.82,25.99],[76.84,26.0],[76.83,26.03],[76.88,26.07],[76.88,26.09],[76.99,26.13],[77.02,26.18],[77.09,26.19],[77.12,26.24],[77.21,26.24],[77.29,26.3],[77.33,26.36],[77.36,26.37],[77.43,26.36],[77.43,26.41],[77.52,26.41],[77.55,26.44],[77.6,26.45],[77.67,26.51],[77.71,26.5],[77.74,26.55],[77.81,26.55],[77.82,26.6],[77.84,26.62],[77.88,26.62],[77.9,26.67],[77.94,26.66],[77.99,26.7],[78.09,26.68],[78.09,26.74],[78.12,26.75],[78.09,26.78],[78.1,26.8],[78.18,26.79],[78.16,26.83],[78.21,26.84],[78.27,26.82],[78.27,26.86],[78.29,26.87],[78.36,26.87],[78.39,26.82],[78.43,26.83],[78.45,26.8],[78.52,26.79],[78.55,26.76],[78.61,26.76],[78.62,26.78],[78.67,26.77],[78.67,26.79],[78.72,26.8],[78.72,26.78],[78.74,26.79],[78.77,26.76],[78.81,26.77],[78.86,26.7],[78.9,26.71],[78.95,26.7],[78.94,26.66],[78.99,26.69],[79.0,26.68],[78.99,26.64],[79.01,26.61],[78.98,26.59],[78.98,26.57],[78.99,26.58],[79.0,26.55],[79.02,26.55],[79.03,26.52],[79.06,26.5],[79.05,26.46],[79.06,26.45],[79.1,26.46],[79.13,26.44],[79.12,26.42],[79.08,26.41],[79.09,26.39],[79.08,26.36],[79.11,26.36],[79.13,26.32],[79.09,26.31],[79.04,26.27],[79.06,26.23],[79.02,26.23],[79.01,26.2],[78.98,26.2],[79.0,26.18],[79.0,26.15],[78.97,26.16],[78.94,26.14],[79.0,26.1],[79.0,26.07],[78.99,26.08],[78.94,26.04],[78.95,26.0],[78.92,25.98],[78.93,25.95],[78.91,25.95],[78.88,25.92],[78.89,25.9],[78.88,25.87],[78.85,25.87],[78.84,25.85],[78.87,25.83],[78.86,25.79],[78.84,25.8],[78.84,25.82],[78.81,25.83],[78.8,25.81],[78.82,25.82],[78.82,25.8],[78.8,25.8],[78.78,25.76],[78.75,25.75],[78.75,25.73],[78.79,25.71],[78.81,25.68],[78.81,25.62],[78.74,25.6],[78.71,25.61],[78.65,25.57],[78.62,25.57],[78.62,25.59],[78.6,25.59],[78.6,25.57],[78.59,25.58],[78.55,25.56],[78.48,25.58],[78.46,25.57],[78.46,25.55],[78.44,25.55],[78.43,25.57],[78.41,25.54],[78.42,25.48],[78.39,25.47],[78.39,25.45],[78.35,25.46],[78.33,25.4],[78.29,25.37],[78.33,25.35],[78.31,25.31],[78.35,25.3],[78.36,25.28],[78.35,25.25],[78.38,25.22],[78.4,25.22],[78.38,25.2],[78.42,25.17],[78.45,25.17],[78.42,25.16],[78.44,25.13],[78.39,25.13],[78.37,25.1],[78.33,25.09],[78.32,25.07],[78.34,25.03],[78.33,25.0],[78.26,24.94],[78.21,24.92],[78.19,24.89],[78.17,24.89],[78.16,24.86],[78.2,24.83],[78.23,24.78],[78.22,24.75],[78.27,24.67],[78.26,24.55],[78.22,24.54],[78.22,24.52],[78.24,24.51],[78.24,24.49],[78.27,24.48],[78.26,24.45],[78.34,24.39],[78.36,24.39],[78.33,24.32],[78.38,24.27],[78.43,24.29],[78.44,24.33],[78.47,24.34],[78.49,24.39],[78.52,24.39],[78.55,24.36],[78.58,24.36],[78.58,24.34],[78.62,24.31],[78.62,24.29],[78.66,24.27],[78.67,24.24],[78.7,24.23],[78.73,24.25],[78.75,24.24],[78.76,24.26],[78.78,24.19],[78.81,24.18],[78.81,24.21],[78.83,24.2],[78.85,24.22],[78.88,24.22],[78.88,24.25],[78.91,24.27],[78.91,24.3],[78.97,24.35],[78.97,24.4],[78.99,24.42],[78.98,24.45],[78.94,24.44],[78.9,24.48],[78.91,24.5],[78.93,24.5],[78.93,24.48],[78.97,24.5],[78.94,24.51],[78.95,24.55],[78.91,24.58],[78.88,24.64],[78.87,24.65],[78.86,24.62],[78.84,24.63],[78.83,24.61],[78.8,24.61],[78.78,24.59],[78.75,24.6],[78.74,24.67],[78.77,24.7],[78.76,24.79],[78.78,24.8],[78.77,24.86],[78.67,24.9],[78.66,24.93],[78.62,24.96],[78.64,25.0],[78.64,25.07],[78.6,25.1],[78.6,25.15],[78.56,25.22],[78.57,25.26],[78.53,25.27],[78.53,25.29],[78.45,25.27],[78.43,25.28],[78.43,25.3],[78.47,25.29],[78.47,25.31],[78.49,25.32],[78.5,25.3],[78.52,25.3],[78.54,25.32],[78.52,25.36],[78.53,25.37],[78.58,25.35],[78.58,25.38],[78.56,25.38],[78.56,25.4],[78.59,25.39],[78.6,25.42],[78.64,25.41],[78.63,25.44],[78.69,25.45],[78.7,25.43],[78.66,25.39],[78.67,25.38],[78.7,25.39],[78.71,25.35],[78.77,25.36],[78.75,25.39],[78.76,25.4],[78.74,25.41],[78.81,25.43],[78.8,25.44],[78.76,25.43],[78.72,25.46],[78.73,25.5],[78.74,25.48],[78.81,25.48],[78.85,25.45],[78.86,25.47],[78.83,25.5],[78.83,25.52],[78.88,25.52],[78.87,25.56],[78.91,25.56],[78.92,25.54],[78.92,25.56],[78.94,25.56],[78.94,25.53],[78.93,25.52],[78.92,25.53],[78.94,25.48],[78.9,25.45],[78.93,25.43],[78.96,25.44],[78.98,25.39],[78.94,25.35],[78.96,25.35],[78.95,25.31],[78.97,25.29],[78.94,25.28],[78.95,25.26],[78.93,25.26],[78.92,25.28],[78.9,25.25],[78.88,25.26],[78.87,25.25],[78.87,25.16],[78.94,25.22],[79.0,25.2],[78.99,25.24],[78.97,25.24],[79.0,25.28],[79.02,25.27],[79.01,25.25],[79.03,25.25],[79.03,25.23],[79.06,25.23],[79.02,25.19],[79.04,25.17],[79.02,25.14],[79.06,25.15],[79.06,25.17],[79.09,25.19],[79.12,25.16],[79.11,25.14],[79.13,25.13],[79.11,25.12],[79.12,25.11],[79.14,25.12],[79.17,25.11],[79.18,25.12],[79.17,25.15],[79.19,25.15],[79.21,25.12],[79.24,25.12],[79.24,25.14],[79.22,25.14],[79.23,25.16],[79.26,25.16],[79.25,25.13],[79.28,25.12],[79.31,25.14],[79.31,25.17],[79.28,25.19],[79.27,25.25],[79.33,25.22],[79.34,25.27],[79.33,25.28],[79.31,25.26],[79.29,25.29],[79.28,25.27],[79.26,25.27],[79.26,25.31],[79.29,25.34],[79.33,25.34],[79.35,25.33],[79.33,25.32],[79.34,25.31],[79.33,25.29],[79.35,25.29],[79.36,25.26],[79.37,25.27],[79.36,25.29],[79.4,25.28],[79.4,25.26],[79.48,25.28],[79.43,25.24],[79.44,25.2],[79.41,25.21],[79.38,25.17],[79.4,25.11],[79.42,25.14],[79.44,25.13],[79.43,25.11],[79.47,25.13],[79.46,25.1],[79.49,25.08],[79.5,25.1],[79.52,25.1],[79.51,25.13],[79.57,25.18],[79.57,25.16],[79.6,25.15],[79.6,25.13],[79.75,25.14],[79.82,25.1],[79.85,25.1],[79.84,25.12],[79.87,25.15],[79.85,25.24],[79.91,25.26],[79.91,25.23],[79.94,25.27],[79.98,25.26],[80.0,25.27],[79.99,25.29],[80.01,25.3],[80.02,25.34],[80.07,25.34],[80.08,25.36],[80.13,25.34],[80.16,25.38],[80.19,25.38],[80.19,25.42],[80.21,25.4],[80.23,25.41],[80.25,25.4],[80.25,25.42],[80.27,25.43],[80.31,25.39],[80.3,25.29],[80.34,25.28],[80.38,25.24],[80.39,25.25],[80.42,25.19],[80.42,25.17],[80.37,25.16],[80.28,25.06],[80.27,25.03],[80.31,25.0],[80.36,25.02],[80.38,25.04],[80.37,25.06],[80.38,25.07],[80.41,25.06],[80.41,25.08],[80.46,25.07],[80.48,25.04],[80.5,25.06],[80.49,25.08],[80.5,25.09],[80.48,25.1],[80.51,25.1],[80.52,25.08],[80.56,25.07],[80.56,25.09],[80.59,25.09],[80.59,25.16],[80.61,25.15],[80.61,25.13],[80.62,25.14],[80.63,25.13],[80.6,25.1],[80.62,25.09],[80.64,25.1],[80.66,25.07],[80.67,25.09],[80.68,25.08],[80.67,25.05],[80.71,25.07],[80.78,25.06],[80.77,25.09],[80.72,25.1],[80.73,25.12],[80.7,25.14],[80.8,25.15],[80.83,25.11],[80.84,25.19],[80.88,25.2],[80.91,25.16],[80.86,25.12],[80.87,25.12],[80.86,25.08],[80.88,25.08],[80.83,25.04],[80.85,24.99],[80.79,24.97],[80.8,24.94],[80.83,24.93],[80.88,24.94],[80.88,24.95],[80.94,24.97],[80.95,24.93],[80.97,24.94],[81.02,24.93],[81.01,24.95],[81.05,24.96],[81.08,24.95],[81.08,24.93],[81.13,24.89],[81.13,24.91],[81.16,24.93],[81.16,24.96],[81.21,24.93],[81.2,25.0],[81.22,25.0],[81.26,25.06],[81.25,25.11],[81.27,25.17],[81.31,25.16],[81.35,25.17],[81.39,25.12],[81.41,25.12],[81.42,25.14],[81.44,25.11],[81.4,25.11],[81.48,25.07],[81.51,25.11],[81.48,25.12],[81.49,25.15],[81.53,25.16],[81.51,25.17],[81.51,25.19],[81.57,25.2],[81.59,25.19],[81.58,25.17],[81.62,25.16],[81.62,25.14],[81.59,25.14],[81.6,25.1],[81.61,25.12],[81.63,25.12],[81.63,25.1],[81.59,25.08],[81.61,25.06],[81.64,25.06],[81.66,25.08],[81.66,25.06],[81.68,25.07],[81.68,25.04],[81.73,25.05],[81.79,25.01],[81.83,25.02],[81.88,25.0],[81.91,24.94],[81.9,24.88],[81.92,24.88],[81.93,24.85],[81.95,24.85],[81.96,24.83],[82.0,24.85],[82.09,24.82],[82.11,24.79],[82.13,24.8],[82.16,24.79],[82.19,24.82],[82.18,24.8],[82.21,24.8],[82.21,24.78],[82.19,24.78],[82.2,24.76],[82.17,24.74],[82.21,24.74],[82.2,24.75],[82.21,24.76],[82.22,24.75],[82.23,24.77],[82.24,24.75],[82.24,24.78],[82.25,24.74],[82.23,24.67],[82.3,24.67],[82.29,24.61],[82.35,24.62],[82.35,24.6],[82.41,24.6],[82.4,24.68],[82.43,24.71],[82.45,24.69],[82.44,24.68],[82.52,24.68],[82.53,24.65],[82.67,24.7],[82.7,24.68],[82.69,24.66],[82.7,24.64],[82.76,24.65],[82.76,24.6],[82.8,24.6],[82.8,24.55],[82.75,24.54],[82.71,24.56],[82.72,24.51],[82.74,24.5],[82.72,24.48],[82.73,24.43],[82.71,24.42],[82.71,24.38],[82.76,24.38],[82.77,24.31],[82.75,24.24],[82.73,24.23],[82.74,24.17],[82.72,24.16],[82.72,24.14],[82.69,24.14],[82.67,24.16],[82.66,24.12],[82.71,24.08],[82.77,24.08],[82.74,24.02],[82.8,24.01],[82.81,23.96],[82.75,23.94],[82.75,23.92],[82.65,23.91],[82.66,23.87],[82.63,23.84],[82.59,23.82],[82.54,23.83],[82.53,23.82],[82.54,23.79],[82.52,23.78],[82.48,23.79],[82.47,23.81],[82.33,23.8],[82.28,23.82],[82.22,23.81],[82.2,23.85],[82.17,23.84],[82.17,23.82],[82.04,23.82],[82.03,23.83],[82.04,23.84],[82.01,23.86],[81.95,23.85],[81.93,23.87],[81.91,23.87],[81.89,23.84],[81.85,23.82],[81.77,23.81],[81.72,23.84],[81.72,23.86],[81.7,23.86],[81.7,23.89],[81.69,23.88],[81.67,23.92],[81.61,23.91],[81.6,23.84],[81.63,23.84],[81.64,23.77],[81.68,23.75],[81.67,23.74],[81.69,23.72],[81.65,23.68],[81.65,23.66],[81.61,23.66],[81.6,23.6],[81.57,23.59],[81.58,23.55],[81.61,23.55],[81.61,23.5],[81.62,23.49],[81.65,23.5],[81.65,23.53],[81.69,23.52],[81.71,23.53],[81.73,23.57],[81.75,23.57],[81.76,23.55],[81.8,23.55],[81.82,23.51],[81.87,23.51],[81.91,23.54],[81.95,23.5],[81.95,23.47],[81.98,23.43],[81.97,23.42],[81.98,23.41],[82.02,23.42],[82.02,23.38],[82.1,23.4],[82.11,23.35],[82.14,23.36],[82.16,23.33],[82.19,23.33],[82.19,23.28],[82.14,23.23],[82.15,23.14],[82.13,23.13],[82.12,23.1],[82.06,23.12],[82.03,23.08],[81.98,23.09],[81.92,23.06],[81.94,22.96],[81.87,22.91],[81.86,22.92],[81.86,22.89],[81.77,22.87],[81.76,22.83],[81.78,22.8],[81.77,22.79],[81.78,22.76],[81.75,22.73],[81.77,22.67],[81.74,22.65],[81.74,22.67],[81.72,22.68],[81.71,22.65],[81.68,22.65],[81.64,22.61],[81.65,22.57],[81.62,22.56],[81.62,22.54],[81.57,22.55],[81.56,22.53],[81.52,22.54],[81.51,22.52],[81.5,22.53],[81.49,22.52],[81.48,22.49],[81.45,22.5],[81.44,22.47],[81.42,22.48],[81.42,22.45],[81.4,22.44],[81.38,22.46],[81.38,22.51],[81.31,22.52],[81.32,22.49],[81.3,22.48],[81.27,22.5],[81.26,22.47],[81.21,22.45],[81.19,22.46],[81.2,22.47],[81.19,22.49],[81.17,22.49],[81.1,22.43],[81.12,22.3],[81.07,22.24],[81.06,22.25],[81.02,22.23],[81.03,22.2],[81.01,22.18],[81.02,22.13],[80.97,22.12],[81.0,22.1],[81.0,22.06],[80.97,22.05],[80.95,22.12],[80.91,22.12],[80.85,21.99],[80.85,21.96],[80.82,21.96],[80.84,21.94],[80.82,21.91],[80.83,21.9],[80.82,21.89],[80.84,21.88],[80.83,21.79],[80.8,21.74],[80.78,21.74],[80.77,21.76],[80.73,21.75],[80.71,21.68],[80.72,21.64],[80.71,21.55],[80.73,21.54],[80.72,21.52],[80.73,21.46],[80.7,21.43],[80.67,21.34],[80.64,21.32],[80.59,21.32],[80.57,21.35],[80.56,21.34],[80.55,21.37],[80.49,21.4],[80.45,21.4],[80.44,21.37],[80.4,21.38],[80.39,21.41],[80.41,21.45],[80.37,21.49],[80.37,21.53],[80.33,21.54],[80.32,21.58],[80.29,21.58],[80.26,21.62],[80.18,21.63],[80.14,21.6],[80.11,21.61],[80.11,21.59],[80.09,21.59],[80.06,21.55],[80.03,21.56],[79.99,21.53],[79.97,21.56],[79.93,21.56],[79.92,21.52],[79.85,21.53],[79.74,21.6],[79.66,21.58],[79.63,21.55],[79.61,21.56],[79.58,21.54],[79.56,21.55],[79.54,21.54],[79.53,21.55],[79.54,21.57],[79.51,21.58],[79.5,21.61],[79.51,21.63],[79.49,21.67],[79.46,21.69],[79.45,21.68],[79.41,21.69],[79.39,21.67],[79.28,21.69],[79.26,21.72],[79.23,21.72],[79.22,21.65],[79.15,21.66],[79.13,21.63],[79.1,21.62],[79.1,21.6],[79.01,21.6],[79.0,21.62],[78.97,21.62],[78.94,21.59],[78.91,21.59],[78.91,21.57],[78.93,21.56],[78.9,21.55],[78.92,21.54],[78.92,21.52],[78.94,21.52],[78.93,21.49],[78.89,21.5],[78.88,21.48],[78.85,21.5],[78.78,21.49],[78.78,21.47],[78.76,21.47],[78.75,21.49],[78.72,21.46],[78.7,21.48],[78.6,21.48],[78.56,21.52],[78.52,21.53],[78.5,21.53],[78.47,21.5],[78.43,21.5],[78.41,21.58],[78.42,21.6],[78.37,21.62],[78.37,21.58],[78.34,21.59],[78.3,21.57],[78.3,21.59],[78.26,21.59],[78.27,21.57],[78.25,21.56],[78.24,21.57],[78.22,21.55],[78.18,21.56],[78.17,21.55],[78.18,21.51],[78.13,21.47],[78.04,21.44],[77.98,21.4],[77.94,21.4],[77.92,21.38],[77.8,21.41],[77.77,21.38],[77.75,21.39],[77.73,21.36],[77.71,21.36],[77.69,21.4],[77.67,21.37],[77.66,21.39],[77.6,21.39],[77.61,21.37],[77.58,21.36],[77.55,21.38],[77.49,21.38],[77.47,21.46],[77.44,21.47],[77.42,21.52],[77.42,21.54],[77.43,21.55],[77.44,21.54],[77.45,21.56],[77.57,21.53],[77.61,21.54],[77.57,21.56],[77.57,21.64],[77.54,21.71],[77.52,21.71],[77.52,21.73],[77.48,21.77],[77.46,21.77],[77.28,21.76],[77.29,21.73],[77.22,21.72],[77.21,21.69],[77.18,21.7],[77.19,21.72],[77.17,21.73],[77.16,21.71],[77.12,21.73],[77.06,21.72],[76.98,21.67],[76.91,21.6],[76.85,21.62],[76.83,21.59],[76.79,21.6],[76.78,21.58],[76.79,21.54],[76.76,21.52],[76.79,21.5],[76.78,21.46],[76.74,21.44],[76.72,21.4],[76.62,21.34],[76.66,21.28],[76.66,21.25],[76.64,21.25],[76.62,21.19],[76.56,21.21],[76.53,21.19],[76.49,21.2],[76.45,21.11],[76.41,21.11],[76.41,21.09],[76.38,21.08],[76.27,21.09],[76.17,21.08],[76.17,21.11],[76.15,21.11],[76.13,21.16],[76.11,21.16],[76.13,21.18],[76.17,21.17],[76.17,21.21],[76.14,21.24],[76.16,21.26],[76.13,21.29],[76.1,21.37],[76.05,21.35],[75.96,21.4],[75.87,21.4],[75.83,21.38],[75.81,21.39],[75.62,21.38],[75.61,21.4],[75.58,21.38],[75.52,21.39],[75.39,21.38],[75.37,21.4],[75.3,21.39],[75.3,21.42],[75.21,21.41],[75.19,21.43],[75.12,21.45],[75.09,21.49],[75.08,21.54],[75.05,21.57],[75.02,21.57],[74.98,21.6],[74.94,21.6],[74.91,21.63],[74.85,21.63],[74.83,21.61],[74.72,21.62],[74.65,21.66],[74.59,21.66],[74.59,21.68],[74.56,21.68],[74.55,21.72],[74.51,21.72],[74.52,21.77],[74.5,21.81],[74.53,21.91],[74.49,21.96],[74.46,21.96],[74.44,21.98],[74.45,22.03],[74.39,22.02],[74.34,21.97],[74.3,21.97],[74.3,21.94],[74.28,21.93],[74.18,21.93],[74.17,21.95],[74.15,21.95],[74.14,21.96],[74.15,21.99],[74.1,22.0],[74.1,22.02],[74.15,22.04],[74.14,22.05],[74.18,22.09],[74.15,22.11],[74.13,22.1],[74.12,22.22],[74.07,22.23],[74.09,22.24],[74.06,22.28],[74.08,22.34],[74.07,22.36],[74.12,22.37],[74.13,22.33],[74.19,22.32],[74.2,22.33],[74.19,22.35],[74.2,22.34],[74.21,22.36],[74.23,22.36],[74.23,22.38],[74.29,22.4],[74.27,22.4],[74.25,22.44],[74.21,22.43],[74.2,22.48],[74.18,22.46],[74.19,22.44],[74.16,22.43],[74.16,22.46],[74.14,22.46],[74.13,22.42],[74.1,22.44],[74.11,22.46],[74.08,22.48]],[[75.91,24.51],[75.9,24.52],[75.89,24.52],[75.89,24.51],[75.91,24.51]],[[77.39,25.12],[77.4,25.11],[77.4,25.12],[77.39,25.12]],[[78.66,25.4],[78.66,25.42],[78.65,25.42],[78.65,25.41],[78.66,25.4]],[[78.83,25.43],[78.84,25.45],[78.81,25.45],[78.83,25.43]],[[78.94,25.35],[78.89,25.38],[78.93,25.38],[78.95,25.4],[78.87,25.39],[78.84,25.33],[78.78,25.3],[78.79,25.29],[78.81,25.3],[78.82,25.25],[78.85,25.23],[78.85,25.26],[78.87,25.28],[78.86,25.32],[78.88,25.33],[78.88,25.35],[78.9,25.34],[78.92,25.35],[78.93,25.33],[78.94,25.35]],[[79.33,25.22],[79.33,25.2],[79.35,25.21],[79.33,25.22]],[[80.38,25.03],[80.37,25.01],[80.39,25.01],[80.38,25.03]],[[80.59,25.09],[80.6,25.07],[80.61,25.07],[80.61,25.08],[80.59,25.09]],[[80.89,24.95],[80.89,24.94],[80.9,24.94],[80.89,24.95]],[[81.31,25.16],[81.3,25.14],[81.32,25.12],[81.32,25.14],[81.31,25.16]],[[81.52,25.15],[81.52,25.14],[81.53,25.15],[81.52,25.15]],[[82.21,24.74],[82.21,24.73],[82.22,24.74],[82.21,24.74]]]}},{"type":"Feature","properties":{"NAME_1":"Maharashtra"},"geometry":{"type":"Polygon","coordinates":[[[72.67,19.93],[72.7,19.97],[72.72,19.97],[72.71,20.08],[72.73,20.08],[72.74,20.14],[72.81,20.13],[72.8,20.15],[72.83,20.15],[72.83,20.19],[72.87,20.21],[72.87,20.23],[72.97,20.21],[72.99,20.18],[72.97,20.13],[72.99,20.11],[73.01,20.12],[73.03,20.08],[73.06,20.07],[73.06,20.1],[73.11,20.08],[73.14,20.09],[73.18,20.05],[73.2,20.06],[73.23,20.14],[73.26,20.13],[73.29,20.15],[73.29,20.2],[73.31,20.21],[73.37,20.19],[73.39,20.21],[73.43,20.2],[73.42,20.23],[73.42,20.28],[73.44,20.28],[73.43,20.34],[73.41,20.38],[73.39,20.37],[73.39,20.39],[73.43,20.41],[73.45,20.47],[73.48,20.5],[73.47,20.52],[73.5,20.54],[73.48,20.54],[73.48,20.59],[73.45,20.59],[73.4,20.64],[73.41,20.66],[73.44,20.66],[73.44,20.68],[73.46,20.69],[73.45,20.71],[73.49,20.71],[73.5,20.65],[73.54,20.67],[73.56,20.65],[73.61,20.64],[73.64,20.59],[73.63,20.58],[73.67,20.56],[73.69,20.58],[73.75,20.57],[73.78,20.6],[73.85,20.62],[73.85,20.67],[73.83,20.67],[73.82,20.69],[73.86,20.69],[73.88,20.73],[73.92,20.72],[73.95,20.74],[73.94,20.76],[73.95,20.84],[73.93,20.84],[73.93,20.9],[73.9,20.93],[73.9,20.96],[73.92,20.96],[73.91,20.98],[73.86,21.0],[73.85,20.99],[73.81,21.0],[73.81,21.02],[73.77,21.01],[73.78,21.03],[73.74,21.06],[73.75,21.11],[73.74,21.1],[73.71,21.12],[73.69,21.1],[73.63,21.12],[73.6,21.16],[73.59,21.15],[73.59,21.17],[73.61,21.18],[73.61,21.16],[73.64,21.15],[73.64,21.13],[73.67,21.15],[73.74,21.14],[73.75,21.15],[73.74,21.17],[73.78,21.16],[73.79,21.18],[73.82,21.17],[73.84,21.2],[73.82,21.2],[73.82,21.23],[73.84,21.24],[73.83,21.27],[73.89,21.26],[73.95,21.3],[73.96,21.39],[73.98,21.39],[74.01,21.42],[74.05,21.42],[74.07,21.48],[74.1,21.45],[74.12,21.46],[74.16,21.45],[74.18,21.47],[74.22,21.46],[74.22,21.48],[74.26,21.46],[74.27,21.48],[74.33,21.49],[74.34,21.54],[74.31,21.54],[74.31,21.56],[74.29,21.56],[74.27,21.53],[74.25,21.55],[74.2,21.53],[74.19,21.56],[74.06,21.56],[73.98,21.54],[73.99,21.52],[73.97,21.52],[73.96,21.54],[73.96,21.52],[73.94,21.51],[73.91,21.52],[73.89,21.5],[73.88,21.51],[73.86,21.5],[73.82,21.6],[73.79,21.63],[73.81,21.64],[73.85,21.63],[73.89,21.65],[73.9,21.7],[73.83,21.76],[73.84,21.8],[73.81,21.82],[73.84,21.84],[73.94,21.86],[74.06,21.93],[74.14,21.95],[74.17,21.95],[74.18,21.93],[74.28,21.93],[74.3,21.94],[74.3,21.97],[74.34,21.97],[74.39,22.02],[74.45,22.03],[74.44,21.98],[74.46,21.96],[74.49,21.96],[74.53,21.91],[74.5,21.81],[74.52,21.77],[74.51,21.72],[74.55,21.72],[74.56,21.68],[74.59,21.68],[74.59,21.66],[74.65,21.66],[74.68,21.65],[74.69,21.63],[74.78,21.61],[74.91,21.63],[74.94,21.6],[74.98,21.6],[75.02,21.57],[75.05,21.57],[75.08,21.54],[75.09,21.49],[75.12,21.45],[75.19,21.43],[75.21,21.41],[75.3,21.42],[75.3,21.39],[75.37,21.4],[75.39,21.38],[75.41,21.39],[75.58,21.38],[75.61,21.4],[75.62,21.38],[75.69,21.39],[75.83,21.38],[75.87,21.4],[75.96,21.4],[76.05,21.35],[76.1,21.37],[76.13,21.29],[76.16,21.26],[76.14,21.24],[76.17,21.21],[76.17,21.17],[76.13,21.18],[76.11,21.16],[76.13,21.16],[76.14,21.12],[76.17,21.11],[76.17,21.08],[76.18,21.09],[76.38,21.08],[76.41,21.09],[76.41,21.11],[76.45,21.11],[76.49,21.2],[76.53,21.19],[76.56,21.21],[76.62,21.19],[76.64,21.25],[76.66,21.25],[76.66,21.28],[76.62,21.34],[76.72,21.4],[76.74,21.44],[76.78,21.46],[76.79,21.5],[76.76,21.52],[76.79,21.54],[76.78,21.55],[76.79,21.6],[76.83,21.59],[76.85,21.62],[76.91,21.6],[76.98,21.67],[77.06,21.72],[77.12,21.73],[77.16,21.71],[77.17,21.73],[77.19,21.72],[77.18,21.7],[77.21,21.69],[77.22,21.72],[77.29,21.73],[77.28,21.76],[77.48,21.77],[77.52,21.73],[77.52,21.71],[77.54,21.71],[77.57,21.64],[77.57,21.56],[77.61,21.54],[77.57,21.53],[77.45,21.56],[77.44,21.54],[77.43,21.55],[77.42,21.54],[77.42,21.52],[77.44,21.47],[77.47,21.46],[77.49,21.38],[77.55,21.38],[77.58,21.36],[77.61,21.37],[77.6,21.39],[77.66,21.39],[77.67,21.37],[77.69,21.4],[77.71,21.36],[77.73,21.36],[77.75,21.39],[77.77,21.38],[77.8,21.41],[77.92,21.38],[77.94,21.4],[77.98,21.4],[78.04,21.44],[78.13,21.47],[78.18,21.51],[78.17,21.53],[78.18,21.56],[78.22,21.55],[78.24,21.57],[78.25,21.56],[78.27,21.57],[78.26,21.59],[78.3,21.59],[78.3,21.57],[78.34,21.59],[78.37,21.58],[78.37,21.62],[78.42,21.6],[78.41,21.58],[78.43,21.5],[78.47,21.5],[78.5,21.53],[78.52,21.53],[78.56,21.52],[78.6,21.48],[78.7,21.48],[78.72,21.46],[78.75,21.49],[78.76,21.47],[78.78,21.47],[78.78,21.49],[78.85,21.5],[78.88,21.48],[78.89,21.5],[78.93,21.49],[78.94,21.52],[78.92,21.52],[78.92,21.54],[78.9,21.55],[78.93,21.56],[78.91,21.57],[78.91,21.59],[78.94,21.59],[78.97,21.62],[79.0,21.62],[79.01,21.6],[79.1,21.6],[79.1,21.62],[79.13,21.63],[79.15,21.66],[79.22,21.65],[79.23,21.72],[79.26,21.72],[79.28,21.69],[79.39,21.67],[79.41,21.69],[79.43,21.68],[79.46,21.69],[79.49,21.67],[79.51,21.63],[79.5,21.62],[79.51,21.58],[79.54,21.57],[79.53,21.55],[79.54,21.54],[79.56,21.55],[79.58,21.54],[79.61,21.56],[79.63,21.55],[79.66,21.58],[79.74,21.6],[79.85,21.53],[79.92,21.52],[79.93,21.56],[79.97,21.56],[79.99,21.53],[80.03,21.56],[80.06,21.55],[80.09,21.59],[80.11,21.59],[80.11,21.61],[80.14,21.6],[80.18,21.63],[80.26,21.62],[80.29,21.58],[80.32,21.58],[80.33,21.54],[80.37,21.53],[80.37,21.49],[80.41,21.45],[80.39,21.41],[80.4,21.38],[80.44,21.37],[80.45,21.4],[80.49,21.4],[80.55,21.37],[80.56,21.34],[80.57,21.35],[80.59,21.32],[80.67,21.32],[80.67,21.29],[80.64,21.28],[80.64,21.25],[80.6,21.22],[80.57,21.22],[80.56,21.2],[80.51,21.2],[80.51,21.18],[80.45,21.17],[80.44,21.13],[80.45,21.12],[80.44,21.11],[80.45,21.03],[80.43,21.02],[80.44,20.96],[80.46,20.93],[80.54,20.93],[80.56,20.82],[80.54,20.79],[80.56,20.71],[80.58,20.69],[80.57,20.67],[80.48,20.64],[80.48,20.61],[80.52,20.58],[80.56,20.61],[80.62,20.61],[80.61,20.49],[80.59,20.45],[80.59,20.38],[80.61,20.37],[80.62,20.33],[80.54,20.31],[80.54,20.29],[80.51,20.27],[80.46,20.27],[80.38,20.24],[80.41,20.21],[80.41,20.19],[80.38,20.16],[80.39,20.14],[80.43,20.13],[80.5,20.14],[80.54,20.11],[80.53,20.09],[80.55,20.07],[80.53,20.0],[80.55,19.99],[80.52,19.93],[80.47,19.93],[80.46,19.95],[80.41,19.94],[80.41,19.9],[80.48,19.9],[80.5,19.87],[80.46,19.84],[80.46,19.82],[80.43,19.81],[80.4,19.82],[80.39,19.79],[80.43,19.8],[80.48,19.77],[80.48,19.8],[80.46,19.81],[80.48,19.83],[80.54,19.82],[80.55,19.76],[80.57,19.76],[80.59,19.73],[80.67,19.69],[80.66,19.61],[80.72,19.61],[80.79,19.56],[80.82,19.57],[80.85,19.52],[80.89,19.51],[80.89,19.46],[80.87,19.44],[80.79,19.43],[80.81,19.38],[80.85,19.36],[80.73,19.28],[80.69,19.28],[80.69,19.31],[80.67,19.33],[80.62,19.3],[80.6,19.31],[80.57,19.4],[80.51,19.34],[80.48,19.34],[80.43,19.25],[80.38,19.24],[80.39,19.19],[80.32,19.14],[80.33,19.11],[80.32,19.06],[80.29,19.05],[80.3,19.03],[80.27,19.0],[80.26,18.94],[80.34,18.86],[80.35,18.81],[80.29,18.79],[80.28,18.76],[80.24,18.76],[80.27,18.72],[80.25,18.7],[80.2,18.7],[80.19,18.68],[80.15,18.7],[80.1,18.68],[80.01,18.77],[79.93,18.78],[79.89,18.83],[79.93,18.84],[79.94,18.86],[79.94,18.96],[79.92,19.05],[79.86,19.03],[79.86,19.12],[79.94,19.16],[79.92,19.23],[79.96,19.3],[79.97,19.41],[79.92,19.49],[79.87,19.5],[79.82,19.54],[79.81,19.58],[79.79,19.58],[79.78,19.6],[79.64,19.58],[79.61,19.55],[79.6,19.5],[79.55,19.52],[79.54,19.55],[79.51,19.54],[79.52,19.52],[79.47,19.5],[79.46,19.52],[79.43,19.54],[79.41,19.53],[79.37,19.57],[79.31,19.57],[79.29,19.6],[79.24,19.61],[79.25,19.59],[79.24,19.53],[79.21,19.5],[79.22,19.46],[79.18,19.46],[79.16,19.49],[79.1,19.51],[79.1,19.53],[79.06,19.53],[79.05,19.55],[79.04,19.54],[79.01,19.54],[79.0,19.56],[78.95,19.55],[78.98,19.58],[78.96,19.62],[78.97,19.65],[78.94,19.67],[78.86,19.66],[78.85,19.76],[78.8,19.76],[78.78,19.78],[78.71,19.77],[78.7,19.79],[78.6,19.82],[78.58,19.81],[78.52,19.82],[78.49,19.79],[78.48,19.82],[78.41,19.83],[78.38,19.86],[78.38,19.88],[78.32,19.89],[78.34,19.91],[78.32,19.92],[78.29,19.85],[78.34,19.84],[78.34,19.81],[78.36,19.81],[78.37,19.78],[78.34,19.72],[78.35,19.71],[78.27,19.67],[78.31,19.61],[78.31,19.57],[78.28,19.56],[78.3,19.54],[78.31,19.46],[78.22,19.43],[78.21,19.41],[78.18,19.41],[78.18,19.35],[78.2,19.33],[78.18,19.24],[78.15,19.23],[78.13,19.25],[78.05,19.24],[78.05,19.27],[78.03,19.27],[78.02,19.3],[77.95,19.34],[77.86,19.3],[77.86,19.28],[77.91,19.27],[77.87,19.26],[77.84,19.19],[77.86,19.18],[77.83,19.14],[77.85,19.09],[77.8,19.1],[77.8,19.05],[77.76,19.06],[77.76,19.02],[77.77,18.98],[77.82,18.98],[77.81,18.95],[77.85,18.95],[77.84,18.91],[77.88,18.91],[77.9,18.87],[77.93,18.86],[77.92,18.85],[77.95,18.83],[77.84,18.81],[77.79,18.68],[77.76,18.71],[77.73,18.68],[77.73,18.64],[77.75,18.61],[77.74,18.55],[77.66,18.53],[77.65,18.55],[77.62,18.54],[77.6,18.55],[77.6,18.47],[77.59,18.48],[77.55,18.47],[77.59,18.45],[77.53,18.44],[77.54,18.42],[77.56,18.42],[77.52,18.36],[77.57,18.31],[77.55,18.29],[77.51,18.31],[77.51,18.28],[77.47,18.26],[77.43,18.29],[77.44,18.31],[77.36,18.31],[77.39,18.35],[77.4,18.34],[77.39,18.37],[77.41,18.39],[77.37,18.4],[77.36,18.43],[77.37,18.45],[77.35,18.45],[77.34,18.43],[77.33,18.46],[77.24,18.41],[77.23,18.39],[77.25,18.37],[77.23,18.37],[77.22,18.32],[77.21,18.31],[77.2,18.32],[77.21,18.28],[77.19,18.27],[77.17,18.28],[77.15,18.22],[77.1,18.2],[77.12,18.17],[77.11,18.15],[77.1,18.16],[77.06,18.15],[77.04,18.18],[77.02,18.18],[77.02,18.16],[76.99,18.19],[76.96,18.19],[76.94,18.15],[76.93,18.16],[76.92,18.12],[76.97,18.1],[76.95,18.09],[76.95,18.04],[76.92,18.03],[76.91,17.94],[76.92,17.92],[76.88,17.89],[76.85,17.9],[76.81,17.87],[76.77,17.88],[76.77,17.9],[76.74,17.9],[76.74,17.86],[76.79,17.83],[76.78,17.8],[76.75,17.78],[76.71,17.78],[76.73,17.74],[76.7,17.73],[76.69,17.68],[76.66,17.69],[76.66,17.72],[76.63,17.73],[76.63,17.76],[76.61,17.77],[76.58,17.7],[76.56,17.75],[76.57,17.76],[76.52,17.76],[76.53,17.73],[76.49,17.71],[76.49,17.66],[76.45,17.66],[76.42,17.6],[76.33,17.59],[76.34,17.54],[76.36,17.54],[76.37,17.52],[76.34,17.51],[76.34,17.49],[76.37,17.5],[76.38,17.49],[76.33,17.47],[76.33,17.43],[76.36,17.44],[76.37,17.43],[76.36,17.38],[76.41,17.37],[76.38,17.31],[76.35,17.31],[76.34,17.35],[76.32,17.35],[76.32,17.33],[76.28,17.33],[76.25,17.37],[76.17,17.35],[76.18,17.3],[76.16,17.3],[76.16,17.34],[76.12,17.37],[76.09,17.35],[76.09,17.33],[76.07,17.33],[76.06,17.35],[76.01,17.35],[75.93,17.32],[75.91,17.35],[75.89,17.35],[75.9,17.37],[75.89,17.42],[75.86,17.39],[75.85,17.42],[75.82,17.42],[75.82,17.37],[75.79,17.37],[75.77,17.41],[75.74,17.42],[75.69,17.41],[75.68,17.46],[75.64,17.48],[75.61,17.42],[75.62,17.39],[75.58,17.38],[75.58,17.35],[75.62,17.33],[75.61,17.3],[75.63,17.29],[75.63,17.27],[75.66,17.27],[75.66,17.2],[75.63,17.19],[75.63,17.16],[75.65,17.14],[75.65,17.11],[75.68,17.1],[75.68,17.06],[75.65,17.06],[75.64,17.04],[75.67,17.04],[75.68,16.96],[75.65,16.95],[75.64,16.97],[75.61,16.97],[75.6,17.01],[75.57,17.01],[75.57,16.96],[75.53,16.97],[75.49,16.94],[75.49,16.97],[75.47,16.99],[75.44,16.98],[75.43,16.96],[75.39,16.98],[75.35,16.95],[75.28,16.95],[75.29,16.88],[75.27,16.86],[75.24,16.86],[75.23,16.84],[75.18,16.84],[75.19,16.87],[75.17,16.86],[75.14,16.87],[75.12,16.91],[75.09,16.92],[75.09,16.95],[75.05,16.93],[75.0,16.95],[74.99,16.93],[74.93,16.94],[74.94,16.91],[74.97,16.91],[74.96,16.88],[74.91,16.86],[74.92,16.77],[74.85,16.77],[74.78,16.75],[74.75,16.72],[74.7,16.72],[74.69,16.68],[74.7,16.67],[74.66,16.64],[74.69,16.62],[74.69,16.6],[74.64,16.61],[74.64,16.58],[74.57,16.55],[74.55,16.63],[74.49,16.63],[74.47,16.66],[74.46,16.65],[74.47,16.6],[74.4,16.58],[74.39,16.53],[74.36,16.55],[74.32,16.55],[74.31,16.5],[74.31,16.53],[74.27,16.54],[74.3,16.5],[74.29,16.47],[74.31,16.45],[74.34,16.45],[74.34,16.4],[74.37,16.4],[74.36,16.36],[74.35,16.39],[74.33,16.38],[74.32,16.35],[74.33,16.31],[74.35,16.29],[74.42,16.28],[74.42,16.26],[74.46,16.24],[74.48,16.25],[74.5,16.24],[74.51,16.22],[74.49,16.16],[74.5,16.1],[74.48,16.09],[74.43,16.11],[74.37,16.06],[74.38,16.04],[74.43,16.06],[74.47,16.05],[74.44,15.95],[74.39,15.9],[74.41,15.85],[74.37,15.83],[74.37,15.78],[74.29,15.74],[74.24,15.74],[74.23,15.79],[74.2,15.75],[74.17,15.75],[74.13,15.72],[74.14,15.69],[74.13,15.67],[74.1,15.67],[74.12,15.65],[74.11,15.64],[74.04,15.62],[74.03,15.6],[73.97,15.64],[73.98,15.66],[73.95,15.74],[73.88,15.75],[73.89,15.77],[73.87,15.8],[73.84,15.75],[73.79,15.72],[73.7,15.72],[73.65,15.74],[73.67,15.75],[73.66,15.8],[73.64,15.81],[73.63,15.85],[73.61,15.85],[73.6,15.9],[73.5,15.95],[73.51,15.97],[73.49,15.98],[73.49,16.03],[73.46,16.05],[73.47,16.08],[73.41,16.26],[73.42,16.29],[73.39,16.31],[73.4,16.36],[73.37,16.36],[73.37,16.38],[73.4,16.4],[73.37,16.4],[73.36,16.45],[73.34,16.46],[73.33,16.51],[73.31,16.53],[73.31,16.55],[73.33,16.56],[73.35,16.54],[73.36,16.57],[73.32,16.58],[73.32,16.61],[73.35,16.62],[73.33,16.62],[73.34,16.64],[73.32,16.64],[73.33,16.65],[73.33,16.69],[73.31,16.71],[73.32,16.81],[73.3,16.81],[73.29,16.83],[73.28,16.89],[73.29,16.99],[73.27,16.99],[73.28,17.02],[73.26,17.02],[73.26,17.05],[73.27,17.04],[73.29,17.05],[73.28,17.09],[73.29,17.11],[73.27,17.11],[73.26,17.18],[73.23,17.19],[73.25,17.21],[73.23,17.23],[73.23,17.26],[73.19,17.29],[73.2,17.31],[73.23,17.28],[73.24,17.32],[73.22,17.32],[73.23,17.34],[73.2,17.39],[73.19,17.38],[73.17,17.39],[73.17,17.41],[73.19,17.41],[73.19,17.49],[73.18,17.52],[73.14,17.54],[73.14,17.57],[73.16,17.57],[73.17,17.59],[73.14,17.6],[73.13,17.62],[73.14,17.65],[73.11,17.68],[73.11,17.7],[73.13,17.7],[73.13,17.74],[73.11,17.8],[73.08,17.81],[73.1,17.85],[73.08,17.85],[73.08,17.88],[73.05,17.9],[73.05,17.93],[73.03,17.94],[73.04,17.99],[73.02,17.99],[73.01,18.05],[72.99,18.05],[73.0,18.09],[72.97,18.12],[72.99,18.14],[72.99,18.2],[72.93,18.22],[72.94,18.28],[72.97,18.28],[72.98,18.24],[73.01,18.25],[73.07,18.23],[73.07,18.2],[73.08,18.24],[73.06,18.25],[73.06,18.28],[73.05,18.27],[72.99,18.28],[72.95,18.34],[72.91,18.35],[72.93,18.39],[72.91,18.39],[72.9,18.5],[72.91,18.53],[72.93,18.54],[72.89,18.63],[72.86,18.65],[72.87,18.75],[72.86,18.8],[72.92,18.79],[72.93,18.82],[72.95,18.82],[72.96,18.79],[72.98,18.8],[72.98,18.86],[72.92,18.85],[72.91,18.9],[72.96,18.91],[72.96,18.93],[72.94,18.94],[72.95,18.97],[72.98,18.96],[73.03,19.0],[73.0,19.0],[73.0,19.05],[72.96,19.06],[72.96,19.03],[72.94,19.01],[72.86,19.0],[72.83,18.91],[72.82,18.95],[72.8,18.95],[72.81,19.01],[72.84,19.03],[72.84,19.05],[72.82,19.04],[72.83,19.1],[72.81,19.15],[72.8,19.13],[72.78,19.15],[72.78,19.17],[72.8,19.17],[72.8,19.21],[72.78,19.21],[72.78,19.3],[72.8,19.33],[72.79,19.35],[72.77,19.35],[72.75,19.43],[72.75,19.47],[72.78,19.49],[72.78,19.51],[72.77,19.5],[72.74,19.51],[72.74,19.53],[72.72,19.54],[72.71,19.6],[72.73,19.6],[72.73,19.63],[72.71,19.64],[72.71,19.72],[72.69,19.74],[72.68,19.82],[72.65,19.83],[72.65,19.86],[72.68,19.86],[72.67,19.93]],[[72.73,19.97],[72.72,19.96],[72.73,19.96],[72.73,19.97]],[[72.83,20.15],[72.83,20.14],[72.84,20.14],[72.83,20.15]],[[74.36,16.56],[74.37,16.55],[74.37,16.56],[74.36,16.56]],[[74.35,16.29],[74.33,16.29],[74.33,16.27],[74.36,16.27],[74.35,16.29]],[[74.39,15.85],[74.37,15.89],[74.37,15.87],[74.34,15.85],[74.39,15.85]],[[73.44,16.22],[73.45,16.2],[73.45,16.22],[73.44,16.22]],[[73.32,16.82],[73.33,16.81],[73.33,16.82],[73.32,16.82]],[[73.29,16.9],[73.3,16.89],[73.3,16.9],[73.29,16.9]],[[73.28,17.03],[73.29,17.02],[73.29,17.03],[73.28,17.03]],[[73.05,18.28],[73.05,18.3],[73.06,18.31],[73.04,18.31],[73.05,18.28]],[[72.98,18.87],[72.99,18.86],[72.99,18.87],[72.98,18.87]],[[72.8,19.22],[72.81,19.21],[72.81,19.22],[72.8,19.22]],[[72.81,19.23],[72.82,19.22],[72.82,19.23],[72.81,19.23]],[[72.69,19.81],[72.7,19.8],[72.7,19.81],[72.69,19.81]],[[73.07,18.19],[73.06,18.18],[73.07,18.18],[73.07,18.19]],[[73.08,18.18],[73.07,18.17],[73.08,18.17],[73.08,18.18]],[[73.09,18.17],[73.08,18.16],[73.09,18.16],[73.09,18.17]],[[73.36,16.53],[73.35,16.52],[73.36,16.52],[73.36,16.53]],[[73.38,16.52],[73.36,16.51],[73.38,16.51],[73.38,16.52]],[[73.07,18.31],[73.08,18.3],[73.08,18.31],[73.07,18.31]],[[74.28,16.5],[74.26,16.5],[74.25,16.49],[74.28,16.48],[74.28,16.5]],[[72.74,19.95],[72.73,19.94],[72.74,19.94],[72.74,19.95]],[[72.76,19.94],[72.75,19.93],[72.76,19.93],[72.76,19.94]],[[73.38,16.56],[73.39,16.55],[73.39,16.56],[73.38,16.56]],[[73.32,17.04],[73.3,17.03],[73.32,17.03],[73.32,17.04]],[[73.02,18.03],[73.04,18.03],[73.04,18.04],[73.02,18.05],[73.02,18.03]],[[72.81,19.17],[72.82,19.16],[72.82,19.17],[72.81,19.17]],[[72.82,19.25],[72.83,19.24],[72.83,19.25],[72.82,19.25]],[[72.78,19.53],[72.79,19.52],[72.79,19.53],[72.78,19.53]]]}},{"type":"Feature","properties":{"NAME_1":"Manipur"},"geometry":{"type":"Polygon","coordinates":[[[93.08,24.71],[93.12,24.82],[93.15,24.79],[93.2,24.81],[93.19,24.84],[93.2,24.86],[93.22,24.86],[93.25,24.92],[93.24,24.93],[93.25,24.96],[93.26,24.95],[93.25,25.02],[93.27,25.05],[93.3,25.05],[93.31,25.08],[93.34,25.1],[93.35,25.18],[93.39,25.25],[93.47,25.31],[93.48,25.28],[93.51,25.28],[93.5,25.25],[93.51,25.24],[93.56,25.25],[93.59,25.22],[93.59,25.2],[93.61,25.2],[93.64,25.27],[93.67,25.3],[93.66,25.3],[93.67,25.33],[93.69,25.33],[93.69,25.36],[93.72,25.36],[93.72,25.38],[93.74,25.38],[93.74,25.4],[93.78,25.42],[93.81,25.46],[93.81,25.5],[93.79,25.51],[93.77,25.5],[93.77,25.54],[93.89,25.57],[93.97,25.56],[94.01,25.57],[94.01,25.6],[94.09,25.56],[94.09,25.53],[94.14,25.52],[94.16,25.56],[94.19,25.55],[94.21,25.5],[94.29,25.51],[94.31,25.49],[94.39,25.54],[94.42,25.54],[94.43,25.55],[94.42,25.58],[94.47,25.62],[94.49,25.61],[94.51,25.62],[94.57,25.68],[94.57,25.7],[94.6,25.69],[94.58,25.67],[94.59,25.66],[94.58,25.64],[94.59,25.65],[94.6,25.64],[94.56,25.59],[94.56,25.51],[94.65,25.46],[94.68,25.46],[94.68,25.42],[94.63,25.39],[94.59,25.21],[94.65,25.17],[94.75,25.14],[94.75,25.04],[94.74,25.01],[94.7,24.98],[94.72,24.94],[94.63,24.83],[94.64,24.82],[94.62,24.8],[94.63,24.75],[94.59,24.71],[94.58,24.71],[94.57,24.71],[94.55,24.72],[94.54,24.64],[94.49,24.58],[94.46,24.57],[94.43,24.49],[94.4,24.49],[94.41,24.43],[94.4,24.41],[94.37,24.4],[94.39,24.38],[94.35,24.34],[94.33,24.34],[94.33,24.29],[94.3,24.25],[94.28,24.18],[94.26,24.17],[94.25,24.06],[94.23,24.07],[94.25,24.04],[94.19,23.97],[94.2,23.94],[94.19,23.93],[94.17,23.94],[94.16,23.85],[94.14,23.86],[94.12,23.84],[94.1,23.89],[94.05,23.9],[94.03,23.93],[93.98,23.94],[93.97,23.93],[93.93,23.96],[93.81,23.93],[93.81,23.95],[93.77,23.98],[93.76,24.01],[93.66,24.0],[93.63,24.02],[93.61,23.97],[93.58,23.97],[93.56,23.99],[93.55,23.96],[93.51,23.95],[93.47,23.97],[93.47,24.0],[93.42,24.08],[93.37,24.09],[93.36,24.11],[93.34,24.09],[93.34,24.05],[93.29,24.05],[93.26,24.02],[93.25,24.03],[93.27,24.06],[93.25,24.09],[93.22,24.08],[93.23,24.07],[93.22,24.05],[93.17,24.05],[93.17,24.08],[93.15,24.09],[93.13,24.06],[93.1,24.05],[93.1,24.08],[93.08,24.1],[93.05,24.09],[93.01,24.1],[93.0,24.12],[92.98,24.11],[92.97,24.12],[93.01,24.16],[93.0,24.2],[93.02,24.2],[93.03,24.23],[93.01,24.25],[93.01,24.29],[93.04,24.32],[93.04,24.34],[93.02,24.35],[93.02,24.39],[93.0,24.4],[93.04,24.41],[93.03,24.43],[93.05,24.46],[93.05,24.54],[93.07,24.55],[93.06,24.57],[93.11,24.58],[93.08,24.59],[93.09,24.61],[93.08,24.65],[93.1,24.65],[93.08,24.71]],[[94.58,24.71],[94.59,24.72],[94.59,24.73],[94.57,24.73],[94.58,24.71]]]}},{"type":"Feature","properties":{"NAME_1":"Meghalaya"},"geometry":{"type":"Polygon","coordinates":[[[89.84,25.31],[89.82,25.39],[89.85,25.46],[89.86,25.46],[89.88,25.49],[89.87,25.55],[89.97,25.57],[89.98,25.59],[90.0,25.58],[90.02,25.6],[89.94,25.67],[89.94,25.69],[89.9,25.71],[89.89,25.74],[89.93,25.74],[89.96,25.77],[89.95,25.82],[90.0,25.84],[90.02,25.86],[90.0,25.88],[90.04,25.89],[90.06,25.92],[90.11,25.94],[90.11,25.96],[90.18,25.96],[90.18,25.94],[90.19,25.96],[90.21,25.95],[90.32,25.97],[90.36,26.01],[90.41,26.01],[90.43,25.99],[90.48,26.02],[90.51,26.0],[90.53,25.96],[90.51,25.9],[90.53,25.9],[90.58,25.96],[90.63,25.94],[90.61,25.9],[90.63,25.9],[90.63,25.92],[90.69,25.95],[90.74,25.95],[90.76,25.91],[90.78,25.91],[90.81,25.95],[90.88,25.95],[90.91,25.92],[90.94,25.95],[90.97,25.89],[91.01,25.88],[91.03,25.89],[91.0,25.82],[91.02,25.82],[91.05,25.85],[91.08,25.85],[91.05,25.83],[91.06,25.82],[91.15,25.85],[91.18,25.84],[91.2,25.86],[91.18,25.77],[91.19,25.73],[91.22,25.72],[91.29,25.76],[91.33,25.84],[91.38,25.85],[91.44,25.84],[91.47,25.86],[91.51,25.86],[91.47,25.87],[91.49,25.9],[91.5,25.89],[91.52,25.96],[91.54,25.96],[91.57,26.0],[91.57,26.03],[91.63,26.02],[91.62,25.99],[91.64,25.96],[91.63,25.94],[91.61,25.94],[91.65,25.91],[91.68,25.91],[91.72,25.95],[91.73,26.06],[91.83,26.12],[91.85,26.1],[91.88,26.1],[91.87,26.05],[91.88,26.03],[91.92,26.02],[91.92,26.0],[91.99,26.04],[92.06,26.03],[92.09,26.05],[92.12,26.04],[92.17,26.08],[92.24,26.06],[92.3,26.08],[92.16,25.95],[92.16,25.91],[92.19,25.92],[92.23,25.91],[92.18,25.87],[92.15,25.81],[92.17,25.73],[92.15,25.72],[92.17,25.68],[92.16,25.67],[92.23,25.72],[92.32,25.72],[92.38,25.75],[92.44,25.72],[92.43,25.69],[92.47,25.68],[92.5,25.62],[92.56,25.61],[92.57,25.56],[92.59,25.55],[92.66,25.59],[92.64,25.53],[92.58,25.5],[92.57,25.46],[92.6,25.47],[92.61,25.42],[92.65,25.43],[92.71,25.38],[92.74,25.38],[92.74,25.36],[92.79,25.32],[92.78,25.31],[92.79,25.28],[92.76,25.25],[92.8,25.21],[92.78,25.2],[92.75,25.21],[92.66,25.18],[92.66,25.15],[92.64,25.15],[92.62,25.12],[92.52,25.14],[92.53,25.11],[92.48,25.11],[92.46,25.04],[92.41,25.03],[92.35,25.05],[92.36,25.07],[92.35,25.08],[92.31,25.07],[92.21,25.11],[92.22,25.13],[92.19,25.12],[92.17,25.14],[92.14,25.14],[92.14,25.16],[92.09,25.19],[92.04,25.18],[91.91,25.19],[91.81,25.17],[91.75,25.18],[91.74,25.16],[91.75,25.15],[91.71,25.16],[91.7,25.14],[91.67,25.14],[91.65,25.12],[91.63,25.13],[91.63,25.15],[91.6,25.15],[91.61,25.17],[91.47,25.13],[91.47,25.15],[91.44,25.16],[91.43,25.15],[91.43,25.17],[91.41,25.16],[91.34,25.17],[91.3,25.18],[91.29,25.2],[91.08,25.2],[90.94,25.16],[90.81,25.16],[90.8,25.18],[90.77,25.18],[90.75,25.16],[90.75,25.17],[90.69,25.16],[90.66,25.19],[90.65,25.17],[90.5,25.17],[90.45,25.14],[90.42,25.16],[90.38,25.16],[90.35,25.19],[90.08,25.24],[90.02,25.28],[89.98,25.28],[89.98,25.3],[89.91,25.31],[89.89,25.29],[89.84,25.29],[89.83,25.3],[89.84,25.31]],[[90.75,25.91],[90.74,25.92],[90.74,25.91],[90.75,25.91]],[[91.51,25.91],[91.52,25.92],[91.51,25.92],[91.51,25.91]],[[91.52,25.92],[91.53,25.92],[91.54,25.93],[91.52,25.92]],[[91.61,25.17],[91.62,25.17],[91.62,25.18],[91.61,25.17]],[[91.52,25.89],[91.53,25.87],[91.53,25.89],[91.52,25.89]]]}},{"type":"Feature","properties":{"NAME_1":"Mizoram"},"geometry":{"type":"Polygon","coordinates":[[[92.28,23.82],[92.27,23.85],[92.29,23.87],[92.32,23.86],[92.33,23.9],[92.33,23.92],[92.31,23.93],[92.31,23.97],[92.33,23.98],[92.31,24.03],[92.34,24.14],[92.33,24.19],[92.29,24.24],[92.42,24.25],[92.42,24.19],[92.44,24.15],[92.47,24.13],[92.48,24.16],[92.52,24.18],[92.53,24.17],[92.55,24.25],[92.59,24.24],[92.62,24.26],[92.62,24.33],[92.69,24.35],[92.76,24.52],[92.83,24.38],[92.85,24.38],[92.86,24.4],[92.91,24.39],[92.91,24.41],[92.92,24.4],[92.99,24.41],[93.02,24.39],[93.02,24.35],[93.04,24.34],[93.04,24.32],[93.01,24.29],[93.01,24.25],[93.03,24.23],[93.02,24.2],[93.0,24.2],[93.01,24.16],[92.97,24.12],[92.98,24.11],[93.0,24.12],[93.01,24.1],[93.05,24.09],[93.08,24.1],[93.1,24.08],[93.1,24.05],[93.14,24.07],[93.14,24.09],[93.17,24.08],[93.17,24.05],[93.22,24.05],[93.23,24.07],[93.22,24.08],[93.25,24.09],[93.27,24.06],[93.25,24.03],[93.26,24.02],[93.29,24.05],[93.34,24.05],[93.33,23.99],[93.37,23.94],[93.4,23.93],[93.4,23.77],[93.42,23.74],[93.41,23.72],[93.42,23.7],[93.44,23.7],[93.44,23.67],[93.42,23.57],[93.43,23.53],[93.4,23.48],[93.41,23.39],[93.4,23.36],[93.37,23.36],[93.39,23.23],[93.37,23.15],[93.39,23.14],[93.36,23.11],[93.35,23.08],[93.36,23.07],[93.34,23.06],[93.34,23.04],[93.29,23.0],[93.24,23.01],[93.21,23.06],[93.13,23.05],[93.14,23.04],[93.13,23.0],[93.15,22.98],[93.14,22.96],[93.17,22.92],[93.14,22.91],[93.14,22.88],[93.12,22.87],[93.12,22.83],[93.1,22.81],[93.11,22.74],[93.09,22.71],[93.11,22.69],[93.1,22.68],[93.12,22.65],[93.11,22.64],[93.14,22.62],[93.15,22.59],[93.12,22.57],[93.11,22.53],[93.13,22.53],[93.14,22.5],[93.13,22.47],[93.18,22.45],[93.19,22.43],[93.21,22.26],[93.15,22.25],[93.17,22.21],[93.16,22.18],[93.13,22.18],[93.12,22.2],[93.09,22.21],[93.04,22.19],[93.07,22.1],[93.01,22.1],[93.02,22.09],[93.0,22.06],[93.01,21.98],[92.99,21.98],[92.97,22.03],[92.95,22.03],[92.93,22.02],[92.94,22.01],[92.91,21.95],[92.9,22.0],[92.87,22.03],[92.87,22.07],[92.84,22.06],[92.82,22.1],[92.77,22.11],[92.77,22.13],[92.73,22.15],[92.7,22.15],[92.69,22.02],[92.66,22.02],[92.63,21.98],[92.61,21.98],[92.6,22.05],[92.61,22.05],[92.57,22.12],[92.59,22.14],[92.61,22.12],[92.61,22.18],[92.59,22.33],[92.56,22.4],[92.55,22.54],[92.53,22.56],[92.54,22.58],[92.53,22.68],[92.48,22.76],[92.48,22.8],[92.46,22.81],[92.45,22.89],[92.43,22.89],[92.42,22.92],[92.38,22.93],[92.39,23.08],[92.37,23.1],[92.36,23.24],[92.41,23.24],[92.41,23.26],[92.39,23.28],[92.39,23.31],[92.37,23.32],[92.38,23.37],[92.36,23.37],[92.37,23.38],[92.34,23.43],[92.34,23.47],[92.32,23.47],[92.33,23.51],[92.31,23.53],[92.31,23.59],[92.29,23.6],[92.3,23.63],[92.28,23.63],[92.3,23.68],[92.27,23.73],[92.26,23.79],[92.26,23.81],[92.28,23.82]],[[92.68,22.09],[92.69,22.11],[92.68,22.11],[92.68,22.09]]]}},{"type":"Feature","properties":{"NAME_1":"Nagaland"},"geometry":{"type":"Polygon","coordinates":[[[93.34,25.55],[93.35,25.57],[93.37,25.56],[93.42,25.61],[93.41,25.62],[93.49,25.65],[93.55,25.71],[93.54,25.73],[93.57,25.74],[93.57,25.76],[93.61,25.77],[93.64,25.82],[93.67,25.82],[93.69,25.85],[93.71,25.85],[93.69,25.91],[93.74,25.93],[93.77,25.97],[93.79,25.96],[93.8,25.92],[93.78,25.86],[93.8,25.81],[93.83,25.86],[93.89,25.85],[93.92,25.89],[93.98,25.92],[93.95,26.01],[93.99,26.07],[94.0,26.11],[93.99,26.14],[94.01,26.14],[94.0,26.17],[94.04,26.2],[94.05,26.26],[94.08,26.27],[94.1,26.32],[94.13,26.32],[94.12,26.34],[94.18,26.34],[94.18,26.36],[94.16,26.36],[94.18,26.37],[94.17,26.42],[94.21,26.49],[94.28,26.56],[94.29,26.48],[94.32,26.46],[94.32,26.48],[94.35,26.49],[94.35,26.51],[94.38,26.51],[94.38,26.53],[94.4,26.53],[94.41,26.62],[94.46,26.64],[94.46,26.67],[94.5,26.67],[94.54,26.71],[94.56,26.71],[94.56,26.69],[94.58,26.71],[94.59,26.7],[94.6,26.74],[94.62,26.72],[94.69,26.73],[94.74,26.78],[94.76,26.77],[94.82,26.83],[94.82,26.85],[94.89,26.94],[94.93,26.95],[94.97,26.94],[94.98,26.92],[95.02,26.92],[95.04,26.94],[95.09,26.95],[95.11,26.98],[95.2,27.04],[95.23,26.89],[95.21,26.89],[95.18,26.86],[95.21,26.85],[95.2,26.82],[95.22,26.79],[95.24,26.79],[95.22,26.76],[95.24,26.69],[95.21,26.65],[95.15,26.62],[95.15,26.57],[95.11,26.55],[95.12,26.53],[95.07,26.47],[95.07,26.45],[95.11,26.43],[95.1,26.4],[95.14,26.39],[95.12,26.28],[95.12,26.23],[95.14,26.21],[95.12,26.2],[95.12,26.1],[95.15,26.09],[95.17,26.1],[95.19,26.08],[95.11,25.97],[95.06,25.95],[95.02,25.91],[95.05,25.76],[94.94,25.68],[94.92,25.61],[94.89,25.59],[94.9,25.57],[94.84,25.56],[94.81,25.49],[94.65,25.46],[94.56,25.51],[94.56,25.59],[94.6,25.64],[94.58,25.64],[94.59,25.66],[94.58,25.67],[94.6,25.69],[94.58,25.7],[94.51,25.62],[94.49,25.61],[94.47,25.62],[94.44,25.6],[94.42,25.58],[94.43,25.57],[94.42,25.54],[94.39,25.54],[94.31,25.49],[94.29,25.51],[94.21,25.5],[94.19,25.55],[94.16,25.56],[94.14,25.52],[94.09,25.53],[94.09,25.56],[94.01,25.6],[94.01,25.57],[93.97,25.56],[93.93,25.57],[93.83,25.56],[93.81,25.54],[93.77,25.54],[93.77,25.5],[93.79,25.51],[93.81,25.5],[93.81,25.46],[93.78,25.42],[93.74,25.4],[93.74,25.38],[93.72,25.38],[93.72,25.36],[93.69,25.36],[93.69,25.33],[93.67,25.33],[93.66,25.3],[93.67,25.3],[93.64,25.27],[93.61,25.2],[93.59,25.2],[93.59,25.22],[93.56,25.25],[93.51,25.24],[93.5,25.25],[93.51,25.28],[93.47,25.29],[93.48,25.3],[93.45,25.34],[93.48,25.38],[93.46,25.41],[93.47,25.42],[93.43,25.46],[93.42,25.45],[93.39,25.47],[93.39,25.49],[93.34,25.55]]]}},{"type":"Feature","properties":{"NAME_1":"Orissa"},"geometry":{"type":"Polygon","coordinates":[[[82.07,18.07],[82.05,18.04],[82.02,18.06],[82.0,18.02],[81.94,17.98],[81.8,17.94],[81.79,17.91],[81.73,17.87],[81.7,17.86],[81.7,17.88],[81.66,17.88],[81.62,17.82],[81.56,17.83],[81.49,17.8],[81.47,17.82],[81.41,17.82],[81.41,17.8],[81.38,17.81],[81.38,17.83],[81.4,17.84],[81.39,17.89],[81.43,17.87],[81.45,17.9],[81.44,17.92],[81.45,17.95],[81.47,17.95],[81.48,17.97],[81.47,18.03],[81.51,18.09],[81.52,18.16],[81.5,18.18],[81.53,18.24],[81.52,18.25],[81.57,18.27],[81.59,18.3],[81.66,18.31],[81.65,18.34],[81.74,18.34],[81.76,18.41],[81.85,18.49],[81.85,18.51],[81.9,18.53],[81.9,18.56],[81.95,18.56],[81.94,18.57],[81.95,18.59],[81.89,18.62],[81.89,18.65],[81.95,18.63],[81.96,18.69],[82.03,18.72],[82.08,18.71],[82.09,18.75],[82.08,18.76],[82.13,18.76],[82.16,18.79],[82.17,18.9],[82.24,18.91],[82.23,19.01],[82.19,19.06],[82.21,19.08],[82.2,19.12],[82.18,19.13],[82.16,19.11],[82.17,19.13],[82.16,19.14],[82.18,19.15],[82.18,19.16],[82.15,19.22],[82.15,19.27],[82.18,19.33],[82.14,19.35],[82.14,19.37],[82.17,19.37],[82.18,19.42],[82.12,19.42],[82.09,19.51],[82.07,19.52],[82.06,19.5],[82.02,19.5],[82.05,19.54],[82.03,19.59],[82.05,19.6],[82.04,19.74],[82.06,19.75],[82.06,19.78],[82.01,19.8],[81.99,19.79],[81.96,19.82],[81.96,19.85],[81.85,19.91],[81.84,19.96],[81.86,20.03],[81.87,20.05],[81.89,20.04],[81.94,20.1],[81.99,20.05],[82.01,20.05],[82.02,20.01],[82.07,20.05],[82.08,20.03],[82.17,20.0],[82.18,19.98],[82.23,20.0],[82.27,19.96],[82.3,19.88],[82.34,19.83],[82.41,19.9],[82.5,19.9],[82.5,19.88],[82.52,19.87],[82.54,19.88],[82.58,19.86],[82.59,19.87],[82.6,19.86],[82.57,19.83],[82.58,19.77],[82.6,19.77],[82.65,19.83],[82.68,19.82],[82.71,19.84],[82.72,19.87],[82.7,19.89],[82.71,19.99],[82.68,20.0],[82.58,19.99],[82.39,20.06],[82.38,20.16],[82.41,20.18],[82.4,20.24],[82.41,20.27],[82.43,20.28],[82.42,20.32],[82.4,20.32],[82.39,20.34],[82.43,20.44],[82.42,20.47],[82.39,20.45],[82.38,20.51],[82.32,20.55],[82.37,20.62],[82.36,20.64],[82.37,20.66],[82.34,20.7],[82.35,20.73],[82.33,20.82],[82.34,20.87],[82.36,20.88],[82.37,20.86],[82.38,20.87],[82.4,20.86],[82.41,20.83],[82.46,20.82],[82.46,20.84],[82.48,20.85],[82.48,20.9],[82.55,20.93],[82.58,20.99],[82.61,21.01],[82.62,21.04],[82.61,21.07],[82.65,21.1],[82.63,21.14],[82.64,21.15],[82.76,21.16],[82.79,21.14],[82.81,21.16],[82.89,21.15],[82.94,21.16],[82.96,21.18],[82.96,21.16],[83.01,21.15],[83.03,21.12],[83.12,21.1],[83.15,21.13],[83.19,21.14],[83.22,21.22],[83.21,21.24],[83.22,21.27],[83.24,21.28],[83.27,21.27],[83.27,21.3],[83.25,21.31],[83.27,21.38],[83.37,21.34],[83.4,21.35],[83.39,21.4],[83.37,21.44],[83.35,21.44],[83.33,21.5],[83.37,21.55],[83.36,21.57],[83.37,21.6],[83.41,21.64],[83.44,21.65],[83.45,21.61],[83.49,21.63],[83.42,21.68],[83.46,21.69],[83.48,21.73],[83.47,21.79],[83.49,21.81],[83.54,21.79],[83.53,21.83],[83.55,21.84],[83.57,21.83],[83.59,21.85],[83.57,21.88],[83.6,21.91],[83.59,21.93],[83.55,21.93],[83.56,21.94],[83.53,21.98],[83.55,22.01],[83.53,22.02],[83.53,22.04],[83.54,22.06],[83.58,22.05],[83.6,22.07],[83.56,22.1],[83.61,22.16],[83.62,22.2],[83.67,22.24],[83.69,22.25],[83.75,22.24],[83.79,22.29],[83.82,22.29],[83.82,22.32],[83.85,22.34],[84.0,22.37],[84.03,22.42],[84.02,22.42],[84.04,22.43],[84.04,22.47],[83.97,22.51],[83.99,22.53],[84.06,22.51],[84.11,22.47],[84.14,22.47],[84.13,22.45],[84.15,22.4],[84.18,22.39],[84.19,22.37],[84.25,22.37],[84.29,22.34],[84.43,22.35],[84.45,22.38],[84.48,22.38],[84.47,22.4],[84.5,22.42],[84.52,22.41],[84.63,22.43],[84.66,22.41],[84.67,22.42],[84.74,22.41],[84.75,22.44],[84.81,22.45],[84.81,22.43],[84.88,22.44],[84.88,22.42],[84.92,22.42],[84.94,22.45],[84.96,22.44],[85.03,22.48],[85.06,22.48],[85.06,22.42],[85.08,22.41],[85.07,22.35],[85.09,22.34],[85.09,22.31],[85.11,22.32],[85.11,22.29],[85.07,22.27],[85.05,22.17],[85.03,22.16],[85.03,22.12],[84.98,22.08],[85.07,22.11],[85.1,22.1],[85.11,22.07],[85.12,22.07],[85.13,22.07],[85.14,22.07],[85.15,22.07],[85.16,22.07],[85.18,22.07],[85.18,22.05],[85.21,22.04],[85.21,22.01],[85.23,22.0],[85.3,22.11],[85.35,22.13],[85.36,22.12],[85.37,22.16],[85.37,22.15],[85.41,22.16],[85.59,22.07],[85.65,22.09],[85.67,22.05],[85.73,22.06],[85.8,22.11],[85.83,22.08],[85.79,22.08],[85.76,21.99],[85.82,21.97],[85.84,21.98],[85.9,21.97],[85.92,22.02],[85.94,22.02],[85.98,22.07],[86.0,22.11],[85.99,22.13],[86.03,22.19],[85.97,22.24],[86.02,22.3],[86.02,22.33],[85.99,22.34],[86.02,22.36],[86.01,22.43],[85.99,22.42],[85.95,22.46],[85.97,22.5],[86.02,22.52],[86.03,22.53],[86.02,22.54],[86.05,22.56],[86.11,22.48],[86.17,22.48],[86.24,22.44],[86.28,22.45],[86.32,22.38],[86.43,22.3],[86.44,22.33],[86.46,22.32],[86.5,22.34],[86.53,22.31],[86.52,22.3],[86.57,22.29],[86.58,22.3],[86.59,22.27],[86.62,22.28],[86.65,22.26],[86.65,22.23],[86.67,22.24],[86.67,22.22],[86.72,22.22],[86.71,22.18],[86.72,22.14],[86.8,22.15],[86.81,22.13],[86.8,22.12],[86.84,22.09],[86.85,22.1],[86.97,22.08],[87.0,22.04],[87.03,22.03],[87.02,22.02],[87.03,21.98],[87.0,21.94],[87.0,21.9],[87.03,21.87],[87.09,21.86],[87.1,21.92],[87.16,21.93],[87.17,21.97],[87.2,21.95],[87.23,21.96],[87.25,21.92],[87.23,21.9],[87.25,21.87],[87.24,21.86],[87.27,21.8],[87.34,21.78],[87.35,21.79],[87.39,21.76],[87.42,21.77],[87.45,21.73],[87.47,21.73],[87.46,21.64],[87.47,21.65],[87.48,21.61],[87.46,21.61],[87.44,21.58],[87.38,21.55],[87.2,21.55],[87.13,21.51],[87.11,21.52],[87.11,21.5],[87.08,21.47],[87.0,21.43],[86.89,21.32],[86.84,21.21],[86.82,21.2],[86.83,21.18],[86.82,21.14],[86.96,20.87],[86.97,20.8],[86.96,20.78],[86.95,20.79],[86.95,20.77],[87.0,20.77],[87.01,20.74],[87.0,20.72],[87.02,20.72],[86.98,20.7],[87.03,20.7],[87.0,20.67],[86.96,20.66],[86.95,20.64],[86.91,20.63],[86.89,20.6],[86.85,20.59],[86.84,20.57],[86.78,20.54],[86.78,20.51],[86.75,20.5],[86.75,20.47],[86.73,20.46],[86.73,20.4],[86.74,20.39],[86.78,20.4],[86.78,20.38],[86.81,20.37],[86.79,20.37],[86.79,20.35],[86.77,20.35],[86.76,20.32],[86.72,20.31],[86.71,20.28],[86.67,20.27],[86.66,20.25],[86.57,20.22],[86.53,20.2],[86.52,20.18],[86.49,20.19],[86.5,20.16],[86.52,20.17],[86.51,20.14],[86.44,20.06],[86.42,20.06],[86.43,20.05],[86.41,20.03],[86.41,19.99],[86.34,19.98],[86.35,19.96],[86.37,19.96],[86.36,19.95],[86.3,19.94],[86.15,19.87],[86.06,19.85],[86.03,19.86],[86.02,19.84],[85.93,19.83],[85.68,19.75],[85.6,19.7],[85.57,19.7],[85.56,19.68],[85.53,19.68],[85.45,19.63],[85.38,19.61],[85.14,19.45],[85.09,19.4],[85.09,19.38],[85.07,19.38],[85.07,19.36],[84.99,19.33],[84.91,19.25],[84.89,19.25],[84.8,19.15],[84.76,19.07],[84.73,19.09],[84.76,19.09],[84.75,19.14],[84.69,19.12],[84.71,19.15],[84.67,19.16],[84.66,19.12],[84.6,19.12],[84.62,19.07],[84.66,19.07],[84.65,19.05],[84.62,19.06],[84.59,19.01],[84.57,19.07],[84.51,19.04],[84.47,18.98],[84.43,19.0],[84.44,18.97],[84.42,18.95],[84.43,18.91],[84.42,18.9],[84.41,18.91],[84.41,18.89],[84.38,18.89],[84.39,18.87],[84.35,18.88],[84.37,18.87],[84.36,18.85],[84.34,18.87],[84.33,18.86],[84.35,18.83],[84.31,18.78],[84.28,18.79],[84.26,18.77],[84.23,18.79],[84.18,18.77],[84.15,18.78],[84.13,18.77],[84.13,18.75],[84.11,18.76],[84.08,18.74],[84.03,18.8],[83.94,18.8],[83.91,18.82],[83.9,18.81],[83.87,18.82],[83.84,18.85],[83.84,18.91],[83.82,18.91],[83.82,18.95],[83.79,19.01],[83.77,19.01],[83.74,18.98],[83.75,18.94],[83.77,18.94],[83.78,18.92],[83.77,18.9],[83.76,18.92],[83.74,18.92],[83.73,18.98],[83.7,18.99],[83.72,19.01],[83.69,19.02],[83.65,19.12],[83.63,19.12],[83.62,19.15],[83.59,19.12],[83.6,19.08],[83.58,19.08],[83.58,19.05],[83.56,19.05],[83.55,19.08],[83.55,19.04],[83.52,19.0],[83.49,19.02],[83.5,19.03],[83.51,19.02],[83.51,19.06],[83.49,19.05],[83.48,19.08],[83.46,19.07],[83.48,19.0],[83.45,19.0],[83.46,18.98],[83.45,18.94],[83.41,18.98],[83.41,19.0],[83.36,18.99],[83.36,19.01],[83.33,19.01],[83.33,18.99],[83.3,18.99],[83.33,18.96],[83.32,18.92],[83.34,18.92],[83.35,18.96],[83.38,18.92],[83.35,18.93],[83.36,18.9],[83.38,18.9],[83.38,18.88],[83.41,18.87],[83.4,18.83],[83.35,18.83],[83.36,18.8],[83.34,18.79],[83.3,18.8],[83.27,18.78],[83.27,18.76],[83.22,18.77],[83.21,18.73],[83.13,18.77],[83.07,18.7],[83.05,18.65],[83.01,18.64],[83.01,18.59],[83.03,18.58],[83.03,18.55],[83.05,18.53],[83.09,18.54],[83.02,18.45],[83.04,18.43],[83.03,18.42],[83.06,18.43],[83.06,18.38],[83.0,18.38],[82.98,18.37],[82.98,18.35],[82.93,18.35],[82.88,18.38],[82.89,18.41],[82.85,18.42],[82.84,18.41],[82.82,18.44],[82.8,18.44],[82.78,18.42],[82.79,18.38],[82.77,18.33],[82.66,18.29],[82.64,18.26],[82.65,18.24],[82.63,18.23],[82.58,18.27],[82.59,18.28],[82.58,18.31],[82.61,18.34],[82.6,18.37],[82.53,18.39],[82.55,18.44],[82.53,18.43],[82.52,18.51],[82.51,18.5],[82.47,18.54],[82.36,18.41],[82.38,18.35],[82.35,18.32],[82.33,18.32],[82.39,18.31],[82.37,18.27],[82.34,18.27],[82.32,18.23],[82.33,18.22],[82.31,18.2],[82.31,18.17],[82.37,18.14],[82.33,18.12],[82.34,18.05],[82.31,18.03],[82.29,18.05],[82.3,18.06],[82.28,18.06],[82.26,18.04],[82.26,17.98],[82.18,18.01],[82.16,18.04],[82.13,18.04],[82.11,18.06],[82.09,18.05],[82.07,18.07]],[[85.16,22.07],[85.16,22.05],[85.17,22.05],[85.16,22.07]],[[86.02,22.3],[86.04,22.3],[86.04,22.31],[86.03,22.31],[86.02,22.3]],[[87.04,21.47],[87.06,21.48],[87.04,21.48],[87.04,21.47]],[[86.88,20.61],[86.89,20.62],[86.88,20.62],[86.88,20.61]],[[86.5,20.15],[86.49,20.16],[86.48,20.14],[86.5,20.15]],[[86.34,19.98],[86.33,19.99],[86.34,20.01],[86.3,20.02],[86.32,19.98],[86.34,19.98]],[[86.24,20.02],[86.3,20.03],[86.24,20.03],[86.24,20.02]],[[86.34,19.97],[86.33,19.96],[86.34,19.96],[86.34,19.97]],[[84.43,19.0],[84.42,19.01],[84.42,19.0],[84.43,19.0]],[[82.34,18.13],[82.34,18.14],[82.33,18.14],[82.34,18.13]],[[82.32,18.04],[82.33,18.05],[82.31,18.05],[82.32,18.04]],[[86.86,20.77],[86.87,20.79],[86.85,20.79],[86.86,20.77]],[[86.87,20.8],[86.89,20.79],[86.89,20.8],[86.87,20.8]],[[86.85,20.78],[86.82,20.77],[86.82,20.75],[86.83,20.75],[86.85,20.78]],[[86.82,20.74],[86.81,20.75],[86.81,20.74],[86.82,20.74]],[[86.82,20.71],[86.81,20.72],[86.81,20.71],[86.82,20.71]],[[86.81,20.7],[86.8,20.71],[86.8,20.7],[86.81,20.7]],[[86.8,20.69],[86.79,20.7],[86.79,20.69],[86.8,20.69]],[[86.8,20.67],[86.79,20.68],[86.79,20.67],[86.8,20.67]],[[86.79,20.67],[86.78,20.67],[86.78,20.66],[86.79,20.67]],[[86.78,20.65],[86.77,20.66],[86.77,20.65],[86.78,20.65]],[[86.86,20.67],[86.87,20.66],[86.87,20.67],[86.86,20.67]],[[86.87,20.67],[86.88,20.67],[86.88,20.68],[86.87,20.67]],[[86.88,20.69],[86.89,20.68],[86.89,20.69],[86.88,20.69]],[[86.89,20.7],[86.9,20.69],[86.9,20.7],[86.89,20.7]],[[86.27,20.06],[86.26,20.05],[86.27,20.05],[86.27,20.06]],[[86.27,20.06],[86.28,20.05],[86.28,20.06],[86.27,20.06]],[[86.81,20.65],[86.8,20.64],[86.81,20.64],[86.81,20.65]],[[86.77,20.63],[86.76,20.62],[86.77,20.62],[86.77,20.63]],[[86.82,20.68],[86.82,20.67],[86.83,20.67],[86.82,20.68]],[[86.91,20.71],[86.92,20.7],[86.92,20.71],[86.91,20.71]],[[86.93,20.72],[86.95,20.71],[86.95,20.72],[86.93,20.72]],[[86.96,20.71],[86.97,20.71],[86.97,20.72],[86.96,20.71]],[[84.37,18.89],[84.37,18.9],[84.36,18.89],[84.37,18.89]],[[86.22,19.91],[86.23,19.92],[86.22,19.92],[86.22,19.91]],[[86.3,20.05],[86.29,20.04],[86.3,20.04],[86.3,20.05]],[[86.32,20.04],[86.31,20.03],[86.32,20.03],[86.32,20.04]],[[86.48,20.17],[86.47,20.17],[86.48,20.16],[86.48,20.17]],[[86.94,20.79],[86.91,20.78],[86.94,20.78],[86.94,20.79]]]}},{"type":"Feature","properties":{"NAME_1":"Puducherry"},"geometry":{"type":"MultiPolygon","coordinates":[[[[79.7,11.87],[79.72,11.87],[79.7,11.91],[79.71,11.93],[79.7,11.93],[79.69,11.93],[79.68,11.93],[79.7,11.97],[79.64,11.97],[79.66,12.01],[79.69,12.02],[79.7,11.98],[79.75,11.99],[79.74,11.96],[79.71,11.96],[79.73,11.95],[79.74,11.91],[79.77,11.95],[79.79,11.94],[79.79,11.96],[79.81,11.96],[79.81,11.94],[79.84,11.94],[79.82,11.92],[79.83,11.89],[79.8,11.84],[79.81,11.83],[79.8,11.81],[79.79,11.84],[79.75,11.82],[79.76,11.85],[79.75,11.86],[79.73,11.83],[79.73,11.85],[79.7,11.84],[79.69,11.85],[79.7,11.87]]],[[[79.71,10.92],[79.7,10.95],[79.75,10.94],[79.73,10.99],[79.77,10.97],[79.81,10.99],[79.85,10.98],[79.85,10.81],[79.81,10.81],[79.8,10.83],[79.81,10.87],[79.78,10.87],[79.78,10.88],[79.77,10.89],[79.74,10.88],[79.74,10.9],[79.71,10.92]],[[79.71,10.93],[79.72,10.93],[79.72,10.94],[79.71,10.93]]],[[[75.26,12.0],[75.22,12.03],[75.23,12.04],[75.22,12.1],[75.28,12.1],[75.33,12.15],[75.36,12.13],[75.37,12.15],[75.39,12.15],[75.4,12.13],[75.34,12.1],[75.31,12.11],[75.3,12.07],[75.31,12.04],[75.29,12.02],[75.27,12.03],[75.26,12.0]]],[[[82.21,16.73],[82.25,16.72],[82.25,16.7],[82.29,16.7],[82.25,16.69],[82.17,16.73],[82.22,16.75],[82.21,16.73]]],[[[79.67,11.87],[79.68,11.9],[79.69,11.9],[79.7,11.87],[79.67,11.87]]]]}},{"type":"Feature","properties":{"NAME_1":"Punjab"},"geometry":{"type":"Polygon","coordinates":[[[73.96,30.12],[73.97,30.18],[73.96,30.26],[73.92,30.33],[73.87,30.37],[73.9,30.42],[73.93,30.42],[73.93,30.46],[73.97,30.46],[73.97,30.49],[74.01,30.51],[74.03,30.54],[74.07,30.52],[74.09,30.61],[74.19,30.66],[74.23,30.72],[74.28,30.73],[74.26,30.77],[74.3,30.78],[74.29,30.81],[74.31,30.82],[74.31,30.84],[74.37,30.85],[74.36,30.87],[74.37,30.89],[74.42,30.91],[74.42,30.93],[74.47,30.97],[74.54,30.99],[74.53,31.02],[74.56,31.07],[74.6,31.04],[74.66,31.05],[74.69,31.08],[74.69,31.12],[74.65,31.14],[74.64,31.12],[74.62,31.12],[74.63,31.14],[74.61,31.13],[74.6,31.14],[74.6,31.09],[74.59,31.1],[74.57,31.08],[74.54,31.1],[74.54,31.13],[74.53,31.12],[74.5,31.14],[74.52,31.24],[74.51,31.28],[74.55,31.3],[74.59,31.4],[74.63,31.42],[74.64,31.45],[74.62,31.48],[74.63,31.49],[74.57,31.5],[74.57,31.52],[74.61,31.54],[74.59,31.61],[74.52,31.72],[74.52,31.75],[74.55,31.75],[74.54,31.78],[74.58,31.86],[74.6,31.86],[74.6,31.88],[74.63,31.88],[74.66,31.92],[74.7,31.92],[74.71,31.96],[74.73,31.94],[74.81,31.96],[74.82,32.0],[74.85,32.01],[74.84,32.02],[74.87,32.02],[74.86,32.05],[74.9,32.05],[74.91,32.07],[75.01,32.03],[75.11,32.08],[75.19,32.08],[75.19,32.12],[75.22,32.11],[75.23,32.08],[75.27,32.11],[75.28,32.14],[75.31,32.15],[75.33,32.2],[75.31,32.22],[75.36,32.23],[75.37,32.27],[75.33,32.3],[75.34,32.32],[75.32,32.34],[75.41,32.32],[75.47,32.34],[75.49,32.28],[75.51,32.28],[75.53,32.35],[75.72,32.42],[75.74,32.47],[75.82,32.5],[75.87,32.58],[75.88,32.57],[75.85,32.51],[75.92,32.45],[75.93,32.41],[75.84,32.38],[75.74,32.27],[75.65,32.26],[75.62,32.23],[75.62,32.19],[75.66,32.18],[75.66,32.15],[75.58,32.08],[75.65,32.08],[75.7,32.04],[75.74,32.04],[75.78,31.99],[75.87,31.97],[75.9,31.94],[75.97,31.82],[75.97,31.81],[75.92,31.82],[76.0,31.68],[76.01,31.65],[76.0,31.65],[76.08,31.55],[76.12,31.45],[76.15,31.43],[76.16,31.4],[76.13,31.38],[76.14,31.35],[76.17,31.34],[76.17,31.31],[76.19,31.3],[76.3,31.32],[76.3,31.34],[76.34,31.35],[76.32,31.4],[76.36,31.42],[76.36,31.44],[76.39,31.4],[76.38,31.39],[76.45,31.3],[76.47,31.31],[76.49,31.27],[76.52,31.28],[76.51,31.26],[76.55,31.26],[76.57,31.28],[76.6,31.25],[76.58,31.24],[76.58,31.22],[76.63,31.23],[76.62,31.22],[76.64,31.21],[76.62,31.21],[76.59,31.18],[76.59,31.13],[76.63,31.11],[76.6,31.08],[76.61,31.0],[76.66,30.97],[76.7,30.97],[76.75,30.93],[76.77,30.91],[76.77,30.87],[76.83,30.83],[76.83,30.8],[76.85,30.79],[76.83,30.76],[76.8,30.76],[76.8,30.79],[76.78,30.77],[76.78,30.79],[76.75,30.8],[76.74,30.78],[76.69,30.76],[76.69,30.74],[76.7,30.75],[76.74,30.69],[76.79,30.67],[76.82,30.69],[76.82,30.66],[76.86,30.67],[76.86,30.64],[76.88,30.64],[76.91,30.61],[76.91,30.56],[76.89,30.54],[76.92,30.52],[76.92,30.5],[76.89,30.49],[76.9,30.48],[76.89,30.44],[76.9,30.41],[76.93,30.39],[76.9,30.36],[76.88,30.36],[76.88,30.39],[76.86,30.41],[76.83,30.43],[76.81,30.41],[76.77,30.42],[76.76,30.44],[76.7,30.39],[76.72,30.38],[76.71,30.37],[76.74,30.36],[76.72,30.33],[76.67,30.33],[76.67,30.31],[76.63,30.28],[76.62,30.29],[76.61,30.27],[76.55,30.26],[76.55,30.24],[76.53,30.23],[76.55,30.23],[76.58,30.26],[76.61,30.23],[76.6,30.22],[76.61,30.21],[76.64,30.21],[76.62,30.17],[76.63,30.1],[76.61,30.08],[76.58,30.08],[76.57,30.1],[76.53,30.08],[76.45,30.1],[76.44,30.12],[76.45,30.14],[76.42,30.15],[76.43,30.17],[76.42,30.2],[76.38,30.18],[76.4,30.16],[76.38,30.15],[76.39,30.14],[76.38,30.12],[76.35,30.15],[76.33,30.15],[76.35,30.13],[76.33,30.11],[76.29,30.12],[76.27,30.11],[76.21,30.15],[76.21,30.12],[76.25,30.1],[76.21,30.06],[76.21,30.02],[76.19,30.02],[76.2,29.99],[76.19,29.97],[76.21,29.95],[76.18,29.95],[76.17,29.92],[76.2,29.88],[76.23,29.89],[76.24,29.86],[76.12,29.8],[76.08,29.81],[76.08,29.79],[76.04,29.75],[76.02,29.76],[75.97,29.73],[75.92,29.73],[75.9,29.76],[75.86,29.75],[75.82,29.82],[75.8,29.81],[75.76,29.82],[75.71,29.81],[75.69,29.75],[75.66,29.78],[75.62,29.77],[75.62,29.75],[75.56,29.74],[75.56,29.77],[75.51,29.76],[75.5,29.78],[75.44,29.81],[75.43,29.78],[75.42,29.77],[75.41,29.78],[75.38,29.71],[75.33,29.69],[75.35,29.66],[75.32,29.67],[75.31,29.63],[75.28,29.61],[75.3,29.57],[75.25,29.55],[75.22,29.55],[75.23,29.56],[75.21,29.58],[75.22,29.61],[75.18,29.62],[75.16,29.66],[75.2,29.69],[75.19,29.73],[75.22,29.73],[75.23,29.75],[75.2,29.8],[75.2,29.83],[75.18,29.84],[75.16,29.82],[75.16,29.78],[75.13,29.78],[75.12,29.81],[75.1,29.8],[75.09,29.82],[75.11,29.83],[75.08,29.85],[75.1,29.87],[75.1,29.9],[75.08,29.92],[75.07,29.88],[74.99,29.86],[74.96,29.9],[74.94,29.9],[74.92,29.95],[74.89,29.94],[74.88,29.97],[74.84,29.96],[74.81,29.99],[74.79,29.99],[74.78,29.97],[74.69,29.97],[74.64,29.92],[74.65,29.9],[74.59,29.91],[74.52,29.95],[74.47,29.94],[74.29,29.96],[73.89,29.97],[73.88,29.99],[73.89,30.05],[73.96,30.12]],[[76.45,31.3],[76.43,31.29],[76.43,31.28],[76.45,31.29],[76.45,31.3]],[[76.2,30.15],[76.21,30.16],[76.2,30.16],[76.2,30.15]],[[76.19,30.13],[76.2,30.14],[76.19,30.14],[76.19,30.13]]]}},{"type":"Feature","properties":{"NAME_1":"Rajasthan"},"geometry":{"type":"MultiPolygon","coordinates":[[[[71.86,24.61],[71.81,24.62],[71.81,24.67],[71.66,24.63],[71.64,24.66],[71.62,24.67],[71.6,24.66],[71.58,24.68],[71.45,24.66],[71.39,24.62],[71.36,24.65],[71.34,24.65],[71.29,24.61],[71.11,24.67],[71.07,24.71],[71.04,24.8],[70.93,24.97],[70.91,25.1],[70.89,25.14],[70.76,25.27],[70.72,25.35],[70.67,25.39],[70.69,25.5],[70.67,25.7],[70.62,25.71],[70.54,25.68],[70.4,25.66],[70.28,25.7],[70.25,25.76],[70.17,25.83],[70.1,25.94],[70.08,26.07],[70.14,26.15],[70.17,26.22],[70.16,26.29],[70.18,26.35],[70.17,26.55],[70.09,26.6],[69.92,26.58],[69.82,26.59],[69.77,26.61],[69.7,26.67],[69.51,26.74],[69.48,26.8],[69.5,26.87],[69.51,27.02],[69.58,27.17],[69.85,27.39],[69.94,27.5],[70.02,27.56],[70.11,27.77],[70.21,27.89],[70.28,27.93],[70.37,28.01],[70.51,28.04],[70.56,28.02],[70.66,27.93],[70.68,27.84],[70.74,27.74],[70.77,27.71],[70.82,27.7],[70.91,27.7],[71.03,27.76],[71.26,27.84],[71.41,27.87],[71.42,27.86],[71.66,27.87],[71.9,27.96],[71.93,28.13],[72.02,28.23],[72.13,28.3],[72.2,28.38],[72.3,28.66],[72.34,28.72],[72.4,28.78],[72.47,28.8],[72.71,28.94],[72.94,29.02],[73.0,29.15],[73.12,29.29],[73.29,29.6],[73.39,29.94],[73.56,30.01],[73.79,30.07],[73.97,30.2],[73.96,30.12],[73.89,30.05],[73.88,30.01],[73.89,29.97],[74.52,29.94],[74.51,29.9],[74.54,29.89],[74.55,29.86],[74.48,29.82],[74.47,29.74],[74.57,29.75],[74.58,29.77],[74.61,29.75],[74.58,29.65],[74.59,29.64],[74.57,29.61],[74.57,29.56],[74.61,29.52],[74.58,29.46],[74.53,29.47],[74.53,29.42],[74.57,29.41],[74.57,29.39],[74.6,29.36],[74.6,29.33],[74.64,29.33],[74.65,29.37],[74.72,29.37],[74.73,29.35],[74.78,29.36],[74.81,29.4],[74.86,29.4],[74.93,29.36],[74.95,29.33],[74.94,29.3],[74.95,29.28],[74.99,29.27],[75.04,29.29],[75.07,29.25],[75.06,29.24],[75.08,29.23],[75.11,29.23],[75.18,29.27],[75.22,29.23],[75.25,29.26],[75.27,29.25],[75.28,29.28],[75.31,29.29],[75.33,29.28],[75.31,29.24],[75.33,29.23],[75.35,29.23],[75.35,29.25],[75.37,29.26],[75.4,29.26],[75.39,29.23],[75.4,29.19],[75.39,29.17],[75.37,29.17],[75.36,29.14],[75.4,29.13],[75.38,29.11],[75.38,29.07],[75.43,29.06],[75.43,29.02],[75.51,29.02],[75.52,28.98],[75.5,28.94],[75.47,28.93],[75.49,28.9],[75.49,28.86],[75.51,28.84],[75.5,28.79],[75.53,28.75],[75.54,28.65],[75.56,28.61],[75.58,28.62],[75.61,28.61],[75.63,28.55],[75.67,28.53],[75.66,28.52],[75.78,28.46],[75.79,28.44],[75.77,28.41],[75.9,28.39],[75.93,28.35],[75.96,28.34],[75.95,28.32],[76.02,28.28],[76.01,28.24],[76.04,28.23],[76.05,28.2],[76.07,28.2],[76.07,28.17],[76.0,28.16],[75.99,28.13],[75.94,28.11],[75.94,28.09],[75.99,28.07],[75.97,28.06],[75.98,28.05],[76.02,28.09],[76.04,28.07],[76.01,28.04],[75.97,28.04],[75.99,28.0],[75.96,27.99],[75.99,27.98],[75.96,27.94],[75.94,27.95],[75.92,27.93],[75.98,27.91],[75.96,27.86],[76.08,27.85],[76.09,27.87],[76.13,27.85],[76.13,27.83],[76.16,27.81],[76.22,27.84],[76.21,27.86],[76.19,27.86],[76.2,27.9],[76.17,27.91],[76.18,27.97],[76.15,28.0],[76.17,28.02],[76.2,28.02],[76.18,28.06],[76.24,28.07],[76.27,28.07],[76.29,28.03],[76.32,28.02],[76.34,28.03],[76.35,28.08],[76.34,28.07],[76.3,28.11],[76.34,28.11],[76.36,28.13],[76.3,28.15],[76.28,28.18],[76.34,28.18],[76.36,28.14],[76.47,28.16],[76.47,28.14],[76.5,28.11],[76.45,28.11],[76.45,28.09],[76.49,28.08],[76.5,28.06],[76.45,28.05],[76.46,28.04],[76.53,28.05],[76.54,28.04],[76.53,27.97],[76.55,27.97],[76.6,28.01],[76.65,28.01],[76.65,28.1],[76.68,28.1],[76.69,28.12],[76.79,28.16],[76.79,28.2],[76.8,28.19],[76.81,28.22],[76.82,28.21],[76.85,28.23],[76.87,28.21],[76.9,28.21],[76.88,28.19],[76.96,28.15],[76.95,28.07],[76.92,28.01],[76.92,27.92],[76.94,27.92],[76.92,27.88],[76.93,27.83],[76.91,27.84],[76.9,27.83],[76.91,27.81],[76.88,27.73],[76.91,27.71],[76.91,27.7],[76.9,27.69],[76.89,27.68],[76.9,27.66],[76.92,27.66],[76.93,27.68],[76.97,27.66],[76.98,27.72],[77.01,27.75],[77.03,27.75],[77.04,27.73],[77.08,27.74],[77.06,27.77],[77.05,27.76],[77.02,27.78],[77.04,27.82],[77.12,27.78],[77.15,27.79],[77.15,27.82],[77.18,27.81],[77.16,27.79],[77.17,27.78],[77.19,27.82],[77.23,27.79],[77.25,27.79],[77.26,27.82],[77.3,27.8],[77.31,27.75],[77.3,27.71],[77.34,27.7],[77.34,27.65],[77.31,27.62],[77.35,27.59],[77.33,27.58],[77.34,27.52],[77.38,27.52],[77.39,27.48],[77.43,27.46],[77.42,27.43],[77.44,27.39],[77.47,27.38],[77.49,27.39],[77.57,27.33],[77.62,27.34],[77.6,27.31],[77.61,27.26],[77.64,27.25],[77.64,27.21],[77.67,27.21],[77.66,27.18],[77.61,27.17],[77.6,27.16],[77.61,27.15],[77.59,27.15],[77.59,27.12],[77.54,27.12],[77.53,27.1],[77.51,27.11],[77.5,27.1],[77.52,27.09],[77.51,27.07],[77.57,27.08],[77.56,27.04],[77.62,27.02],[77.63,27.03],[77.66,27.02],[77.68,27.05],[77.7,27.0],[77.72,27.0],[77.72,27.03],[77.75,27.02],[77.74,26.99],[77.64,26.97],[77.58,26.93],[77.52,26.92],[77.42,26.87],[77.43,26.85],[77.42,26.84],[77.44,26.82],[77.43,26.77],[77.46,26.78],[77.45,26.75],[77.48,26.75],[77.5,26.77],[77.48,26.78],[77.5,26.85],[77.52,26.84],[77.51,26.82],[77.56,26.82],[77.6,26.84],[77.61,26.83],[77.62,26.85],[77.67,26.86],[77.68,26.88],[77.72,26.88],[77.71,26.9],[77.75,26.94],[77.79,26.92],[77.82,26.93],[77.87,26.91],[77.88,26.89],[77.9,26.89],[77.9,26.92],[77.94,26.9],[78.01,26.91],[78.03,26.87],[78.05,26.9],[78.04,26.92],[78.1,26.9],[78.1,26.93],[78.13,26.96],[78.2,26.94],[78.22,26.95],[78.23,26.93],[78.26,26.93],[78.25,26.9],[78.23,26.9],[78.23,26.88],[78.19,26.89],[78.21,26.84],[78.16,26.83],[78.18,26.79],[78.1,26.8],[78.09,26.78],[78.12,26.75],[78.09,26.74],[78.09,26.68],[77.99,26.7],[77.94,26.66],[77.9,26.67],[77.88,26.62],[77.84,26.62],[77.82,26.6],[77.81,26.55],[77.74,26.55],[77.71,26.5],[77.67,26.51],[77.6,26.45],[77.55,26.44],[77.52,26.41],[77.43,26.41],[77.43,26.36],[77.42,26.37],[77.33,26.36],[77.29,26.3],[77.21,26.24],[77.12,26.24],[77.09,26.19],[77.02,26.18],[76.99,26.13],[76.88,26.09],[76.88,26.07],[76.83,26.03],[76.84,26.0],[76.82,25.99],[76.81,25.95],[76.75,25.94],[76.76,25.92],[76.73,25.9],[76.64,25.91],[76.63,25.87],[76.6,25.88],[76.53,25.8],[76.52,25.77],[76.53,25.73],[76.48,25.72],[76.48,25.69],[76.51,25.68],[76.5,25.64],[76.52,25.61],[76.52,25.52],[76.56,25.48],[76.56,25.44],[76.59,25.43],[76.61,25.38],[76.64,25.38],[76.67,25.35],[76.71,25.34],[76.72,25.35],[76.77,25.34],[76.76,25.33],[76.77,25.31],[76.87,25.33],[76.92,25.31],[76.93,25.28],[76.96,25.28],[76.96,25.3],[77.02,25.3],[77.07,25.34],[77.12,25.34],[77.15,25.31],[77.17,25.32],[77.21,25.31],[77.2,25.33],[77.22,25.32],[77.23,25.39],[77.25,25.39],[77.31,25.44],[77.36,25.41],[77.34,25.39],[77.36,25.37],[77.34,25.33],[77.37,25.33],[77.37,25.29],[77.35,25.27],[77.36,25.25],[77.41,25.23],[77.42,25.19],[77.39,25.19],[77.39,25.12],[77.36,25.1],[77.3,25.08],[77.26,25.12],[77.24,25.11],[77.2,25.12],[77.08,25.06],[76.98,25.08],[76.96,25.05],[76.88,25.03],[76.86,25.01],[76.87,24.95],[76.89,24.94],[76.89,24.92],[76.92,24.92],[76.91,24.89],[76.94,24.88],[76.94,24.86],[76.9,24.84],[76.83,24.84],[76.8,24.82],[76.84,24.79],[76.85,24.75],[76.92,24.75],[76.95,24.77],[76.98,24.72],[77.03,24.71],[77.06,24.64],[77.06,24.55],[77.02,24.52],[77.02,24.49],[76.97,24.46],[76.91,24.49],[76.92,24.54],[76.9,24.55],[76.89,24.53],[76.87,24.53],[76.87,24.55],[76.81,24.53],[76.85,24.49],[76.84,24.33],[76.87,24.27],[76.94,24.21],[76.91,24.18],[76.9,24.13],[76.85,24.14],[76.8,24.12],[76.76,24.17],[76.71,24.16],[76.7,24.18],[76.67,24.19],[76.7,24.24],[76.69,24.29],[76.68,24.27],[76.62,24.26],[76.57,24.21],[76.58,24.18],[76.54,24.16],[76.51,24.17],[76.51,24.21],[76.47,24.23],[76.46,24.22],[76.42,24.23],[76.41,24.21],[76.36,24.25],[76.31,24.25],[76.29,24.24],[76.29,24.22],[76.25,24.23],[76.21,24.22],[76.19,24.33],[76.16,24.29],[76.14,24.29],[76.15,24.23],[76.12,24.21],[76.14,24.13],[76.13,24.1],[76.05,24.08],[76.02,24.04],[75.96,24.03],[75.98,23.93],[75.88,23.88],[75.86,23.9],[75.84,23.88],[75.79,23.87],[75.78,23.85],[75.75,23.89],[75.7,23.9],[75.7,23.87],[75.73,23.85],[75.72,23.82],[75.69,23.82],[75.7,23.79],[75.68,23.76],[75.68,23.78],[75.65,23.8],[75.58,23.8],[75.58,23.82],[75.56,23.82],[75.56,23.84],[75.57,23.83],[75.58,23.84],[75.54,23.88],[75.46,23.92],[75.46,23.98],[75.49,24.0],[75.51,24.05],[75.57,24.02],[75.58,23.99],[75.64,24.0],[75.64,24.02],[75.67,24.03],[75.69,24.02],[75.68,23.99],[75.7,23.99],[75.7,23.97],[75.73,23.97],[75.74,24.0],[75.76,23.99],[75.78,24.06],[75.83,24.07],[75.84,24.1],[75.81,24.1],[75.8,24.12],[75.79,24.11],[75.78,24.14],[75.74,24.14],[75.77,24.19],[75.77,24.22],[75.83,24.25],[75.81,24.26],[75.82,24.29],[75.8,24.31],[75.77,24.31],[75.74,24.35],[75.73,24.39],[75.74,24.41],[75.76,24.41],[75.75,24.43],[75.79,24.46],[75.78,24.46],[75.79,24.48],[75.82,24.47],[75.81,24.44],[75.83,24.42],[75.9,24.44],[75.91,24.46],[75.91,24.51],[75.93,24.53],[75.91,24.55],[75.92,24.57],[75.88,24.58],[75.87,24.61],[75.83,24.61],[75.85,24.65],[75.83,24.67],[75.84,24.73],[75.79,24.77],[75.71,24.75],[75.66,24.7],[75.63,24.69],[75.61,24.69],[75.58,24.72],[75.53,24.72],[75.45,24.69],[75.23,24.74],[75.22,24.72],[75.19,24.76],[75.19,24.79],[75.22,24.82],[75.25,24.82],[75.25,24.84],[75.2,24.88],[75.21,24.91],[75.22,24.89],[75.25,24.9],[75.23,24.86],[75.27,24.86],[75.31,24.81],[75.42,24.86],[75.42,24.89],[75.37,24.88],[75.33,24.89],[75.31,24.87],[75.26,24.89],[75.26,24.91],[75.29,24.92],[75.27,24.95],[75.28,24.98],[75.31,24.93],[75.31,24.9],[75.34,24.96],[75.32,24.98],[75.32,25.01],[75.35,25.02],[75.35,25.04],[75.31,25.05],[75.3,25.04],[75.16,25.05],[75.15,25.03],[75.17,25.02],[75.16,24.99],[75.12,24.98],[75.11,24.91],[75.12,24.89],[75.09,24.88],[75.07,24.89],[75.05,24.86],[75.0,24.88],[74.96,24.87],[74.94,24.88],[74.95,24.89],[74.94,24.9],[74.91,24.9],[74.9,24.94],[74.87,24.94],[74.86,24.97],[74.83,24.97],[74.82,24.91],[74.84,24.9],[74.84,24.87],[74.86,24.85],[74.86,24.82],[74.84,24.81],[74.85,24.79],[74.86,24.81],[74.91,24.79],[74.93,24.8],[75.02,24.79],[75.02,24.75],[74.99,24.75],[75.0,24.71],[74.96,24.7],[74.94,24.66],[74.9,24.67],[74.89,24.66],[74.83,24.73],[74.8,24.8],[74.78,24.69],[74.79,24.68],[74.81,24.69],[74.82,24.67],[74.78,24.64],[74.79,24.61],[74.75,24.6],[74.76,24.55],[74.71,24.51],[74.78,24.48],[74.82,24.49],[74.82,24.46],[74.86,24.47],[74.83,24.41],[74.81,24.41],[74.78,24.37],[74.79,24.34],[74.75,24.28],[74.77,24.27],[74.88,24.28],[74.91,24.25],[74.91,24.23],[74.89,24.23],[74.88,24.21],[74.98,24.08],[74.99,24.01],[74.92,23.94],[74.91,23.91],[74.92,23.85],[74.91,23.8],[74.93,23.8],[74.94,23.78],[74.94,23.73],[74.92,23.72],[74.91,23.68],[74.94,23.63],[74.89,23.61],[74.85,23.55],[74.8,23.53],[74.79,23.55],[74.73,23.5],[74.71,23.51],[74.67,23.49],[74.65,23.46],[74.61,23.46],[74.6,23.43],[74.57,23.42],[74.56,23.36],[74.54,23.36],[74.54,23.33],[74.52,23.33],[74.55,23.28],[74.57,23.3],[74.59,23.28],[74.63,23.28],[74.63,23.26],[74.68,23.28],[74.72,23.25],[74.7,23.22],[74.75,23.23],[74.75,23.21],[74.73,23.21],[74.72,23.19],[74.67,23.2],[74.61,23.14],[74.55,23.13],[74.54,23.1],[74.45,23.09],[74.43,23.11],[74.39,23.11],[74.32,23.06],[74.28,23.1],[74.29,23.12],[74.25,23.19],[74.24,23.18],[74.2,23.19],[74.19,23.15],[74.13,23.18],[74.12,23.21],[74.14,23.22],[74.14,23.26],[74.1,23.3],[74.04,23.3],[74.05,23.31],[73.99,23.34],[73.97,23.38],[73.94,23.37],[73.94,23.34],[73.89,23.34],[73.87,23.4],[73.83,23.45],[73.78,23.43],[73.76,23.46],[73.73,23.41],[73.7,23.46],[73.65,23.44],[73.63,23.45],[73.64,23.5],[73.66,23.5],[73.66,23.52],[73.64,23.53],[73.66,23.62],[73.58,23.66],[73.53,23.61],[73.51,23.62],[73.5,23.63],[73.51,23.7],[73.48,23.71],[73.42,23.78],[73.38,23.77],[73.36,23.79],[73.37,23.81],[73.36,23.86],[73.38,23.9],[73.42,23.92],[73.41,24.05],[73.37,24.09],[73.37,24.13],[73.36,24.11],[73.34,24.12],[73.33,24.06],[73.24,24.01],[73.2,24.05],[73.22,24.1],[73.11,24.14],[73.12,24.15],[73.08,24.18],[73.09,24.22],[73.11,24.23],[73.1,24.24],[73.14,24.28],[73.14,24.31],[73.18,24.3],[73.19,24.34],[73.21,24.33],[73.23,24.36],[73.21,24.38],[73.18,24.35],[73.16,24.35],[73.11,24.39],[73.08,24.39],[73.11,24.42],[73.1,24.49],[73.03,24.46],[73.01,24.48],[72.98,24.45],[72.99,24.42],[72.96,24.39],[72.99,24.38],[72.99,24.36],[72.92,24.33],[72.87,24.37],[72.73,24.36],[72.69,24.42],[72.7,24.46],[72.59,24.47],[72.55,24.51],[72.5,24.45],[72.51,24.41],[72.46,24.41],[72.44,24.51],[72.39,24.5],[72.36,24.55],[72.33,24.56],[72.34,24.54],[72.29,24.54],[72.29,24.56],[72.27,24.55],[72.25,24.58],[72.28,24.6],[72.32,24.58],[72.35,24.6],[72.35,24.62],[72.29,24.61],[72.23,24.63],[72.21,24.61],[72.2,24.62],[72.17,24.61],[72.15,24.63],[72.08,24.65],[72.09,24.7],[72.05,24.71],[71.99,24.68],[71.99,24.65],[71.95,24.63],[71.93,24.63],[71.92,24.67],[71.88,24.68],[71.86,24.66],[71.87,24.63],[71.86,24.61]],[[76.2,28.04],[76.21,28.03],[76.21,28.04],[76.2,28.04]],[[76.9,27.69],[76.89,27.7],[76.88,27.7],[76.89,27.69],[76.9,27.69]],[[78.03,26.87],[78.02,26.86],[78.03,26.86],[78.03,26.87]],[[78.04,26.88],[78.05,26.87],[78.05,26.88],[78.04,26.88]]],[[[76.07,28.17],[76.09,28.16],[76.09,28.14],[76.06,28.15],[76.07,28.17]]]]}},{"type":"Feature","properties":{"NAME_1":"Sikkim"},"geometry":{"type":"Polygon","coordinates":[[[88.05,27.47],[88.09,27.59],[88.12,27.61],[88.12,27.65],[88.16,27.69],[88.16,27.74],[88.2,27.79],[88.18,27.82],[88.2,27.85],[88.13,27.88],[88.13,27.9],[88.11,27.91],[88.13,27.93],[88.13,27.96],[88.19,27.94],[88.2,27.97],[88.23,27.97],[88.25,27.95],[88.33,27.99],[88.4,27.98],[88.48,28.05],[88.54,28.04],[88.56,28.09],[88.62,28.1],[88.61,28.13],[88.63,28.13],[88.67,28.07],[88.74,28.08],[88.83,28.02],[88.84,27.93],[88.86,27.93],[88.89,27.86],[88.87,27.82],[88.85,27.82],[88.86,27.81],[88.85,27.78],[88.86,27.74],[88.84,27.71],[88.85,27.67],[88.81,27.64],[88.81,27.6],[88.77,27.57],[88.77,27.54],[88.79,27.53],[88.78,27.45],[88.83,27.38],[88.86,27.39],[88.89,27.33],[88.92,27.32],[88.9,27.27],[88.8,27.25],[88.79,27.18],[88.76,27.18],[88.74,27.14],[88.72,27.14],[88.69,27.18],[88.67,27.18],[88.66,27.16],[88.63,27.17],[88.62,27.19],[88.56,27.19],[88.52,27.18],[88.53,27.15],[88.47,27.12],[88.44,27.08],[88.35,27.11],[88.32,27.1],[88.31,27.13],[88.23,27.12],[88.21,27.14],[88.21,27.13],[88.18,27.14],[88.16,27.11],[88.12,27.12],[88.07,27.17],[88.08,27.2],[88.02,27.22],[88.04,27.28],[88.03,27.29],[88.05,27.29],[88.05,27.32],[88.07,27.33],[88.06,27.36],[88.04,27.37],[88.05,27.41],[88.08,27.43],[88.07,27.44],[88.08,27.45],[88.05,27.47]]]}},{"type":"Feature","properties":{"NAME_1":"Tamil Nadu"},"geometry":{"type":"MultiPolygon","coordinates":[[[[76.7,11.14],[76.69,11.17],[76.72,11.18],[76.73,11.21],[76.7,11.23],[76.63,11.19],[76.47,11.2],[76.45,11.18],[76.44,11.19],[76.45,11.23],[76.54,11.29],[76.53,11.3],[76.54,11.35],[76.45,11.38],[76.41,11.41],[76.41,11.43],[76.36,11.45],[76.33,11.46],[76.32,11.44],[76.28,11.46],[76.29,11.47],[76.24,11.46],[76.23,11.56],[76.26,11.59],[76.28,11.59],[76.3,11.56],[76.33,11.59],[76.37,11.59],[76.38,11.62],[76.4,11.63],[76.42,11.62],[76.44,11.64],[76.42,11.66],[76.45,11.66],[76.5,11.7],[76.54,11.68],[76.55,11.61],[76.75,11.61],[76.82,11.6],[76.84,11.58],[76.85,11.61],[76.83,11.65],[76.86,11.69],[76.85,11.7],[76.89,11.74],[76.89,11.78],[76.96,11.77],[76.97,11.8],[77.02,11.8],[77.03,11.79],[77.02,11.76],[77.06,11.78],[77.05,11.76],[77.07,11.73],[77.11,11.71],[77.1,11.75],[77.11,11.76],[77.23,11.78],[77.24,11.8],[77.27,11.79],[77.28,11.8],[77.33,11.76],[77.38,11.78],[77.42,11.75],[77.46,11.84],[77.45,11.89],[77.48,11.88],[77.48,11.93],[77.57,11.92],[77.66,11.94],[77.69,12.02],[77.77,12.1],[77.74,12.13],[77.73,12.17],[77.6,12.2],[77.51,12.18],[77.47,12.2],[77.46,12.24],[77.48,12.27],[77.54,12.28],[77.61,12.36],[77.63,12.48],[77.62,12.49],[77.6,12.46],[77.58,12.47],[77.61,12.5],[77.58,12.51],[77.57,12.54],[77.58,12.61],[77.6,12.62],[77.59,12.66],[77.73,12.66],[77.73,12.69],[77.76,12.7],[77.75,12.73],[77.78,12.73],[77.77,12.76],[77.78,12.78],[77.8,12.78],[77.8,12.82],[77.78,12.83],[77.79,12.84],[77.92,12.88],[77.93,12.87],[77.92,12.87],[77.93,12.85],[77.91,12.84],[77.92,12.81],[77.94,12.85],[77.98,12.8],[78.01,12.8],[77.99,12.81],[78.02,12.84],[78.05,12.84],[78.12,12.77],[78.22,12.75],[78.23,12.72],[78.22,12.7],[78.19,12.7],[78.2,12.69],[78.19,12.68],[78.23,12.67],[78.23,12.69],[78.27,12.69],[78.29,12.65],[78.37,12.61],[78.45,12.61],[78.46,12.66],[78.49,12.66],[78.5,12.68],[78.49,12.7],[78.51,12.7],[78.49,12.71],[78.48,12.73],[78.52,12.71],[78.52,12.7],[78.52,12.68],[78.55,12.69],[78.55,12.75],[78.57,12.75],[78.6,12.81],[78.6,12.87],[78.63,12.92],[78.65,12.92],[78.61,12.98],[78.65,13.02],[78.69,13.0],[78.7,13.06],[78.78,13.05],[78.8,13.08],[78.86,13.07],[78.88,13.09],[78.88,13.02],[78.93,13.02],[78.89,13.04],[78.91,13.05],[78.91,13.07],[78.96,13.06],[78.98,13.08],[79.05,13.04],[79.07,13.01],[79.16,13.01],[79.18,13.03],[79.17,13.05],[79.19,13.09],[79.22,13.1],[79.21,13.13],[79.22,13.14],[79.24,13.13],[79.25,13.15],[79.27,13.14],[79.27,13.12],[79.31,13.1],[79.32,13.12],[79.35,13.13],[79.35,13.16],[79.37,13.18],[79.42,13.18],[79.41,13.26],[79.43,13.28],[79.37,13.3],[79.4,13.32],[79.52,13.32],[79.54,13.31],[79.55,13.26],[79.57,13.25],[79.59,13.25],[79.6,13.27],[79.63,13.26],[79.64,13.28],[79.67,13.28],[79.68,13.27],[79.67,13.23],[79.7,13.23],[79.69,13.21],[79.7,13.2],[79.73,13.22],[79.74,13.19],[79.78,13.22],[79.72,13.27],[79.75,13.28],[79.75,13.3],[79.79,13.28],[79.81,13.31],[79.85,13.3],[79.93,13.34],[79.95,13.37],[79.93,13.4],[79.96,13.41],[79.96,13.45],[80.0,13.46],[80.01,13.49],[80.04,13.48],[80.04,13.5],[80.01,13.5],[80.01,13.52],[79.99,13.51],[79.99,13.53],[80.09,13.53],[80.09,13.51],[80.13,13.5],[80.14,13.48],[80.23,13.48],[80.25,13.47],[80.28,13.41],[80.27,13.4],[80.31,13.37],[80.31,13.43],[80.33,13.43],[80.35,13.29],[80.3,13.15],[80.3,13.08],[80.28,13.06],[80.28,13.01],[80.26,12.97],[80.24,12.81],[80.26,12.78],[80.16,12.52],[80.16,12.47],[80.12,12.4],[80.04,12.32],[80.02,12.27],[79.99,12.26],[80.0,12.23],[79.9,12.1],[79.85,12.0],[79.84,11.94],[79.81,11.94],[79.81,11.96],[79.79,11.96],[79.79,11.94],[79.77,11.95],[79.74,11.91],[79.73,11.95],[79.71,11.96],[79.74,11.96],[79.75,11.99],[79.7,11.98],[79.69,12.02],[79.64,11.99],[79.64,11.97],[79.7,11.97],[79.68,11.93],[79.69,11.93],[79.71,11.93],[79.7,11.91],[79.72,11.87],[79.7,11.87],[79.69,11.85],[79.73,11.85],[79.73,11.83],[79.75,11.86],[79.76,11.85],[79.75,11.82],[79.79,11.84],[79.8,11.81],[79.76,11.64],[79.76,11.53],[79.81,11.45],[79.82,11.37],[79.84,11.35],[79.85,11.24],[79.83,11.23],[79.85,11.23],[79.86,11.18],[79.86,10.98],[79.81,10.99],[79.77,10.97],[79.73,10.99],[79.75,10.94],[79.7,10.95],[79.7,10.94],[79.71,10.91],[79.74,10.9],[79.74,10.88],[79.77,10.89],[79.78,10.88],[79.78,10.87],[79.81,10.87],[79.8,10.86],[79.81,10.81],[79.85,10.81],[79.86,10.44],[79.88,10.29],[79.82,10.27],[79.74,10.27],[79.75,10.29],[79.77,10.29],[79.76,10.31],[79.72,10.32],[79.7,10.3],[79.69,10.32],[79.64,10.32],[79.62,10.36],[79.61,10.31],[79.53,10.3],[79.54,10.32],[79.52,10.31],[79.38,10.32],[79.37,10.29],[79.33,10.29],[79.32,10.27],[79.3,10.27],[79.27,10.24],[79.28,10.21],[79.24,10.18],[79.23,10.15],[79.23,10.08],[79.25,10.07],[79.26,10.03],[79.24,10.03],[79.22,9.99],[79.15,9.93],[79.15,9.91],[79.12,9.89],[79.12,9.85],[79.08,9.82],[79.06,9.77],[79.04,9.77],[79.03,9.74],[78.99,9.71],[78.96,9.62],[78.93,9.61],[78.92,9.5],[78.9,9.49],[78.9,9.46],[78.93,9.43],[78.93,9.41],[79.01,9.33],[79.09,9.29],[79.16,9.28],[79.11,9.26],[78.87,9.26],[78.72,9.21],[78.72,9.19],[78.66,9.2],[78.64,9.18],[78.65,9.16],[78.6,9.15],[78.58,9.13],[78.48,9.14],[78.46,9.12],[78.4,9.11],[78.38,9.08],[78.36,9.09],[78.36,9.07],[78.33,9.04],[78.25,9.0],[78.23,8.97],[78.21,8.97],[78.21,8.95],[78.18,8.92],[78.16,8.77],[78.2,8.79],[78.2,8.75],[78.16,8.74],[78.16,8.71],[78.13,8.69],[78.13,8.66],[78.11,8.66],[78.11,8.64],[78.13,8.65],[78.14,8.6],[78.12,8.54],[78.13,8.49],[78.06,8.42],[78.07,8.37],[77.97,8.34],[77.94,8.3],[77.9,8.29],[77.87,8.26],[77.81,8.25],[77.78,8.22],[77.78,8.2],[77.74,8.17],[77.63,8.16],[77.58,8.14],[77.55,8.08],[77.44,8.09],[77.34,8.13],[77.31,8.12],[77.29,8.16],[77.24,8.17],[77.21,8.21],[77.17,8.23],[77.17,8.25],[77.09,8.29],[77.11,8.32],[77.16,8.31],[77.16,8.35],[77.14,8.35],[77.13,8.38],[77.15,8.38],[77.18,8.41],[77.18,8.43],[77.21,8.44],[77.19,8.5],[77.23,8.49],[77.27,8.54],[77.21,8.64],[77.19,8.65],[77.19,8.68],[77.16,8.72],[77.16,8.74],[77.17,8.73],[77.18,8.76],[77.21,8.77],[77.25,8.85],[77.2,8.92],[77.18,8.91],[77.18,8.95],[77.13,9.0],[77.15,9.04],[77.18,9.04],[77.2,9.1],[77.23,9.11],[77.25,9.14],[77.24,9.19],[77.27,9.21],[77.26,9.24],[77.27,9.29],[77.29,9.31],[77.28,9.33],[77.31,9.33],[77.33,9.43],[77.35,9.45],[77.37,9.44],[77.4,9.5],[77.39,9.52],[77.35,9.52],[77.34,9.6],[77.32,9.56],[77.31,9.59],[77.29,9.59],[77.26,9.56],[77.23,9.58],[77.22,9.57],[77.19,9.61],[77.15,9.61],[77.19,9.68],[77.19,9.72],[77.21,9.72],[77.22,9.76],[77.21,9.78],[77.23,9.79],[77.23,9.81],[77.21,9.81],[77.22,9.85],[77.2,9.89],[77.23,9.94],[77.26,9.95],[77.24,10.04],[77.19,10.08],[77.19,10.11],[77.2,10.1],[77.22,10.12],[77.26,10.12],[77.26,10.18],[77.28,10.2],[77.27,10.23],[77.25,10.22],[77.24,10.25],[77.25,10.26],[77.21,10.31],[77.22,10.34],[77.16,10.35],[77.1,10.3],[77.05,10.29],[77.05,10.27],[77.03,10.27],[77.04,10.25],[76.97,10.21],[76.89,10.23],[76.86,10.29],[76.82,10.29],[76.84,10.35],[76.81,10.41],[76.83,10.59],[76.81,10.59],[76.8,10.63],[76.85,10.62],[76.87,10.63],[76.86,10.69],[76.9,10.77],[76.89,10.8],[76.84,10.81],[76.85,10.83],[76.82,10.86],[76.78,10.88],[76.73,10.88],[76.65,10.92],[76.69,11.02],[76.78,11.03],[76.76,11.03],[76.73,11.06],[76.75,11.07],[76.73,11.09],[76.74,11.12],[76.7,11.14]],[[79.42,13.21],[79.45,13.22],[79.44,13.23],[79.42,13.21]],[[80.24,12.78],[80.23,12.8],[80.23,12.78],[80.24,12.78]],[[79.99,12.24],[79.98,12.25],[79.98,12.24],[79.99,12.24]],[[79.98,12.23],[79.97,12.24],[79.97,12.23],[79.98,12.23]],[[79.97,12.22],[79.95,12.23],[79.95,12.21],[79.97,12.22]],[[79.69,11.93],[79.69,11.92],[79.7,11.92],[79.69,11.93]],[[79.7,11.87],[79.69,11.9],[79.68,11.9],[79.67,11.87],[79.7,11.87]],[[79.66,11.87],[79.67,11.88],[79.66,11.88],[79.66,11.87]],[[79.78,10.88],[79.77,10.88],[79.77,10.87],[79.78,10.88]],[[79.8,10.84],[79.79,10.85],[79.79,10.84],[79.8,10.84]],[[79.69,10.33],[79.7,10.32],[79.7,10.33],[79.69,10.33]],[[79.54,10.32],[79.59,10.33],[79.59,10.34],[79.54,10.35],[79.54,10.32]],[[78.13,8.59],[78.12,8.6],[78.12,8.59],[78.13,8.59]],[[78.12,8.59],[78.11,8.59],[78.12,8.63],[78.1,8.63],[78.1,8.58],[78.12,8.59]],[[76.78,11.03],[76.79,11.03],[76.79,11.05],[76.78,11.03]],[[79.49,10.32],[79.5,10.33],[79.49,10.33],[79.49,10.32]],[[79.5,10.34],[79.51,10.33],[79.51,10.34],[79.5,10.34]],[[79.48,10.33],[79.49,10.34],[79.48,10.34],[79.48,10.33]],[[79.48,10.32],[79.46,10.33],[79.46,10.32],[79.48,10.32]],[[80.02,12.33],[80.06,12.35],[80.06,12.37],[80.02,12.35],[80.02,12.33]],[[80.02,12.32],[80.01,12.33],[80.01,12.32],[80.02,12.32]],[[80.17,12.58],[80.18,12.59],[80.18,12.61],[80.16,12.6],[80.17,12.58]],[[80.31,13.22],[80.32,13.25],[80.31,13.25],[80.31,13.22]],[[79.79,10.29],[79.78,10.28],[79.79,10.28],[79.79,10.29]]],[[[79.3,9.25],[79.2,9.27],[79.21,9.29],[79.27,9.29],[79.28,9.32],[79.32,9.33],[79.33,9.32],[79.32,9.26],[79.36,9.24],[79.39,9.2],[79.3,9.25]]]]}},{"type":"Feature","properties":{"NAME_1":"Tripura"},"geometry":{"type":"Polygon","coordinates":[[[91.26,23.48],[91.2,23.52],[91.22,23.55],[91.2,23.55],[91.2,23.57],[91.16,23.61],[91.16,23.67],[91.21,23.65],[91.21,23.69],[91.16,23.69],[91.15,23.72],[91.16,23.75],[91.23,23.74],[91.23,23.8],[91.26,23.84],[91.23,23.9],[91.25,23.91],[91.24,23.93],[91.28,23.93],[91.27,23.97],[91.28,23.98],[91.3,23.97],[91.31,24.0],[91.34,23.98],[91.38,23.98],[91.37,24.01],[91.4,24.05],[91.38,24.07],[91.38,24.11],[91.49,24.1],[91.52,24.08],[91.6,24.08],[91.6,24.1],[91.64,24.11],[91.66,24.23],[91.69,24.16],[91.76,24.14],[91.74,24.25],[91.81,24.21],[91.85,24.22],[91.86,24.21],[91.84,24.2],[91.87,24.18],[91.88,24.14],[91.91,24.14],[91.94,24.25],[91.92,24.34],[91.96,24.36],[91.98,24.34],[91.97,24.33],[92.0,24.32],[91.97,24.39],[92.09,24.37],[92.12,24.38],[92.12,24.4],[92.15,24.43],[92.17,24.42],[92.15,24.48],[92.16,24.53],[92.24,24.5],[92.23,24.46],[92.26,24.44],[92.27,24.37],[92.21,24.25],[92.3,24.25],[92.3,24.22],[92.33,24.19],[92.34,24.14],[92.31,24.03],[92.33,24.0],[92.33,23.98],[92.31,23.97],[92.31,23.93],[92.33,23.92],[92.32,23.86],[92.29,23.87],[92.27,23.85],[92.28,23.84],[92.28,23.82],[92.26,23.81],[92.27,23.73],[92.24,23.72],[92.25,23.69],[92.23,23.66],[92.21,23.66],[92.22,23.7],[92.18,23.71],[92.18,23.74],[92.16,23.74],[92.11,23.68],[92.09,23.68],[92.09,23.65],[92.07,23.64],[92.02,23.66],[91.99,23.72],[91.96,23.73],[91.96,23.7],[91.94,23.68],[91.96,23.62],[91.95,23.59],[91.97,23.55],[91.96,23.52],[91.98,23.48],[91.94,23.47],[91.95,23.44],[91.89,23.44],[91.86,23.4],[91.84,23.4],[91.84,23.37],[91.77,23.28],[91.82,23.1],[91.84,23.1],[91.82,23.07],[91.78,23.07],[91.77,23.03],[91.73,22.99],[91.72,23.0],[91.65,22.99],[91.63,22.95],[91.6,22.98],[91.58,22.96],[91.55,22.99],[91.55,23.03],[91.53,23.05],[91.54,23.09],[91.51,23.12],[91.52,23.14],[91.5,23.14],[91.51,23.19],[91.48,23.19],[91.48,23.22],[91.46,23.21],[91.47,23.22],[91.47,23.24],[91.45,23.24],[91.46,23.26],[91.42,23.26],[91.41,23.25],[91.42,23.24],[91.4,23.24],[91.41,23.23],[91.39,23.21],[91.39,23.15],[91.42,23.06],[91.38,23.06],[91.33,23.16],[91.33,23.25],[91.31,23.29],[91.32,23.31],[91.31,23.32],[91.3,23.31],[91.3,23.34],[91.33,23.36],[91.29,23.36],[91.3,23.38],[91.28,23.38],[91.26,23.48]]]}},{"type":"Feature","properties":{"NAME_1":"Uttar Pradesh"},"geometry":{"type":"MultiPolygon","coordinates":[[[[77.51,28.2],[77.54,28.25],[77.51,28.25],[77.46,28.28],[77.49,28.28],[77.5,28.31],[77.46,28.34],[77.49,28.35],[77.47,28.42],[77.45,28.42],[77.42,28.46],[77.39,28.46],[77.4,28.47],[77.36,28.5],[77.34,28.5],[77.34,28.52],[77.29,28.57],[77.31,28.6],[77.34,28.61],[77.31,28.64],[77.33,28.68],[77.32,28.72],[77.28,28.71],[77.28,28.73],[77.25,28.76],[77.19,28.8],[77.19,28.82],[77.21,28.81],[77.22,28.84],[77.18,28.87],[77.18,28.89],[77.22,28.9],[77.2,28.92],[77.21,28.94],[77.19,28.95],[77.21,29.01],[77.16,29.05],[77.16,29.08],[77.12,29.1],[77.14,29.13],[77.13,29.27],[77.15,29.32],[77.15,29.35],[77.12,29.34],[77.12,29.38],[77.15,29.39],[77.12,29.42],[77.14,29.43],[77.14,29.45],[77.11,29.46],[77.12,29.5],[77.08,29.53],[77.11,29.55],[77.09,29.62],[77.13,29.66],[77.12,29.69],[77.14,29.7],[77.14,29.72],[77.11,29.75],[77.12,29.78],[77.14,29.78],[77.17,29.82],[77.18,29.91],[77.26,30.0],[77.27,30.05],[77.33,30.06],[77.41,30.1],[77.4,30.12],[77.42,30.13],[77.41,30.14],[77.42,30.17],[77.45,30.17],[77.51,30.24],[77.52,30.28],[77.57,30.31],[77.58,30.33],[77.57,30.35],[77.59,30.37],[77.57,30.38],[77.58,30.39],[77.57,30.41],[77.64,30.41],[77.66,30.38],[77.69,30.37],[77.7,30.34],[77.93,30.25],[77.92,30.22],[77.9,30.22],[77.9,30.19],[77.86,30.15],[77.86,30.13],[77.82,30.09],[77.79,30.1],[77.76,30.06],[77.77,30.02],[77.75,30.02],[77.73,29.99],[77.74,29.96],[77.72,29.94],[77.73,29.91],[77.72,29.89],[77.7,29.89],[77.7,29.87],[77.73,29.85],[77.74,29.81],[77.77,29.78],[77.76,29.71],[77.8,29.7],[77.79,29.68],[77.83,29.67],[77.87,29.7],[77.95,29.71],[77.94,29.69],[77.97,29.67],[77.98,29.62],[77.98,29.61],[77.95,29.62],[77.95,29.58],[77.98,29.58],[77.98,29.55],[78.04,29.55],[78.04,29.59],[78.08,29.6],[78.14,29.68],[78.17,29.68],[78.19,29.71],[78.22,29.72],[78.23,29.7],[78.33,29.8],[78.47,29.75],[78.5,29.72],[78.51,29.65],[78.53,29.62],[78.62,29.55],[78.69,29.51],[78.73,29.51],[78.77,29.48],[78.92,29.46],[78.9,29.45],[78.9,29.42],[78.87,29.39],[78.8,29.36],[78.79,29.33],[78.76,29.35],[78.73,29.32],[78.71,29.32],[78.72,29.31],[78.74,29.31],[78.81,29.25],[78.85,29.26],[78.91,29.18],[78.9,29.15],[78.92,29.16],[78.95,29.15],[78.97,29.17],[79.0,29.12],[79.03,29.12],[79.02,29.14],[79.01,29.13],[79.01,29.16],[79.03,29.15],[79.02,29.17],[79.04,29.17],[79.05,29.15],[79.06,29.16],[79.1,29.13],[79.13,29.13],[79.14,29.12],[79.13,29.08],[79.15,29.05],[79.17,29.05],[79.15,29.03],[79.16,29.02],[79.2,29.03],[79.3,28.95],[79.31,28.96],[79.35,28.95],[79.36,28.97],[79.37,28.94],[79.4,28.94],[79.41,28.86],[79.48,28.87],[79.51,28.86],[79.54,28.89],[79.55,28.85],[79.58,28.85],[79.59,28.87],[79.67,28.85],[79.73,28.89],[79.73,28.88],[79.77,28.89],[79.81,28.87],[79.79,28.84],[79.8,28.84],[79.79,28.8],[79.82,28.81],[79.81,28.83],[79.83,28.85],[79.83,28.84],[79.85,28.85],[79.88,28.82],[79.84,28.81],[79.9,28.8],[79.89,28.78],[79.94,28.72],[80.01,28.73],[80.04,28.78],[80.03,28.81],[80.06,28.84],[80.08,28.82],[80.12,28.83],[80.2,28.76],[80.25,28.76],[80.27,28.74],[80.27,28.71],[80.31,28.71],[80.32,28.68],[80.37,28.63],[80.44,28.64],[80.47,28.62],[80.47,28.58],[80.48,28.59],[80.5,28.58],[80.52,28.55],[80.53,28.57],[80.51,28.67],[80.57,28.69],[80.59,28.68],[80.58,28.66],[80.6,28.66],[80.61,28.64],[80.65,28.63],[80.67,28.64],[80.68,28.6],[80.7,28.6],[80.69,28.59],[80.72,28.57],[80.77,28.57],[80.79,28.52],[80.82,28.52],[80.84,28.5],[80.9,28.51],[80.91,28.46],[80.92,28.46],[80.93,28.46],[80.95,28.46],[80.98,28.43],[81.02,28.45],[81.02,28.43],[81.03,28.44],[81.04,28.43],[81.02,28.41],[81.03,28.4],[81.05,28.41],[81.08,28.38],[81.22,28.36],[81.24,28.32],[81.23,28.29],[81.33,28.18],[81.3,28.17],[81.33,28.15],[81.32,28.13],[81.38,28.14],[81.38,28.18],[81.43,28.17],[81.45,28.16],[81.46,28.13],[81.49,28.12],[81.48,28.08],[81.65,27.99],[81.7,27.99],[81.81,27.9],[81.84,27.9],[81.9,27.85],[81.93,27.86],[81.97,27.93],[82.03,27.93],[82.07,27.92],[82.13,27.86],[82.16,27.87],[82.2,27.85],[82.44,27.68],[82.71,27.72],[82.72,27.69],[82.71,27.66],[82.74,27.65],[82.74,27.6],[82.76,27.59],[82.74,27.55],[82.75,27.54],[82.74,27.5],[82.93,27.5],[82.95,27.47],[83.02,27.45],[83.18,27.46],[83.27,27.38],[83.27,27.35],[83.3,27.33],[83.32,27.34],[83.35,27.33],[83.41,27.41],[83.39,27.43],[83.4,27.45],[83.39,27.48],[83.62,27.47],[83.86,27.35],[83.83,27.33],[83.85,27.31],[83.92,27.33],[83.93,27.3],[83.9,27.28],[83.9,27.25],[83.95,27.24],[83.99,27.18],[83.95,27.14],[83.94,27.09],[84.02,27.1],[84.02,27.08],[83.99,27.06],[84.02,27.04],[84.04,27.05],[84.03,27.01],[84.05,26.99],[84.05,26.96],[84.02,26.94],[84.05,26.93],[84.05,26.89],[84.07,26.88],[84.09,26.89],[84.09,26.88],[84.1,26.9],[84.14,26.89],[84.13,26.86],[84.17,26.83],[84.18,26.86],[84.21,26.87],[84.25,26.86],[84.24,26.82],[84.25,26.79],[84.22,26.76],[84.23,26.74],[84.25,26.73],[84.3,26.75],[84.32,26.69],[84.4,26.67],[84.41,26.64],[84.4,26.62],[84.39,26.63],[84.31,26.61],[84.3,26.62],[84.29,26.6],[84.18,26.63],[84.17,26.62],[84.15,26.64],[84.1,26.63],[84.08,26.64],[84.08,26.59],[84.05,26.57],[84.05,26.54],[83.97,26.53],[83.97,26.51],[83.9,26.52],[83.9,26.45],[83.98,26.43],[83.99,26.45],[84.07,26.38],[84.12,26.39],[84.17,26.37],[84.18,26.31],[84.16,26.24],[84.15,26.26],[84.11,26.26],[84.11,26.24],[84.09,26.24],[84.08,26.22],[84.01,26.24],[84.02,26.2],[84.0,26.18],[84.03,26.16],[84.02,26.15],[84.05,26.12],[84.05,26.1],[84.09,26.1],[84.17,26.03],[84.17,26.0],[84.24,25.99],[84.29,25.95],[84.35,25.96],[84.41,25.93],[84.42,25.89],[84.47,25.88],[84.49,25.89],[84.51,25.87],[84.53,25.88],[84.54,25.86],[84.53,25.83],[84.56,25.84],[84.62,25.8],[84.62,25.77],[84.61,25.78],[84.6,25.76],[84.63,25.73],[84.56,25.74],[84.55,25.68],[84.53,25.69],[84.54,25.73],[84.52,25.68],[84.49,25.68],[84.46,25.69],[84.46,25.71],[84.4,25.7],[84.38,25.75],[84.37,25.74],[84.34,25.75],[84.32,25.73],[84.32,25.67],[84.29,25.66],[84.2,25.67],[84.2,25.69],[84.16,25.73],[84.09,25.72],[84.07,25.7],[84.08,25.64],[84.01,25.62],[83.92,25.56],[83.89,25.52],[83.87,25.52],[83.87,25.49],[83.85,25.47],[83.81,25.47],[83.81,25.45],[83.84,25.45],[83.83,25.43],[83.82,25.44],[83.8,25.43],[83.81,25.42],[83.76,25.39],[83.73,25.41],[83.7,25.39],[83.69,25.4],[83.69,25.37],[83.67,25.36],[83.65,25.37],[83.64,25.34],[83.59,25.33],[83.57,25.31],[83.53,25.32],[83.54,25.31],[83.52,25.29],[83.49,25.29],[83.46,25.25],[83.44,25.26],[83.43,25.24],[83.41,25.25],[83.39,25.21],[83.34,25.19],[83.36,25.12],[83.34,25.11],[83.32,25.06],[83.32,25.02],[83.35,25.0],[83.34,24.96],[83.36,24.96],[83.35,24.89],[83.4,24.82],[83.39,24.78],[83.41,24.78],[83.45,24.73],[83.48,24.74],[83.48,24.7],[83.5,24.7],[83.51,24.68],[83.5,24.65],[83.54,24.62],[83.52,24.6],[83.53,24.58],[83.52,24.55],[83.49,24.54],[83.5,24.53],[83.49,24.52],[83.39,24.5],[83.38,24.46],[83.4,24.44],[83.4,24.41],[83.43,24.41],[83.45,24.36],[83.38,24.32],[83.4,24.27],[83.34,24.11],[83.31,24.11],[83.31,24.09],[83.28,24.06],[83.28,24.02],[83.25,24.02],[83.21,23.99],[83.22,23.98],[83.19,23.92],[83.16,23.92],[83.13,23.89],[83.09,23.88],[82.95,23.87],[82.92,23.9],[82.89,23.9],[82.85,23.95],[82.8,23.97],[82.8,24.01],[82.74,24.02],[82.77,24.08],[82.71,24.08],[82.66,24.12],[82.67,24.16],[82.69,24.14],[82.72,24.14],[82.72,24.16],[82.74,24.17],[82.73,24.23],[82.75,24.24],[82.77,24.31],[82.76,24.38],[82.71,24.38],[82.71,24.42],[82.73,24.43],[82.72,24.48],[82.74,24.5],[82.72,24.51],[82.71,24.56],[82.75,24.54],[82.8,24.55],[82.8,24.6],[82.76,24.6],[82.76,24.65],[82.7,24.64],[82.69,24.65],[82.7,24.68],[82.67,24.7],[82.53,24.65],[82.52,24.68],[82.44,24.68],[82.45,24.69],[82.42,24.71],[82.4,24.68],[82.41,24.6],[82.35,24.6],[82.35,24.62],[82.29,24.61],[82.3,24.67],[82.23,24.67],[82.25,24.74],[82.24,24.78],[82.24,24.75],[82.23,24.77],[82.22,24.75],[82.21,24.76],[82.2,24.75],[82.21,24.74],[82.17,24.74],[82.2,24.76],[82.19,24.78],[82.21,24.78],[82.21,24.8],[82.18,24.8],[82.19,24.82],[82.16,24.79],[82.15,24.8],[82.11,24.79],[82.09,24.82],[82.0,24.85],[81.96,24.83],[81.95,24.85],[81.93,24.85],[81.92,24.88],[81.9,24.88],[81.91,24.94],[81.88,25.0],[81.83,25.02],[81.79,25.01],[81.73,25.05],[81.68,25.04],[81.68,25.07],[81.66,25.06],[81.66,25.08],[81.64,25.06],[81.61,25.06],[81.59,25.08],[81.63,25.1],[81.63,25.12],[81.61,25.12],[81.6,25.1],[81.59,25.14],[81.62,25.14],[81.62,25.16],[81.58,25.17],[81.59,25.19],[81.57,25.2],[81.51,25.19],[81.51,25.17],[81.53,25.16],[81.49,25.15],[81.48,25.12],[81.51,25.11],[81.48,25.07],[81.4,25.11],[81.44,25.11],[81.42,25.14],[81.41,25.12],[81.39,25.12],[81.35,25.17],[81.31,25.16],[81.27,25.17],[81.25,25.11],[81.26,25.06],[81.22,25.0],[81.2,25.0],[81.21,24.93],[81.16,24.96],[81.16,24.93],[81.13,24.91],[81.13,24.89],[81.08,24.93],[81.08,24.95],[81.05,24.96],[81.01,24.95],[81.02,24.93],[81.0,24.94],[80.95,24.93],[80.94,24.97],[80.88,24.95],[80.88,24.94],[80.83,24.93],[80.8,24.94],[80.79,24.97],[80.85,24.99],[80.83,25.04],[80.88,25.08],[80.86,25.08],[80.87,25.09],[80.86,25.12],[80.91,25.16],[80.88,25.2],[80.84,25.19],[80.83,25.11],[80.8,25.15],[80.7,25.14],[80.73,25.12],[80.72,25.1],[80.77,25.09],[80.78,25.06],[80.71,25.07],[80.67,25.05],[80.68,25.07],[80.67,25.09],[80.66,25.07],[80.64,25.1],[80.62,25.09],[80.6,25.1],[80.63,25.13],[80.62,25.14],[80.61,25.13],[80.61,25.15],[80.59,25.16],[80.59,25.09],[80.56,25.09],[80.56,25.07],[80.52,25.08],[80.51,25.1],[80.48,25.1],[80.5,25.09],[80.49,25.08],[80.5,25.06],[80.48,25.04],[80.46,25.07],[80.41,25.08],[80.41,25.06],[80.4,25.07],[80.37,25.06],[80.38,25.04],[80.36,25.02],[80.31,25.0],[80.27,25.03],[80.28,25.06],[80.37,25.16],[80.42,25.17],[80.42,25.19],[80.39,25.25],[80.38,25.24],[80.34,25.28],[80.3,25.29],[80.31,25.39],[80.27,25.43],[80.25,25.42],[80.25,25.4],[80.23,25.41],[80.21,25.4],[80.19,25.42],[80.19,25.38],[80.16,25.38],[80.13,25.34],[80.08,25.36],[80.07,25.34],[80.02,25.34],[80.01,25.3],[79.99,25.29],[80.0,25.27],[79.98,25.26],[79.94,25.27],[79.91,25.23],[79.91,25.26],[79.85,25.24],[79.87,25.15],[79.84,25.12],[79.85,25.1],[79.82,25.1],[79.75,25.14],[79.6,25.13],[79.6,25.15],[79.57,25.16],[79.57,25.18],[79.51,25.13],[79.52,25.1],[79.5,25.1],[79.49,25.08],[79.46,25.1],[79.47,25.13],[79.43,25.11],[79.44,25.13],[79.42,25.14],[79.4,25.11],[79.38,25.17],[79.41,25.21],[79.44,25.2],[79.43,25.24],[79.48,25.28],[79.4,25.26],[79.4,25.28],[79.36,25.29],[79.37,25.28],[79.36,25.26],[79.35,25.29],[79.33,25.29],[79.34,25.3],[79.33,25.32],[79.35,25.33],[79.33,25.34],[79.29,25.34],[79.26,25.31],[79.26,25.27],[79.28,25.27],[79.29,25.29],[79.31,25.26],[79.33,25.28],[79.34,25.27],[79.33,25.22],[79.27,25.25],[79.28,25.19],[79.31,25.17],[79.31,25.14],[79.26,25.12],[79.25,25.13],[79.26,25.16],[79.23,25.16],[79.22,25.14],[79.24,25.14],[79.24,25.12],[79.21,25.12],[79.19,25.15],[79.17,25.15],[79.18,25.13],[79.17,25.11],[79.14,25.12],[79.12,25.11],[79.11,25.12],[79.13,25.13],[79.11,25.14],[79.12,25.16],[79.09,25.19],[79.06,25.17],[79.06,25.15],[79.02,25.14],[79.04,25.17],[79.02,25.19],[79.06,25.23],[79.03,25.23],[79.03,25.25],[79.01,25.25],[79.02,25.27],[79.0,25.28],[78.97,25.25],[78.99,25.24],[79.0,25.2],[78.94,25.22],[78.87,25.16],[78.87,25.25],[78.88,25.26],[78.9,25.25],[78.92,25.28],[78.93,25.26],[78.95,25.26],[78.94,25.28],[78.97,25.29],[78.95,25.31],[78.96,25.35],[78.94,25.35],[78.98,25.38],[78.97,25.43],[78.96,25.44],[78.93,25.43],[78.9,25.45],[78.94,25.48],[78.92,25.51],[78.92,25.53],[78.93,25.52],[78.94,25.53],[78.94,25.56],[78.92,25.56],[78.92,25.54],[78.91,25.56],[78.87,25.56],[78.88,25.52],[78.83,25.52],[78.83,25.5],[78.86,25.47],[78.85,25.45],[78.81,25.48],[78.74,25.48],[78.73,25.5],[78.72,25.46],[78.76,25.43],[78.78,25.44],[78.81,25.43],[78.74,25.41],[78.76,25.4],[78.75,25.39],[78.77,25.36],[78.71,25.35],[78.7,25.39],[78.69,25.38],[78.66,25.39],[78.7,25.43],[78.69,25.45],[78.63,25.44],[78.64,25.41],[78.6,25.42],[78.59,25.39],[78.56,25.4],[78.56,25.38],[78.58,25.38],[78.58,25.35],[78.53,25.37],[78.52,25.36],[78.54,25.33],[78.52,25.3],[78.5,25.3],[78.49,25.32],[78.47,25.31],[78.47,25.29],[78.43,25.3],[78.43,25.28],[78.45,25.27],[78.53,25.29],[78.53,25.27],[78.57,25.26],[78.56,25.22],[78.6,25.15],[78.6,25.1],[78.64,25.07],[78.64,25.0],[78.62,24.96],[78.66,24.93],[78.67,24.9],[78.77,24.86],[78.78,24.81],[78.76,24.79],[78.77,24.7],[78.74,24.67],[78.75,24.6],[78.78,24.59],[78.8,24.61],[78.83,24.61],[78.84,24.63],[78.86,24.62],[78.87,24.65],[78.88,24.64],[78.91,24.58],[78.95,24.55],[78.94,24.51],[78.97,24.5],[78.94,24.48],[78.93,24.5],[78.9,24.49],[78.91,24.46],[78.93,24.46],[78.94,24.44],[78.98,24.45],[78.99,24.42],[78.97,24.4],[78.97,24.35],[78.91,24.3],[78.91,24.27],[78.88,24.25],[78.88,24.22],[78.85,24.22],[78.83,24.2],[78.81,24.21],[78.81,24.18],[78.78,24.19],[78.76,24.26],[78.75,24.24],[78.74,24.25],[78.7,24.23],[78.67,24.24],[78.66,24.27],[78.62,24.29],[78.62,24.31],[78.58,24.34],[78.58,24.36],[78.55,24.36],[78.52,24.39],[78.49,24.39],[78.47,24.34],[78.44,24.33],[78.43,24.29],[78.38,24.27],[78.33,24.32],[78.36,24.39],[78.34,24.39],[78.26,24.45],[78.27,24.48],[78.24,24.49],[78.24,24.51],[78.22,24.52],[78.22,24.54],[78.26,24.55],[78.27,24.67],[78.22,24.75],[78.23,24.78],[78.2,24.83],[78.16,24.86],[78.17,24.89],[78.19,24.89],[78.21,24.92],[78.23,24.92],[78.33,25.0],[78.34,25.02],[78.32,25.07],[78.33,25.09],[78.37,25.1],[78.39,25.13],[78.44,25.13],[78.42,25.16],[78.45,25.17],[78.42,25.17],[78.38,25.2],[78.4,25.22],[78.38,25.22],[78.35,25.25],[78.36,25.25],[78.35,25.3],[78.31,25.31],[78.33,25.35],[78.29,25.37],[78.33,25.4],[78.35,25.46],[78.39,25.45],[78.39,25.47],[78.42,25.48],[78.41,25.54],[78.43,25.57],[78.44,25.55],[78.46,25.55],[78.46,25.57],[78.48,25.58],[78.55,25.56],[78.59,25.58],[78.6,25.57],[78.6,25.59],[78.62,25.59],[78.62,25.57],[78.65,25.57],[78.71,25.61],[78.74,25.6],[78.81,25.62],[78.81,25.68],[78.79,25.71],[78.75,25.73],[78.75,25.75],[78.78,25.76],[78.8,25.8],[78.82,25.8],[78.82,25.82],[78.8,25.81],[78.81,25.83],[78.84,25.82],[78.84,25.8],[78.86,25.79],[78.87,25.83],[78.84,25.85],[78.85,25.87],[78.88,25.87],[78.89,25.89],[78.88,25.92],[78.91,25.95],[78.93,25.95],[78.92,25.98],[78.95,26.0],[78.94,26.04],[78.99,26.08],[79.0,26.07],[79.0,26.1],[78.94,26.14],[78.97,26.16],[79.0,26.15],[79.0,26.18],[78.98,26.2],[79.01,26.2],[79.02,26.23],[79.06,26.23],[79.04,26.27],[79.09,26.31],[79.13,26.32],[79.11,26.36],[79.08,26.36],[79.09,26.38],[79.08,26.41],[79.12,26.42],[79.13,26.44],[79.1,26.46],[79.06,26.45],[79.05,26.46],[79.06,26.5],[79.03,26.52],[79.02,26.55],[79.0,26.55],[78.99,26.58],[78.98,26.57],[78.98,26.59],[79.01,26.61],[78.99,26.64],[79.0,26.66],[78.99,26.69],[78.94,26.66],[78.95,26.7],[78.91,26.71],[78.86,26.7],[78.81,26.77],[78.77,26.76],[78.74,26.79],[78.72,26.78],[78.72,26.8],[78.67,26.79],[78.67,26.77],[78.62,26.78],[78.61,26.76],[78.55,26.76],[78.52,26.79],[78.45,26.8],[78.43,26.83],[78.39,26.82],[78.36,26.87],[78.29,26.87],[78.27,26.86],[78.27,26.82],[78.25,26.82],[78.21,26.84],[78.19,26.88],[78.19,26.89],[78.23,26.88],[78.23,26.9],[78.25,26.9],[78.26,26.92],[78.22,26.95],[78.2,26.94],[78.13,26.96],[78.1,26.93],[78.1,26.9],[78.04,26.92],[78.05,26.9],[78.04,26.88],[78.04,26.87],[78.02,26.88],[78.01,26.91],[77.94,26.9],[77.9,26.92],[77.9,26.89],[77.88,26.89],[77.87,26.91],[77.82,26.93],[77.79,26.92],[77.75,26.94],[77.71,26.9],[77.72,26.88],[77.68,26.88],[77.67,26.86],[77.62,26.85],[77.61,26.83],[77.6,26.84],[77.56,26.82],[77.51,26.82],[77.52,26.84],[77.5,26.85],[77.48,26.79],[77.5,26.77],[77.48,26.75],[77.45,26.75],[77.46,26.78],[77.43,26.77],[77.44,26.82],[77.42,26.84],[77.43,26.85],[77.42,26.87],[77.52,26.92],[77.58,26.93],[77.64,26.97],[77.75,27.0],[77.74,27.03],[77.72,27.03],[77.72,27.0],[77.7,27.0],[77.68,27.05],[77.66,27.02],[77.64,27.03],[77.62,27.02],[77.56,27.04],[77.57,27.08],[77.51,27.07],[77.52,27.09],[77.5,27.09],[77.51,27.11],[77.53,27.1],[77.54,27.12],[77.59,27.12],[77.59,27.15],[77.61,27.15],[77.6,27.16],[77.61,27.17],[77.66,27.18],[77.67,27.21],[77.64,27.21],[77.64,27.25],[77.61,27.26],[77.6,27.31],[77.62,27.34],[77.57,27.33],[77.49,27.39],[77.47,27.38],[77.43,27.4],[77.42,27.43],[77.43,27.46],[77.39,27.48],[77.38,27.52],[77.34,27.52],[77.33,27.58],[77.35,27.59],[77.31,27.61],[77.34,27.65],[77.34,27.7],[77.3,27.71],[77.31,27.75],[77.3,27.8],[77.28,27.8],[77.28,27.82],[77.32,27.83],[77.34,27.86],[77.41,27.86],[77.41,27.9],[77.45,27.88],[77.47,27.89],[77.48,27.94],[77.52,27.93],[77.54,27.95],[77.54,27.97],[77.51,27.97],[77.54,27.99],[77.48,28.04],[77.47,28.08],[77.47,28.1],[77.49,28.1],[77.5,28.12],[77.49,28.14],[77.5,28.16],[77.54,28.18],[77.51,28.2]],[[79.79,28.81],[79.79,28.82],[79.78,28.81],[79.79,28.81]],[[84.28,25.67],[84.29,25.68],[84.28,25.68],[84.28,25.67]],[[82.27,24.68],[82.26,24.69],[82.26,24.68],[82.27,24.68]],[[81.89,24.99],[81.9,25.0],[81.9,25.01],[81.89,25.01],[81.89,24.99]],[[81.47,25.13],[81.48,25.14],[81.47,25.14],[81.47,25.13]],[[79.48,25.27],[79.48,25.26],[79.49,25.27],[79.48,25.27]],[[79.09,26.28],[79.08,26.28],[79.08,26.27],[79.09,26.28]],[[79.12,26.34],[79.13,26.34],[79.13,26.35],[79.12,26.34]]],[[[78.94,25.35],[78.93,25.33],[78.92,25.35],[78.91,25.34],[78.88,25.35],[78.88,25.33],[78.86,25.32],[78.87,25.28],[78.85,25.26],[78.85,25.23],[78.82,25.25],[78.81,25.3],[78.79,25.29],[78.78,25.3],[78.84,25.33],[78.87,25.39],[78.95,25.4],[78.93,25.38],[78.89,25.38],[78.94,25.35]]]]}},{"type":"Feature","properties":{"NAME_1":"Uttaranchal"},"geometry":{"type":"Polygon","coordinates":[[[77.62,30.41],[77.56,30.4],[77.57,30.43],[77.68,30.45],[77.71,30.48],[77.81,30.52],[77.81,30.56],[77.76,30.56],[77.73,30.6],[77.76,30.6],[77.76,30.62],[77.78,30.62],[77.77,30.63],[77.78,30.67],[77.73,30.69],[77.73,30.73],[77.69,30.75],[77.69,30.77],[77.72,30.79],[77.74,30.83],[77.74,30.88],[77.79,30.86],[77.78,30.89],[77.8,30.92],[77.75,30.92],[77.73,30.96],[77.75,30.98],[77.8,30.96],[77.82,31.01],[77.8,31.06],[77.82,31.06],[77.85,31.11],[77.88,31.12],[77.89,31.16],[77.95,31.18],[78.01,31.15],[78.03,31.19],[78.09,31.19],[78.15,31.23],[78.19,31.22],[78.27,31.27],[78.29,31.26],[78.3,31.29],[78.37,31.29],[78.39,31.25],[78.43,31.26],[78.47,31.22],[78.47,31.2],[78.54,31.21],[78.58,31.24],[78.64,31.22],[78.65,31.2],[78.71,31.19],[78.76,31.19],[78.8,31.21],[78.82,31.14],[78.88,31.1],[78.9,31.12],[78.92,31.11],[79.0,31.12],[78.98,31.14],[78.97,31.19],[78.95,31.19],[78.93,31.21],[78.94,31.22],[78.91,31.23],[78.93,31.31],[78.92,31.33],[78.99,31.36],[79.04,31.46],[79.06,31.47],[79.13,31.44],[79.19,31.35],[79.22,31.34],[79.22,31.32],[79.25,31.3],[79.23,31.25],[79.27,31.24],[79.29,31.2],[79.28,31.17],[79.31,31.14],[79.39,31.11],[79.39,31.08],[79.41,31.08],[79.41,31.04],[79.5,31.04],[79.5,31.02],[79.52,31.02],[79.52,30.99],[79.54,30.99],[79.53,30.97],[79.58,30.94],[79.62,30.97],[79.65,30.97],[79.65,30.99],[79.7,30.98],[79.73,30.99],[79.74,31.01],[79.79,30.98],[79.86,30.98],[79.87,30.93],[79.9,30.92],[79.92,30.89],[80.0,30.87],[80.02,30.84],[80.05,30.84],[80.08,30.79],[80.11,30.78],[80.14,30.81],[80.17,30.81],[80.19,30.79],[80.19,30.76],[80.23,30.76],[80.24,30.74],[80.22,30.7],[80.18,30.68],[80.21,30.65],[80.2,30.62],[80.22,30.57],[80.31,30.57],[80.33,30.54],[80.38,30.52],[80.41,30.53],[80.42,30.51],[80.49,30.49],[80.53,30.45],[80.58,30.49],[80.63,30.45],[80.66,30.45],[80.74,30.4],[80.79,30.33],[81.0,30.27],[81.02,30.26],[81.02,30.24],[81.0,30.25],[80.94,30.23],[80.93,30.24],[80.86,30.17],[80.88,30.13],[80.85,30.12],[80.85,30.1],[80.8,30.09],[80.78,30.05],[80.76,30.05],[80.76,30.02],[80.74,30.0],[80.72,30.0],[80.68,29.96],[80.59,29.95],[80.57,29.92],[80.57,29.88],[80.55,29.86],[80.56,29.85],[80.5,29.82],[80.5,29.8],[80.42,29.8],[80.4,29.76],[80.37,29.75],[80.39,29.66],[80.42,29.65],[80.41,29.59],[80.38,29.56],[80.35,29.56],[80.34,29.54],[80.36,29.53],[80.33,29.5],[80.31,29.5],[80.32,29.48],[80.29,29.48],[80.3,29.45],[80.24,29.44],[80.25,29.44],[80.24,29.41],[80.28,29.38],[80.27,29.36],[80.3,29.32],[80.32,29.32],[80.29,29.23],[80.3,29.2],[80.26,29.22],[80.24,29.21],[80.27,29.15],[80.24,29.12],[80.21,29.12],[80.19,29.14],[80.17,29.13],[80.13,29.06],[80.14,29.06],[80.12,28.98],[80.1,28.99],[80.06,28.92],[80.07,28.83],[80.06,28.84],[80.03,28.81],[80.04,28.78],[80.01,28.73],[79.94,28.72],[79.89,28.78],[79.9,28.8],[79.84,28.81],[79.88,28.82],[79.85,28.85],[79.84,28.84],[79.83,28.85],[79.81,28.83],[79.82,28.81],[79.79,28.8],[79.8,28.82],[79.79,28.84],[79.81,28.87],[79.77,28.89],[79.74,28.88],[79.73,28.89],[79.67,28.85],[79.64,28.85],[79.62,28.87],[79.55,28.85],[79.54,28.89],[79.51,28.86],[79.48,28.87],[79.41,28.86],[79.4,28.94],[79.37,28.94],[79.36,28.97],[79.35,28.95],[79.33,28.96],[79.3,28.95],[79.2,29.03],[79.16,29.02],[79.15,29.03],[79.17,29.05],[79.15,29.05],[79.13,29.08],[79.14,29.09],[79.13,29.13],[79.1,29.13],[79.06,29.16],[79.05,29.15],[79.04,29.17],[79.02,29.17],[79.03,29.15],[79.01,29.16],[79.01,29.13],[79.02,29.14],[79.03,29.12],[79.0,29.12],[78.97,29.17],[78.95,29.15],[78.92,29.16],[78.9,29.15],[78.91,29.18],[78.85,29.26],[78.81,29.25],[78.71,29.32],[78.73,29.32],[78.76,29.35],[78.79,29.33],[78.8,29.36],[78.87,29.39],[78.9,29.42],[78.9,29.45],[78.92,29.46],[78.77,29.48],[78.73,29.51],[78.69,29.51],[78.62,29.55],[78.53,29.62],[78.51,29.65],[78.5,29.72],[78.47,29.75],[78.33,29.8],[78.23,29.7],[78.22,29.72],[78.19,29.71],[78.17,29.68],[78.14,29.68],[78.08,29.6],[78.04,29.59],[78.04,29.55],[77.98,29.55],[77.98,29.58],[77.95,29.58],[77.95,29.62],[77.98,29.61],[77.97,29.67],[77.94,29.69],[77.95,29.71],[77.87,29.7],[77.83,29.67],[77.79,29.68],[77.8,29.7],[77.76,29.71],[77.77,29.78],[77.74,29.81],[77.73,29.85],[77.7,29.87],[77.7,29.89],[77.72,29.89],[77.73,29.91],[77.72,29.94],[77.74,29.96],[77.74,30.01],[77.77,30.02],[77.76,30.06],[77.79,30.1],[77.82,30.09],[77.86,30.13],[77.86,30.15],[77.9,30.19],[77.9,30.22],[77.92,30.22],[77.93,30.25],[77.7,30.34],[77.68,30.38],[77.62,30.41]],[[77.8,30.96],[77.81,30.95],[77.82,30.95],[77.82,30.96],[77.8,30.96]],[[80.28,29.45],[80.28,29.46],[80.27,29.46],[80.28,29.45]]]}},{"type":"Feature","properties":{"NAME_1":"West Bengal"},"geometry":{"type":"MultiPolygon","coordinates":[[[[86.51,22.97],[86.5,22.99],[86.41,22.99],[86.39,22.97],[86.36,23.0],[86.33,22.99],[86.3,23.01],[86.21,22.99],[86.2,23.02],[86.18,23.01],[86.15,23.04],[86.15,23.06],[86.13,23.06],[86.14,23.08],[86.13,23.09],[86.04,23.11],[86.05,23.13],[86.03,23.15],[85.91,23.13],[85.86,23.19],[85.83,23.19],[85.83,23.28],[85.88,23.32],[85.87,23.36],[85.9,23.37],[85.88,23.38],[85.88,23.41],[85.86,23.41],[85.87,23.48],[85.94,23.45],[85.99,23.48],[86.05,23.49],[86.03,23.5],[86.03,23.53],[86.01,23.55],[86.04,23.58],[86.15,23.57],[86.14,23.53],[86.16,23.5],[86.14,23.48],[86.15,23.47],[86.18,23.48],[86.19,23.46],[86.24,23.47],[86.22,23.44],[86.24,23.42],[86.25,23.44],[86.28,23.44],[86.3,23.42],[86.31,23.45],[86.33,23.46],[86.34,23.45],[86.37,23.48],[86.35,23.5],[86.37,23.52],[86.36,23.56],[86.44,23.61],[86.44,23.63],[86.48,23.64],[86.54,23.63],[86.59,23.67],[86.71,23.7],[86.74,23.68],[86.8,23.69],[86.79,23.71],[86.8,23.74],[86.82,23.74],[86.82,23.78],[86.79,23.83],[86.81,23.83],[86.81,23.81],[86.83,23.81],[86.86,23.84],[86.89,23.82],[86.88,23.83],[86.89,23.88],[86.91,23.88],[86.94,23.84],[86.97,23.87],[87.06,23.81],[87.11,23.81],[87.15,23.79],[87.17,23.82],[87.13,23.85],[87.13,23.87],[87.18,23.85],[87.23,23.86],[87.24,23.85],[87.22,23.83],[87.24,23.82],[87.26,23.84],[87.24,23.9],[87.26,23.91],[87.26,23.87],[87.29,23.88],[87.29,23.96],[87.26,23.96],[87.27,23.99],[87.24,24.0],[87.23,24.04],[87.33,24.03],[87.34,24.02],[87.32,24.02],[87.32,24.0],[87.34,23.99],[87.35,24.01],[87.37,24.01],[87.46,23.98],[87.44,24.01],[87.48,24.01],[87.51,24.03],[87.51,24.05],[87.49,24.05],[87.5,24.11],[87.56,24.08],[87.57,24.11],[87.6,24.12],[87.6,24.14],[87.57,24.16],[87.69,24.15],[87.7,24.18],[87.67,24.21],[87.64,24.21],[87.64,24.25],[87.67,24.24],[87.71,24.27],[87.71,24.29],[87.76,24.3],[87.76,24.34],[87.8,24.38],[87.79,24.4],[87.81,24.4],[87.81,24.42],[87.78,24.41],[87.79,24.44],[87.82,24.45],[87.8,24.51],[87.81,24.55],[87.77,24.58],[87.81,24.58],[87.84,24.55],[87.89,24.56],[87.89,24.58],[87.91,24.58],[87.91,24.61],[87.88,24.63],[87.91,24.63],[87.91,24.66],[87.89,24.67],[87.9,24.72],[87.88,24.74],[87.85,24.73],[87.81,24.75],[87.82,24.77],[87.84,24.76],[87.87,24.77],[87.87,24.82],[87.9,24.82],[87.89,24.85],[87.97,24.88],[87.97,24.93],[87.91,24.98],[87.86,25.05],[87.8,25.07],[87.77,25.1],[87.78,25.2],[87.79,25.22],[87.84,25.2],[87.82,25.24],[87.85,25.25],[87.86,25.29],[87.78,25.33],[87.79,25.37],[87.77,25.37],[87.76,25.41],[87.79,25.45],[87.81,25.43],[87.83,25.46],[87.85,25.46],[87.88,25.52],[87.91,25.51],[87.9,25.52],[87.92,25.54],[87.96,25.54],[87.99,25.5],[88.01,25.51],[88.05,25.48],[88.07,25.48],[88.07,25.52],[88.04,25.53],[88.03,25.55],[88.04,25.56],[88.02,25.58],[88.04,25.6],[88.05,25.69],[88.01,25.69],[88.01,25.71],[87.96,25.72],[87.96,25.74],[87.94,25.74],[87.94,25.77],[87.9,25.77],[87.91,25.81],[87.89,25.84],[87.9,25.83],[87.91,25.85],[87.87,25.87],[87.86,25.86],[87.82,25.87],[87.82,25.91],[87.8,25.92],[87.83,25.93],[87.82,25.94],[87.83,26.0],[87.86,26.06],[87.88,26.06],[87.91,26.09],[87.92,26.07],[87.97,26.08],[87.95,26.11],[87.98,26.12],[87.97,26.13],[87.98,26.16],[88.02,26.14],[88.01,26.15],[88.04,26.18],[88.06,26.17],[88.07,26.19],[88.09,26.19],[88.11,26.23],[88.14,26.23],[88.14,26.25],[88.18,26.26],[88.26,26.34],[88.28,26.33],[88.29,26.35],[88.27,26.38],[88.23,26.38],[88.27,26.42],[88.22,26.46],[88.23,26.48],[88.19,26.47],[88.18,26.49],[88.23,26.53],[88.23,26.55],[88.18,26.54],[88.15,26.51],[88.11,26.53],[88.14,26.63],[88.16,26.63],[88.17,26.65],[88.17,26.7],[88.19,26.73],[88.17,26.84],[88.18,26.87],[88.14,26.89],[88.15,26.92],[88.12,26.95],[88.14,26.99],[88.11,26.99],[88.08,27.04],[88.05,27.03],[88.02,27.09],[87.99,27.11],[88.02,27.17],[88.02,27.22],[88.08,27.2],[88.07,27.17],[88.12,27.12],[88.16,27.11],[88.18,27.14],[88.19,27.13],[88.21,27.14],[88.23,27.12],[88.31,27.13],[88.32,27.1],[88.35,27.11],[88.43,27.08],[88.53,27.15],[88.52,27.18],[88.62,27.19],[88.63,27.17],[88.66,27.16],[88.67,27.18],[88.69,27.18],[88.72,27.14],[88.8,27.14],[88.82,27.12],[88.87,27.11],[88.87,26.95],[88.92,27.0],[88.93,26.98],[88.95,26.98],[88.96,26.95],[88.94,26.94],[88.96,26.92],[89.03,26.94],[89.05,26.9],[89.09,26.9],[89.1,26.84],[89.13,26.81],[89.27,26.82],[89.31,26.85],[89.33,26.84],[89.38,26.87],[89.39,26.84],[89.44,26.84],[89.47,26.8],[89.5,26.8],[89.51,26.82],[89.54,26.81],[89.56,26.82],[89.59,26.79],[89.65,26.78],[89.65,26.75],[89.61,26.73],[89.62,26.72],[89.66,26.72],[89.67,26.74],[89.71,26.74],[89.73,26.72],[89.76,26.74],[89.77,26.7],[89.81,26.72],[89.86,26.7],[89.88,26.65],[89.86,26.64],[89.86,26.62],[89.88,26.61],[89.88,26.58],[89.86,26.58],[89.87,26.57],[89.85,26.49],[89.87,26.45],[89.85,26.41],[89.83,26.41],[89.83,26.39],[89.85,26.4],[89.86,26.38],[89.82,26.38],[89.83,26.37],[89.82,26.35],[89.82,26.37],[89.79,26.36],[89.78,26.33],[89.75,26.32],[89.76,26.29],[89.74,26.3],[89.72,26.29],[89.74,26.27],[89.72,26.26],[89.73,26.24],[89.7,26.22],[89.72,26.19],[89.68,26.2],[89.69,26.23],[89.67,26.22],[89.64,26.23],[89.65,26.18],[89.63,26.19],[89.62,26.18],[89.62,26.17],[89.62,26.16],[89.6,26.16],[89.6,26.13],[89.62,26.13],[89.63,26.11],[89.6,26.1],[89.61,26.09],[89.64,26.1],[89.65,26.06],[89.63,26.05],[89.62,26.05],[89.6,26.05],[89.58,26.02],[89.59,25.98],[89.56,25.96],[89.54,25.97],[89.55,26.0],[89.53,26.01],[89.51,26.0],[89.43,26.01],[89.44,26.04],[89.41,26.04],[89.4,26.01],[89.35,26.01],[89.33,26.04],[89.28,26.05],[89.29,26.07],[89.26,26.06],[89.27,26.09],[89.24,26.12],[89.17,26.13],[89.15,26.16],[89.16,26.17],[89.14,26.18],[89.15,26.24],[89.11,26.28],[89.11,26.32],[89.12,26.29],[89.14,26.3],[89.13,26.31],[89.14,26.32],[89.1,26.33],[89.11,26.35],[89.09,26.36],[89.09,26.4],[89.04,26.4],[89.01,26.43],[89.0,26.42],[88.98,26.46],[88.97,26.45],[88.96,26.46],[88.95,26.43],[88.93,26.44],[88.94,26.41],[88.92,26.41],[88.93,26.4],[88.92,26.37],[88.97,26.36],[88.96,26.33],[88.97,26.35],[89.01,26.33],[88.99,26.32],[89.0,26.29],[89.01,26.3],[89.02,26.29],[89.03,26.3],[89.04,26.28],[89.05,26.3],[89.07,26.29],[89.06,26.24],[89.05,26.25],[88.96,26.24],[88.94,26.29],[88.88,26.29],[88.88,26.24],[88.83,26.24],[88.82,26.31],[88.76,26.3],[88.76,26.34],[88.74,26.36],[88.7,26.33],[88.69,26.41],[88.63,26.43],[88.62,26.47],[88.59,26.47],[88.6,26.45],[88.58,26.45],[88.55,26.48],[88.53,26.48],[88.52,26.51],[88.49,26.51],[88.48,26.54],[88.46,26.55],[88.44,26.54],[88.42,26.57],[88.42,26.63],[88.4,26.63],[88.39,26.62],[88.4,26.6],[88.38,26.6],[88.37,26.55],[88.33,26.48],[88.35,26.47],[88.35,26.45],[88.36,26.49],[88.48,26.46],[88.5,26.44],[88.5,26.4],[88.52,26.39],[88.52,26.35],[88.48,26.35],[88.45,26.37],[88.44,26.34],[88.41,26.34],[88.4,26.31],[88.35,26.29],[88.36,26.23],[88.33,26.2],[88.29,26.2],[88.26,26.18],[88.24,26.19],[88.24,26.17],[88.18,26.15],[88.18,26.11],[88.16,26.09],[88.19,26.07],[88.17,26.05],[88.18,26.04],[88.17,26.03],[88.19,26.02],[88.15,26.02],[88.15,26.0],[88.12,25.98],[88.12,25.94],[88.09,25.93],[88.09,25.89],[88.11,25.88],[88.1,25.83],[88.12,25.79],[88.14,25.8],[88.15,25.77],[88.18,25.8],[88.23,25.79],[88.24,25.81],[88.27,25.81],[88.28,25.77],[88.3,25.77],[88.32,25.74],[88.38,25.71],[88.37,25.69],[88.46,25.66],[88.45,25.6],[88.47,25.58],[88.5,25.58],[88.5,25.55],[88.54,25.53],[88.54,25.51],[88.56,25.52],[88.59,25.5],[88.61,25.51],[88.63,25.49],[88.65,25.5],[88.66,25.47],[88.7,25.47],[88.72,25.5],[88.77,25.49],[88.76,25.52],[88.81,25.52],[88.81,25.49],[88.83,25.49],[88.84,25.47],[88.83,25.45],[88.84,25.43],[88.82,25.41],[88.84,25.4],[88.84,25.36],[88.86,25.36],[88.89,25.32],[88.91,25.34],[88.93,25.3],[89.01,25.3],[89.01,25.28],[88.95,25.26],[88.96,25.22],[88.93,25.21],[88.95,25.2],[88.95,25.18],[88.93,25.19],[88.92,25.17],[88.89,25.19],[88.88,25.18],[88.85,25.21],[88.83,25.21],[88.81,25.17],[88.79,25.17],[88.78,25.19],[88.75,25.18],[88.72,25.21],[88.68,25.2],[88.61,25.21],[88.59,25.18],[88.56,25.18],[88.56,25.2],[88.53,25.19],[88.51,25.21],[88.45,25.2],[88.44,25.19],[88.46,25.17],[88.46,25.13],[88.44,25.13],[88.45,25.03],[88.41,24.99],[88.42,24.97],[88.39,24.96],[88.4,24.94],[88.34,24.94],[88.33,24.92],[88.33,24.9],[88.35,24.9],[88.34,24.87],[88.3,24.87],[88.3,24.89],[88.28,24.9],[88.27,24.89],[88.26,24.93],[88.23,24.96],[88.17,24.95],[88.16,24.93],[88.14,24.94],[88.14,24.91],[88.17,24.89],[88.15,24.88],[88.17,24.86],[88.11,24.81],[88.11,24.78],[88.07,24.77],[88.07,24.72],[88.01,24.66],[88.05,24.64],[88.09,24.56],[88.15,24.5],[88.17,24.5],[88.22,24.45],[88.28,24.44],[88.33,24.38],[88.45,24.38],[88.53,24.34],[88.55,24.3],[88.57,24.33],[88.59,24.33],[88.6,24.31],[88.61,24.32],[88.71,24.31],[88.74,24.27],[88.73,24.2],[88.7,24.17],[88.71,24.12],[88.69,24.11],[88.7,24.09],[88.73,24.1],[88.72,24.09],[88.72,24.06],[88.74,24.06],[88.73,23.99],[88.76,24.01],[88.77,23.98],[88.73,23.98],[88.73,23.91],[88.72,23.92],[88.7,23.91],[88.64,23.86],[88.62,23.88],[88.6,23.86],[88.58,23.87],[88.6,23.81],[88.56,23.79],[88.58,23.77],[88.56,23.71],[88.56,23.64],[88.59,23.64],[88.58,23.6],[88.65,23.61],[88.64,23.59],[88.66,23.55],[88.73,23.51],[88.74,23.48],[88.8,23.5],[88.79,23.44],[88.76,23.44],[88.75,23.4],[88.76,23.36],[88.73,23.35],[88.75,23.31],[88.7,23.3],[88.72,23.28],[88.72,23.25],[88.76,23.23],[88.77,23.24],[88.78,23.22],[88.81,23.22],[88.81,23.25],[88.84,23.24],[88.85,23.22],[88.92,23.23],[88.92,23.21],[88.95,23.2],[88.99,23.22],[88.99,23.19],[88.96,23.19],[88.93,23.16],[88.92,23.12],[88.87,23.1],[88.88,23.03],[88.86,23.0],[88.87,22.99],[88.86,22.95],[88.9,22.95],[88.91,22.87],[88.95,22.88],[88.97,22.84],[88.96,22.79],[88.92,22.77],[88.92,22.73],[88.96,22.69],[88.95,22.66],[88.93,22.65],[88.93,22.62],[88.96,22.61],[88.94,22.6],[88.94,22.57],[88.91,22.56],[88.96,22.55],[88.97,22.49],[88.99,22.48],[88.99,22.42],[88.97,22.42],[88.96,22.4],[88.99,22.39],[88.98,22.32],[89.02,22.31],[88.99,22.28],[89.01,22.28],[89.01,22.25],[89.03,22.26],[89.03,22.23],[89.07,22.2],[89.07,22.13],[89.02,22.16],[89.03,22.2],[88.97,22.21],[88.95,22.25],[88.96,22.17],[88.99,22.15],[88.98,22.1],[88.96,22.09],[88.96,22.07],[88.92,22.06],[88.92,22.02],[88.9,22.06],[88.92,22.09],[88.9,22.09],[88.89,22.08],[88.9,22.02],[88.87,22.01],[88.9,22.01],[88.92,21.92],[89.03,21.87],[89.03,21.82],[89.01,21.82],[89.02,21.77],[89.0,21.76],[89.03,21.76],[89.06,21.73],[89.1,21.64],[89.08,21.62],[89.04,21.62],[89.03,21.6],[89.0,21.6],[89.0,21.64],[88.99,21.61],[88.96,21.61],[88.96,21.63],[88.94,21.64],[88.95,21.71],[88.93,21.71],[88.93,21.64],[88.88,21.66],[88.89,21.67],[88.87,21.69],[88.87,21.72],[88.89,21.75],[88.87,21.78],[88.84,21.78],[88.85,21.9],[88.82,21.92],[88.83,21.94],[88.8,21.93],[88.8,21.91],[88.84,21.89],[88.84,21.87],[88.82,21.87],[88.83,21.86],[88.82,21.78],[88.86,21.76],[88.84,21.73],[88.86,21.63],[88.81,21.63],[88.82,21.71],[88.81,21.66],[88.74,21.66],[88.73,21.68],[88.71,21.69],[88.7,21.87],[88.73,21.93],[88.72,21.98],[88.76,22.0],[88.75,22.04],[88.76,22.06],[88.75,22.07],[88.71,22.06],[88.69,22.09],[88.69,22.05],[88.73,22.04],[88.74,22.01],[88.7,22.01],[88.71,21.99],[88.68,21.94],[88.63,21.95],[88.63,22.0],[88.66,22.02],[88.66,22.07],[88.63,22.11],[88.65,22.13],[88.65,22.16],[88.68,22.18],[88.67,22.21],[88.67,22.19],[88.64,22.17],[88.64,22.14],[88.62,22.13],[88.62,22.08],[88.64,22.04],[88.6,22.0],[88.61,21.91],[88.57,21.88],[88.57,21.84],[88.53,21.83],[88.5,21.89],[88.48,21.89],[88.49,21.84],[88.47,21.83],[88.5,21.83],[88.5,21.81],[88.46,21.8],[88.47,21.79],[88.46,21.63],[88.44,21.62],[88.43,21.64],[88.43,21.62],[88.39,21.6],[88.38,21.63],[88.39,21.64],[88.38,21.69],[88.4,21.7],[88.39,21.71],[88.35,21.69],[88.34,21.62],[88.31,21.61],[88.3,21.66],[88.29,21.6],[88.31,21.59],[88.29,21.56],[88.25,21.56],[88.24,21.61],[88.22,21.61],[88.22,21.63],[88.2,21.61],[88.19,21.63],[88.18,21.7],[88.21,21.72],[88.22,21.78],[88.16,21.88],[88.18,21.92],[88.16,21.92],[88.16,21.97],[88.2,22.0],[88.22,22.04],[88.21,22.16],[88.17,22.2],[88.07,22.21],[88.1,22.3],[88.08,22.29],[88.08,22.26],[88.05,22.22],[88.0,22.23],[87.96,22.27],[87.96,22.37],[87.95,22.41],[87.93,22.41],[87.95,22.35],[87.93,22.3],[87.97,22.22],[87.99,22.22],[88.0,22.2],[88.05,22.21],[88.06,22.19],[88.13,22.19],[88.19,22.12],[88.18,22.08],[88.07,22.01],[88.05,22.02],[87.98,21.85],[87.93,21.8],[87.9,21.8],[87.86,21.75],[87.83,21.74],[87.81,21.7],[87.75,21.7],[87.75,21.68],[87.68,21.65],[87.62,21.65],[87.57,21.63],[87.55,21.64],[87.53,21.62],[87.48,21.61],[87.47,21.65],[87.46,21.64],[87.47,21.73],[87.44,21.74],[87.44,21.76],[87.39,21.76],[87.35,21.79],[87.34,21.78],[87.26,21.81],[87.27,21.82],[87.23,21.9],[87.25,21.92],[87.23,21.96],[87.2,21.95],[87.17,21.97],[87.16,21.93],[87.09,21.91],[87.09,21.86],[87.05,21.86],[87.0,21.9],[87.0,21.94],[87.03,21.98],[87.02,22.04],[87.0,22.04],[86.97,22.08],[86.85,22.1],[86.84,22.09],[86.8,22.12],[86.81,22.12],[86.8,22.15],[86.72,22.14],[86.71,22.18],[86.72,22.22],[86.73,22.21],[86.74,22.21],[86.75,22.21],[86.76,22.21],[86.77,22.21],[86.78,22.21],[86.79,22.21],[86.79,22.22],[86.8,22.21],[86.81,22.26],[86.89,22.25],[86.89,22.3],[86.83,22.32],[86.84,22.36],[86.83,22.41],[86.76,22.42],[86.75,22.48],[86.79,22.47],[86.8,22.48],[86.78,22.52],[86.79,22.53],[86.78,22.55],[86.76,22.55],[86.76,22.57],[86.66,22.57],[86.63,22.6],[86.64,22.66],[86.6,22.69],[86.57,22.69],[86.55,22.72],[86.51,22.72],[86.51,22.7],[86.5,22.72],[86.48,22.72],[86.47,22.75],[86.42,22.77],[86.41,22.79],[86.43,22.86],[86.45,22.86],[86.46,22.9],[86.43,22.92],[86.47,22.95],[86.48,22.93],[86.5,22.95],[86.52,22.94],[86.54,22.96],[86.54,22.99],[86.51,22.97]],[[87.2,23.85],[87.19,23.85],[87.19,23.84],[87.2,23.85]],[[88.22,26.55],[88.22,26.56],[88.21,26.55],[88.22,26.55]],[[89.62,26.05],[89.62,26.06],[89.61,26.06],[89.62,26.05]],[[88.55,26.48],[88.56,26.48],[88.56,26.49],[88.55,26.48]],[[88.17,26.07],[88.16,26.08],[88.16,26.07],[88.17,26.07]],[[88.83,23.23],[88.82,23.24],[88.82,23.23],[88.83,23.23]],[[88.85,23.0],[88.86,23.01],[88.85,23.01],[88.85,23.0]],[[88.92,22.65],[88.93,22.66],[88.92,22.66],[88.92,22.65]],[[88.95,22.25],[88.95,22.31],[88.93,22.31],[88.9,22.35],[88.9,22.32],[88.94,22.3],[88.93,22.25],[88.95,22.25]],[[88.92,22.12],[88.93,22.09],[88.93,22.12],[88.92,22.12]],[[88.91,22.12],[88.92,22.13],[88.91,22.13],[88.91,22.12]],[[88.9,22.13],[88.91,22.15],[88.9,22.15],[88.9,22.13]],[[88.89,22.15],[88.9,22.16],[88.89,22.16],[88.89,22.15]],[[88.86,22.02],[88.87,22.03],[88.86,22.03],[88.86,22.02]],[[88.85,22.04],[88.89,22.04],[88.89,22.05],[88.86,22.05],[88.85,22.04]],[[88.91,21.92],[88.9,21.93],[88.9,21.92],[88.91,21.92]],[[89.01,21.78],[89.0,21.79],[89.0,21.78],[89.01,21.78]],[[88.98,21.64],[88.99,21.65],[88.98,21.65],[88.98,21.64]],[[88.92,21.71],[88.93,21.72],[88.92,21.72],[88.92,21.71]],[[88.92,21.72],[88.93,21.73],[88.94,21.77],[88.91,21.76],[88.92,21.72]],[[88.84,21.93],[88.83,21.92],[88.84,21.92],[88.84,21.93]],[[88.84,21.92],[88.85,21.91],[88.87,21.91],[88.87,21.92],[88.84,21.92]],[[88.82,21.81],[88.81,21.82],[88.81,21.81],[88.82,21.81]],[[88.81,21.81],[88.8,21.8],[88.81,21.8],[88.81,21.81]],[[88.79,21.8],[88.8,21.81],[88.79,21.81],[88.79,21.8]],[[88.8,21.71],[88.81,21.72],[88.8,21.72],[88.8,21.71]],[[88.8,21.7],[88.78,21.71],[88.78,21.7],[88.8,21.7]],[[88.77,21.71],[88.78,21.73],[88.77,21.73],[88.77,21.71]],[[88.78,21.74],[88.79,21.73],[88.79,21.74],[88.78,21.74]],[[88.78,21.69],[88.76,21.7],[88.76,21.69],[88.78,21.69]],[[88.74,21.68],[88.75,21.67],[88.75,21.68],[88.74,21.68]],[[88.75,22.09],[88.76,22.07],[88.77,22.09],[88.75,22.09]],[[88.77,22.11],[88.78,22.09],[88.78,22.11],[88.77,22.11]],[[88.7,22.1],[88.71,22.08],[88.71,22.1],[88.7,22.1]],[[88.71,22.1],[88.74,22.1],[88.74,22.12],[88.72,22.12],[88.71,22.1]],[[88.69,21.97],[88.69,21.98],[88.68,21.97],[88.69,21.97]],[[88.66,22.21],[88.67,22.22],[88.66,22.22],[88.66,22.21]],[[88.57,21.89],[88.58,21.9],[88.57,21.9],[88.57,21.89]],[[88.46,21.89],[88.48,21.9],[88.46,21.9],[88.46,21.89]],[[88.45,21.9],[88.46,21.92],[88.45,21.92],[88.45,21.9]],[[88.47,21.82],[88.46,21.83],[88.46,21.82],[88.47,21.82]],[[88.42,21.64],[88.43,21.65],[88.42,21.65],[88.42,21.64]],[[88.42,21.65],[88.42,21.69],[88.43,21.7],[88.41,21.69],[88.42,21.65]],[[88.43,21.71],[88.44,21.7],[88.44,21.71],[88.43,21.71]],[[88.42,21.71],[88.43,21.72],[88.42,21.72],[88.42,21.71]],[[88.34,21.69],[88.35,21.7],[88.34,21.7],[88.34,21.69]],[[88.33,21.7],[88.34,21.71],[88.33,21.71],[88.33,21.7]],[[88.31,21.68],[88.32,21.66],[88.32,21.68],[88.31,21.68]],[[88.3,21.68],[88.31,21.7],[88.3,21.7],[88.3,21.68]],[[88.29,21.7],[88.3,21.71],[88.29,21.71],[88.29,21.7]],[[88.3,21.73],[88.31,21.71],[88.31,21.73],[88.3,21.73]],[[88.28,21.71],[88.29,21.72],[88.28,21.72],[88.28,21.71]],[[88.21,21.72],[88.21,21.71],[88.22,21.71],[88.21,21.72]],[[87.93,22.41],[87.91,22.44],[87.89,22.43],[87.89,22.42],[87.93,22.41]],[[87.89,22.43],[87.89,22.44],[87.88,22.44],[87.89,22.43]],[[87.94,22.33],[87.93,22.34],[87.93,22.33],[87.94,22.33]],[[88.05,22.02],[88.03,22.04],[88.03,22.07],[88.01,22.08],[88.02,22.03],[88.05,22.02]],[[88.01,22.08],[88.0,22.1],[87.98,22.1],[87.99,22.08],[88.01,22.08]],[[88.91,22.53],[88.9,22.49],[88.91,22.49],[88.91,22.53]],[[88.9,22.48],[88.89,22.49],[88.89,22.48],[88.9,22.48]],[[88.91,22.44],[88.91,22.43],[88.92,22.43],[88.91,22.44]],[[88.91,22.41],[88.9,22.43],[88.9,22.41],[88.91,22.41]],[[88.95,22.38],[88.94,22.37],[88.95,22.37],[88.95,22.38]],[[88.96,22.37],[88.95,22.34],[88.96,22.34],[88.96,22.37]],[[88.96,22.37],[88.97,22.37],[88.97,22.38],[88.96,22.38],[88.96,22.37]],[[88.92,22.19],[88.91,22.18],[88.92,22.18],[88.92,22.19]],[[88.93,22.17],[88.91,22.17],[88.91,22.16],[88.93,22.17]],[[88.79,22.02],[88.78,22.04],[88.78,22.02],[88.79,22.02]],[[88.78,22.01],[88.77,22.02],[88.77,22.01],[88.78,22.01]],[[88.76,21.99],[88.76,21.98],[88.77,21.99],[88.76,21.99]],[[88.76,21.97],[88.75,21.98],[88.75,21.97],[88.76,21.97]],[[88.77,21.83],[88.76,21.84],[88.76,21.83],[88.77,21.83]],[[88.77,21.83],[88.77,21.81],[88.79,21.82],[88.79,21.83],[88.77,21.83]],[[88.77,21.78],[88.76,21.79],[88.76,21.78],[88.77,21.78]],[[88.76,21.76],[88.75,21.78],[88.75,21.76],[88.76,21.76]],[[88.95,21.83],[88.97,21.82],[88.95,21.8],[88.98,21.8],[88.98,21.83],[88.95,21.83]],[[88.95,21.79],[88.94,21.8],[88.94,21.79],[88.95,21.79]],[[88.98,21.78],[88.96,21.77],[88.98,21.77],[88.98,21.78]],[[88.96,21.75],[88.95,21.77],[88.95,21.75],[88.96,21.75]],[[88.97,21.75],[88.96,21.74],[88.97,21.74],[88.97,21.75]],[[88.98,21.78],[88.99,21.79],[88.98,21.79],[88.98,21.78]],[[88.88,21.82],[88.88,21.81],[88.89,21.81],[88.88,21.82]],[[88.89,21.82],[88.9,21.81],[88.9,21.82],[88.89,21.82]],[[88.89,21.8],[88.88,21.79],[88.89,21.79],[88.89,21.8]],[[88.9,21.79],[88.89,21.78],[88.9,21.78],[88.9,21.79]],[[88.9,21.79],[88.91,21.79],[88.91,21.8],[88.9,21.8],[88.9,21.79]],[[88.93,21.82],[88.94,21.81],[88.94,21.82],[88.93,21.82]],[[88.92,21.82],[88.93,21.83],[88.92,21.83],[88.92,21.82]],[[88.95,21.87],[88.96,21.87],[88.95,21.88],[88.95,21.87]],[[88.94,21.88],[88.95,21.89],[88.94,21.89],[88.94,21.88]],[[88.22,21.69],[88.2,21.7],[88.2,21.69],[88.22,21.69]],[[88.2,21.68],[88.19,21.69],[88.19,21.68],[88.2,21.68]],[[88.21,21.68],[88.2,21.67],[88.21,21.67],[88.21,21.68]],[[88.35,21.77],[88.39,21.76],[88.39,21.77],[88.35,21.77]],[[88.39,21.76],[88.4,21.75],[88.4,21.76],[88.39,21.76]],[[88.37,21.73],[88.36,21.72],[88.37,21.72],[88.37,21.73]],[[88.37,21.73],[88.38,21.72],[88.4,21.72],[88.39,21.74],[88.37,21.73]],[[88.39,21.79],[88.4,21.82],[88.39,21.82],[88.39,21.79]],[[88.39,21.78],[88.38,21.79],[88.38,21.78],[88.39,21.78]],[[88.38,21.79],[88.37,21.8],[88.36,21.8],[88.36,21.79],[88.38,21.79]],[[88.27,21.77],[88.28,21.77],[88.27,21.78],[88.27,21.77]],[[88.29,21.78],[88.28,21.75],[88.29,21.75],[88.29,21.78]],[[88.4,21.93],[88.41,21.91],[88.41,21.93],[88.4,21.93]],[[88.39,21.93],[88.4,21.96],[88.39,21.96],[88.39,21.93]],[[88.63,22.21],[88.64,22.23],[88.63,22.23],[88.63,22.21]],[[88.64,22.24],[88.65,22.23],[88.65,22.24],[88.64,22.24]],[[88.65,22.25],[88.66,22.24],[88.66,22.25],[88.65,22.25]],[[88.78,22.18],[88.78,22.16],[88.79,22.16],[88.8,22.17],[88.78,22.18]],[[88.78,22.15],[88.77,22.16],[88.77,22.15],[88.78,22.15]],[[88.77,22.14],[88.75,22.15],[88.75,22.14],[88.77,22.14]],[[88.75,22.13],[88.74,22.14],[88.74,22.13],[88.75,22.13]],[[88.83,22.17],[88.83,22.16],[88.84,22.17],[88.83,22.17]],[[88.85,22.17],[88.84,22.16],[88.85,22.16],[88.85,22.17]],[[88.86,22.16],[88.85,22.15],[88.86,22.15],[88.86,22.16]],[[88.8,22.06],[88.81,22.07],[88.8,22.07],[88.8,22.06]],[[88.8,22.05],[88.78,22.06],[88.78,22.05],[88.8,22.05]],[[88.86,22.37],[88.87,22.36],[88.87,22.37],[88.86,22.37]],[[88.87,22.36],[88.88,22.35],[88.88,22.36],[88.87,22.36]],[[88.85,22.38],[88.86,22.4],[88.85,22.4],[88.85,22.38]],[[88.86,22.41],[88.88,22.4],[88.88,22.41],[88.86,22.41]],[[88.85,22.41],[88.86,22.43],[88.85,22.43],[88.85,22.41]],[[88.82,22.43],[88.85,22.44],[88.82,22.44],[88.82,22.43]],[[88.76,22.51],[88.76,22.52],[88.75,22.52],[88.76,22.51]],[[88.75,22.51],[88.74,22.52],[88.74,22.51],[88.75,22.51]],[[88.78,22.52],[88.78,22.53],[88.77,22.53],[88.78,22.52]],[[88.76,22.53],[88.77,22.55],[88.76,22.55],[88.76,22.53]],[[88.76,22.55],[88.77,22.56],[88.76,22.56],[88.76,22.55]],[[88.84,22.22],[88.85,22.22],[88.85,22.23],[88.84,22.22]],[[88.85,22.24],[88.86,22.23],[88.86,22.24],[88.85,22.24]],[[88.9,22.55],[88.89,22.56],[88.89,22.55],[88.9,22.55]],[[88.89,22.47],[88.89,22.46],[88.9,22.46],[88.89,22.47]],[[88.92,22.41],[88.92,22.4],[88.92,22.38],[88.94,22.39],[88.92,22.41]],[[88.95,22.32],[88.94,22.33],[88.94,22.32],[88.95,22.32]],[[88.93,22.22],[88.94,22.23],[88.93,22.23],[88.93,22.22]],[[88.92,22.21],[88.91,22.22],[88.91,22.21],[88.92,22.21]],[[88.94,22.19],[88.95,22.18],[88.95,22.19],[88.94,22.19]],[[88.81,22.02],[88.84,22.03],[88.81,22.03],[88.81,22.02]],[[88.76,21.96],[88.75,21.95],[88.76,21.95],[88.76,21.96]],[[88.79,21.88],[88.78,21.88],[88.78,21.87],[88.79,21.88]],[[88.78,21.85],[88.77,21.86],[88.77,21.85],[88.78,21.85]],[[88.76,21.74],[88.75,21.73],[88.76,21.73],[88.76,21.74]],[[88.74,21.92],[88.75,21.92],[88.75,21.93],[88.74,21.92]],[[88.78,21.93],[88.77,21.92],[88.78,21.92],[88.78,21.93]],[[88.72,21.86],[88.71,21.85],[88.72,21.85],[88.72,21.86]],[[88.73,21.78],[88.74,21.77],[88.74,21.78],[88.73,21.78]],[[88.79,21.75],[88.79,21.76],[88.78,21.76],[88.79,21.75]],[[88.98,21.88],[88.97,21.86],[88.98,21.86],[88.98,21.88]],[[88.98,21.73],[88.99,21.72],[88.99,21.73],[88.98,21.73]],[[89.03,21.69],[89.02,21.68],[89.03,21.68],[89.03,21.69]],[[89.03,21.66],[89.01,21.65],[89.03,21.63],[89.03,21.66]],[[88.87,21.86],[88.86,21.85],[88.87,21.85],[88.87,21.86]],[[88.9,21.76],[88.89,21.77],[88.89,21.76],[88.9,21.76]],[[88.91,21.87],[88.92,21.88],[88.91,21.88],[88.91,21.87]],[[88.97,21.71],[88.98,21.72],[88.97,21.72],[88.97,21.71]],[[89.0,21.68],[88.99,21.67],[89.0,21.67],[89.0,21.68]],[[88.22,21.68],[88.23,21.67],[88.23,21.68],[88.22,21.68]],[[88.24,21.65],[88.23,21.64],[88.24,21.64],[88.24,21.65]],[[87.97,22.09],[87.96,22.1],[87.96,22.09],[87.97,22.09]],[[88.28,21.74],[88.27,21.73],[88.28,21.73],[88.28,21.74]],[[88.34,21.74],[88.35,21.72],[88.35,21.74],[88.34,21.74]],[[88.42,21.74],[88.43,21.73],[88.43,21.74],[88.42,21.74]],[[88.42,21.76],[88.43,21.75],[88.43,21.76],[88.42,21.76]],[[88.35,21.85],[88.36,21.83],[88.35,21.86],[88.35,21.85]],[[88.32,21.85],[88.31,21.84],[88.32,21.84],[88.32,21.85]],[[88.3,21.82],[88.29,21.83],[88.29,21.82],[88.3,21.82]],[[88.26,21.78],[88.25,21.79],[88.25,21.78],[88.26,21.78]],[[88.3,21.76],[88.3,21.74],[88.31,21.74],[88.31,21.75],[88.3,21.76]],[[88.36,21.88],[88.37,21.87],[88.37,21.88],[88.36,21.88]],[[88.35,21.92],[88.36,21.93],[88.35,21.93],[88.35,21.92]],[[88.39,21.88],[88.4,21.84],[88.4,21.88],[88.39,21.88]],[[88.39,21.89],[88.39,21.91],[88.38,21.91],[88.38,21.9],[88.39,21.89]],[[88.51,21.91],[88.5,21.9],[88.51,21.9],[88.51,21.91]],[[88.54,21.99],[88.55,21.98],[88.55,21.99],[88.54,21.99]],[[88.45,21.95],[88.46,21.94],[88.46,21.95],[88.45,21.95]],[[88.45,21.96],[88.45,21.97],[88.44,21.97],[88.45,21.96]],[[88.45,21.99],[88.45,22.0],[88.44,21.99],[88.45,21.99]],[[88.53,21.86],[88.54,21.85],[88.54,21.86],[88.53,21.86]],[[88.54,21.88],[88.55,21.87],[88.55,21.88],[88.54,21.88]],[[88.54,21.89],[88.55,21.91],[88.54,21.91],[88.54,21.89]],[[88.6,22.05],[88.61,22.04],[88.61,22.05],[88.6,22.05]],[[88.6,22.16],[88.61,22.15],[88.61,22.16],[88.6,22.16]],[[88.66,22.27],[88.67,22.26],[88.67,22.27],[88.66,22.27]],[[88.67,22.29],[88.68,22.28],[88.68,22.29],[88.67,22.29]],[[88.67,22.32],[88.68,22.33],[88.67,22.33],[88.67,22.32]],[[88.74,22.2],[88.73,22.19],[88.74,22.19],[88.74,22.2]],[[88.77,22.2],[88.75,22.19],[88.77,22.19],[88.77,22.2]],[[88.85,22.14],[88.8,22.13],[88.8,22.12],[88.84,22.12],[88.85,22.14]],[[88.81,22.09],[88.8,22.08],[88.81,22.08],[88.81,22.09]],[[88.84,22.08],[88.83,22.06],[88.84,22.06],[88.84,22.08]],[[88.88,22.09],[88.88,22.08],[88.89,22.09],[88.88,22.09]],[[88.86,22.18],[88.87,22.2],[88.86,22.2],[88.86,22.18]],[[88.84,22.18],[88.83,22.19],[88.83,22.18],[88.84,22.18]],[[88.83,22.2],[88.83,22.21],[88.82,22.2],[88.83,22.2]],[[88.8,22.21],[88.81,22.22],[88.8,22.22],[88.8,22.21]],[[88.8,22.28],[88.81,22.3],[88.8,22.3],[88.8,22.28]],[[88.76,22.23],[88.75,22.24],[88.75,22.23],[88.76,22.23]],[[88.81,22.32],[88.81,22.33],[88.8,22.33],[88.81,22.32]],[[88.81,22.36],[88.82,22.35],[88.82,22.36],[88.81,22.36]],[[88.89,22.38],[88.9,22.37],[88.9,22.38],[88.89,22.38]],[[88.79,22.48],[88.79,22.49],[88.78,22.49],[88.79,22.48]],[[88.72,22.52],[88.71,22.53],[88.71,22.52],[88.72,22.52]],[[88.68,22.53],[88.69,22.54],[88.68,22.54],[88.68,22.53]],[[88.81,22.49],[88.8,22.48],[88.81,22.48],[88.81,22.49]],[[88.82,22.46],[88.81,22.45],[88.82,22.45],[88.82,22.46]],[[88.86,22.45],[88.86,22.48],[88.85,22.48],[88.85,22.46],[88.86,22.45]],[[88.89,22.21],[88.88,22.2],[88.89,22.2],[88.89,22.21]],[[88.89,22.18],[88.9,22.17],[88.9,22.18],[88.89,22.18]],[[88.69,22.02],[88.68,22.01],[88.69,22.01],[88.69,22.02]],[[88.9,22.67],[88.89,22.68],[88.89,22.67],[88.9,22.67]],[[88.88,22.66],[88.87,22.67],[88.87,22.66],[88.88,22.66]],[[88.86,22.69],[88.86,22.7],[88.85,22.69],[88.86,22.69]],[[88.81,22.75],[88.82,22.74],[88.82,22.75],[88.81,22.75]],[[88.83,22.75],[88.85,22.74],[88.85,22.75],[88.83,22.75]],[[89.7,26.26],[89.71,26.27],[89.7,26.27],[89.7,26.26]]],[[[88.97,22.17],[88.98,22.2],[89.01,22.2],[89.01,22.16],[89.05,22.14],[89.03,22.07],[89.08,22.0],[89.07,21.94],[89.02,21.93],[89.02,21.9],[88.94,21.93],[88.91,21.99],[88.92,22.02],[88.93,22.0],[88.95,22.0],[88.93,22.06],[88.97,22.05],[88.98,22.1],[89.0,22.12],[89.0,22.15],[88.97,22.17]],[[89.01,21.93],[89.02,21.94],[89.01,21.94],[89.01,21.93]],[[88.99,22.0],[88.98,21.98],[88.99,21.98],[88.99,22.0]],[[88.99,21.98],[89.0,21.96],[89.02,21.97],[89.01,21.99],[88.99,21.98]],[[89.0,21.94],[88.99,21.96],[88.99,21.94],[89.0,21.94]],[[88.99,22.0],[89.0,22.01],[88.99,22.01],[88.99,22.0]],[[88.98,22.04],[89.01,22.05],[89.01,22.06],[89.0,22.06],[88.99,22.06],[88.98,22.06],[88.98,22.05],[88.98,22.04]]],[[[88.08,21.63],[88.04,21.65],[88.04,21.72],[88.07,21.74],[88.07,21.78],[88.1,21.84],[88.14,21.88],[88.15,21.83],[88.17,21.82],[88.16,21.81],[88.17,21.73],[88.15,21.7],[88.16,21.66],[88.14,21.63],[88.08,21.63]]],[[[88.53,21.59],[88.51,21.6],[88.53,21.69],[88.5,21.75],[88.51,21.77],[88.5,21.79],[88.56,21.81],[88.57,21.72],[88.61,21.67],[88.59,21.66],[88.61,21.62],[88.58,21.62],[88.59,21.61],[88.58,21.57],[88.54,21.57],[88.53,21.59]],[[88.54,21.65],[88.53,21.64],[88.54,21.64],[88.54,21.65]],[[88.56,21.64],[88.54,21.63],[88.56,21.63],[88.56,21.64]],[[88.57,21.62],[88.58,21.63],[88.57,21.63],[88.57,21.62]],[[88.57,21.7],[88.58,21.69],[88.58,21.7],[88.57,21.7]],[[88.56,21.7],[88.57,21.71],[88.55,21.7],[88.56,21.7]],[[88.55,21.73],[88.56,21.74],[88.55,21.74],[88.55,21.73]],[[88.52,21.77],[88.53,21.77],[88.53,21.78],[88.52,21.77]]],[[[88.62,21.79],[88.62,21.81],[88.58,21.8],[88.58,21.85],[88.63,21.9],[88.63,21.92],[88.66,21.92],[88.67,21.91],[88.65,21.88],[88.65,21.82],[88.64,21.79],[88.62,21.79]],[[88.61,21.85],[88.6,21.84],[88.61,21.84],[88.61,21.85]],[[88.62,21.84],[88.61,21.83],[88.62,21.83],[88.62,21.84]],[[88.64,21.88],[88.63,21.87],[88.64,21.87],[88.64,21.88]]],[[[88.74,21.66],[88.73,21.64],[88.78,21.65],[88.77,21.62],[88.8,21.6],[88.79,21.58],[88.71,21.58],[88.72,21.63],[88.71,21.67],[88.74,21.66]],[[88.74,21.63],[88.73,21.61],[88.74,21.61],[88.74,21.63]]],[[[88.14,22.02],[88.09,21.93],[88.05,21.91],[88.07,22.0],[88.14,22.02]]],[[[88.58,21.72],[88.59,21.79],[88.62,21.79],[88.63,21.73],[88.61,21.73],[88.62,21.71],[88.58,21.72]],[[88.6,21.74],[88.62,21.75],[88.6,21.75],[88.6,21.74]]],[[[88.84,21.56],[88.83,21.61],[88.9,21.58],[88.9,21.55],[88.84,21.56]]],[[[88.53,21.54],[88.48,21.55],[88.49,21.6],[88.53,21.59],[88.53,21.54]]],[[[89.68,26.16],[89.72,26.18],[89.73,26.18],[89.71,26.15],[89.68,26.16]]],[[[88.71,21.67],[88.69,21.68],[88.69,21.71],[88.7,21.71],[88.71,21.67]]]]}}]}