Name of Product,NSQ Result,Manufactured By,Reporting Source,Reporting by Lab/State,Batch No,Manufacturing Date,Expiry Date,Reporting Month & Year,Source
Iron And Folic Acid Tablets I.P.,The sample does not conform to IP with respect to Description.,"Unicure India Ltd,C-21, 22 & 23, Sector-3, Noida-201301, Distt. Gautam Budh Nagar (U.P)",CDSCO Labs,"CDL, Kolkata",IFAT1245,3/1/2025,2/1/2027,Jan-2026,https://cdsco.gov.in/opencms/opencms/en/Notifications/nsq-drugs/
"Calcium Carbonate, Vitamin D3, Magnesium & Zinc Sulphate Tablets",The sample does not conform to claim as per Manufacturer's Specification with respect to the Assay of Zinc Sulphate Monohydrate equivalent to elemental Zinc.,"Lifevision Healthcare ,Plot No. 138-139-140-141-142, E.P.I.P., Phase-1, Jharmajri, Baddi, Distt. Solan (H.P)-174103",CDSCO Labs,"CDL, Kolkata",LTA-45710,11/1/2024,4/1/2026,Jan-2026,https://cdsco.gov.in/opencms/opencms/en/Notifications/nsq-drugs/
Acetyl Cysteine Injection BP,The sample does not conform to B.P. with respect to the test for Sterility.,"Carewin Pharmaceuticals (GUJ) Pvt. Ltd.,38, Saket Ind. Estate-II, Sarkhej-Bavla NH-8A, PO. Moraiya, Ahmedabad (Guj.) Pin-382210",CDSCO Labs,"CDL, Kolkata",529,10/1/2025,9/1/2027,Jan-2026,https://cdsco.gov.in/opencms/opencms/en/Notifications/nsq-drugs/
Suction Catheter,The sample does not conforms to claim as per IS 8836:2019 with respect to test of 1st eye distance from tip.,"Morrisons Lifecare Pvt Ltd,No.3, Anna Street, Padikuppam, Chennai-600 107",CDSCO Labs,"RDTL, Chandigarh",SUBLE01,5/1/2025,4/1/2028,Jan-2026,https://cdsco.gov.in/opencms/opencms/en/Notifications/nsq-drugs/
Iron & Folic Acid Tablets IP,The sample is not of standard quality for the reason stated under Description.,"Cipco Pharmaceuticals,35-36/1 A.B. Road, Gram Pigdamber, Dist. Indore 453331 (MP) INDIA",CDSCO Labs,"RDTL,Guwahati",IFS250104,1/1/2025,12/1/2026,Jan-2026,https://cdsco.gov.in/opencms/opencms/en/Notifications/nsq-drugs/
Co-Trimoxazole Oral Suspension IP,"The sample does not conform to claim as per IP 2022 and Addendum 2024 in respect to the Test of Total microbial count, Total yeast and mould count","Candour Pharmaceuticals,Vill. Ogli, Suketi Road, Kala Amb, Distt. Sirmour (HP)-173030",CDSCO Labs,"RDTL, Chandigarh",CL250256A,9/1/2025,8/1/2027,Jan-2026,https://cdsco.gov.in/opencms/opencms/en/Notifications/nsq-drugs/
Calcium Carbonate & Vitamin D3 Tablets IP,The sample does not conform to claim as per IP 2022 in respect to the Test of Uniformity of content of Vitamin D3,"J. M. Laboratories,Village - Bhanat, P.O. - Ghatti, Subathu Road, Solan (H.P.) 173211",CDSCO Labs,"RDTL, Chandigarh",GT17894C,2/1/2025,1/1/2027,Jan-2026,https://cdsco.gov.in/opencms/opencms/en/Notifications/nsq-drugs/
"Dextromethorphan HBr, Phenylephrine HCL with Chlorpheniramine maleate Syrup",The sample received does not conform to the claim with respect to the test for Assay of Dextromethorphan Hydrobromide and Phenylephrine Hydrochloride.,"Seejar Pharmaceuticals, Plot No. 5, Survey No. 198 Paiki 1/paiki 2, Behind CCL Factory, Near Gajanand Foods, Irana Road, Budasan, Tal. Kadi, Dist. Mehsana, PIN 382715",CDSCO Labs,"CDTL, Mumbai",SP251109,10/1/2025,9/1/2027,Jan-2026,https://cdsco.gov.in/opencms/opencms/en/Notifications/nsq-drugs/
Telmisartan & Amlodipine Tablets IP,Test for Dissolution,"Zoic Biotech Pvt. Ltd., Plot No. C-15, Focal Point, Ind. Area, Chanalon Mohali (Punjab)-140103",State Lab,"DTL, Bengaluru, Karnataka",ZTF-058A,6/1/2025,5/1/2027,Jan-2026,https://cdsco.gov.in/opencms/opencms/en/Notifications/nsq-drugs/
Ofloxacin & Ornidazole Tablets IP,Dissolution Test,"Park Pharmaceuticals, Vill Kalujhanda, Near Nanakpur, The. Distt. Solan(H.P) 174103",State Lab,"SDT&RL, Bhubaneswar",OBT-2972,4/1/2024,3/1/2026,Jan-2026,https://cdsco.gov.in/opencms/opencms/en/Notifications/nsq-drugs/
Amoxycillin Dispersible Tablets IP,The sample does not conforms to the I.P. with respect to Assay.,"Moon Marks Pharmaceuticals, Plot No. 01, Ind. Area, Raja ka Bagh, Teh. Nurpur, Distt. Kangra (H.P.)",State Lab,DTLBikaner,T-250554,5/1/2025,4/1/2027,Jan-2026,https://cdsco.gov.in/opencms/opencms/en/Notifications/nsq-drugs/
Multivitamin Tablets N.F.I.,The sample does not confirm to the claim with respect to Assay of vitamin D3 (Nil).,"Healthy Life Pharma Pvt. Ltd., Factory-N-31/1, M.I.D.C., Tarapur, Dist. Palghar, Boisar-401506.",State Lab,DTL Jaipur,23448,11/1/2024,10/1/2026,Jan-2026,https://cdsco.gov.in/opencms/opencms/en/Notifications/nsq-drugs/
Rabeprazole (EC) & Domperidone (SR) Capsules,The sample does not conform to the claim with respect to Assay of Rabeprazole Sodium.,"Neubin Life Sciences Pvt. Ltd., Khasra No. 142, Raipur Industrial Area, Bhagwanpur, Roorkee, Distt : Haridwar (U.K.)",State Lab,DTL Jaipur,NBC-01225,5/1/2025,4/1/2027,Jan-2026,https://cdsco.gov.in/opencms/opencms/en/Notifications/nsq-drugs/
"Levosalbutamol Sulphate, Ambroxol Hydrochloride & Guaiphenesin Syrup",The sample does not conform to the claim with respect to Assay of Ambroxol Hydrochloride & Guaiphenesin.,"Innova Captab Ltd., 1281/1, Hilltop Industrial Estate, Near EPIP Phase-I, Jharmajri, Baddi, Distt. Solan (H.P.)-173205.",State Lab,DTL Jaipur,FHYAM015,8/1/2025,7/1/2027,Jan-2026,https://cdsco.gov.in/opencms/opencms/en/Notifications/nsq-drugs/
"Terbutaline Sulphate, Ambroxol Hydrochloride and Guaiphenesin Syrup",Content,"Aucklane Life Sciences Pvt. Ltd., RS. No:195/9 & 197/4, Pangoor, Ariyur Revenue Village, Villianur, Puducherry, 605102",State Lab,"Drugs Testing Laboratory, Chennai-06",AKL26,10/1/2025,9/1/2027,Jan-2026,https://cdsco.gov.in/opencms/opencms/en/Notifications/nsq-drugs/
"Levosalbutamol Sulphate, ambroxol Hydrochloride and Guaiphensis Syrup",Content,"Krebz Healthcare Pvt. Ltd., No.2/5, Kanniamman Nagar, 6th Street, Vanagaram, Chennai-600 095",State Lab,"Drugs Testing Laboratory, Madurai-19",KBS-105,9/1/2025,8/1/2027,Jan-2026,https://cdsco.gov.in/opencms/opencms/en/Notifications/nsq-drugs/
Phenytoin Tablets IP 100 mg,The sample fails in the Test for Description of Tablets.,"Jackson Laboratories Pvt. Ltd., 22-24, Majitha Road, Bye Pass Amritsar-143001 (India)",State Lab,"MDTL Kathua, Jammu and Kashmir",T-5616,4/1/2025,3/1/2027,Jan-2026,https://cdsco.gov.in/opencms/opencms/en/Notifications/nsq-drugs/
Paracad-650,The sample fails in the Test for Description of Tablets.,"Aagya Biotech Pvt. Ltd. 1.5 km., Manglour ? Saharanpur Road, Manglour ? 247656, Roorkee, Distt. Haridwar (U.K.), India",State Lab,"MDTL Kathua, Jammu and Kashmir",GAB2724,1/1/2024,12/1/2026,Jan-2026,https://cdsco.gov.in/opencms/opencms/en/Notifications/nsq-drugs/
Calcium And Vitamin D3 Tablets IP,The sample fails in the Test for Description and Uniformity of weight of Tablets.,"Healthy Life Pharma Pvt. Ltd. Factory : N ? 31/1, M.I.D.C., Tarapur, Boisar ? 401506, Dist. Palghar.",State Lab,"MDTL Kathua, Jammu and Kashmir",45392,10/1/2024,9/1/2026,Jan-2026,https://cdsco.gov.in/opencms/opencms/en/Notifications/nsq-drugs/
Calcium Gluconate Injection I.P.,The sample fails in the Test for Sterility,"Martin & Brown Bio-Sciences Pvt.Ltd.. K. No. 918/419, Malkumajra, Nalagarh Road, Baddi, Distt. Solan (H.P.) 173205",State Lab,"MDTL Kathua, Jammu and Kashmir",MA25E26,5/1/2025,10/1/2026,Jan-2026,https://cdsco.gov.in/opencms/opencms/en/Notifications/nsq-drugs/
Paracetamol Tablets IP 500mg,The sample does not confirm to IP2022 requirement withespect to Dissolution Test,"Unicure India Ltd.C-21,22&23,Sector -3,Noida -201301.Dist.Gautam Budh Nagar.(U.P)",State Lab,"DTL,Dalgate Srinagar Kashmir( J and K)",PCT1211,8/1/2024,7/1/2026,Jan-2026,https://cdsco.gov.in/opencms/opencms/en/Notifications/nsq-drugs/
Diclofenac Sodium Injection,Thesample does not conform to I.P w.r.t the test for Description and Particulate matter,"Neon Laboratories Ltd.at Plot No.G84/1,Tarapur MIDC boisar 401506.",State Lab,"DTL, Dalgate Srinagar Kashmir ( J and K)",2507017,3/1/2025,2/1/2027,Jan-2026,https://cdsco.gov.in/opencms/opencms/en/Notifications/nsq-drugs/
Paracetamol DispersibleTablets BP 500mg,The sample does not conform to I.P w.r.t the Disintegration test and finess of Dispersion,"Med Manor Organics Pvt.Ltd Uint II,Kh no.143 M/7,Village Raipur,Pargana Bhagwanpur ,Tehsil Roorkee,Dist Haridwar Uttrakhand-247661.",State Lab,"DTL, Dalgate Srinagar Kashmir ( J and K)",HPJ405,9/1/2024,8/1/2027,Jan-2026,https://cdsco.gov.in/opencms/opencms/en/Notifications/nsq-drugs/
Sodium Chloride and Dextrose Injection IP(0.9% W/V and 5% W/v),The sample does not conform to I.P w.r.t Sterility Test,"Klokter Lifesciences Pvt.Ltd Samora,Indri Road,karnal-132041.",State Lab,"DTL, Dalgate Srinagar Kashmir ( J and K)",(N)251074,4/1/2025,3/1/2027,Jan-2026,https://cdsco.gov.in/opencms/opencms/en/Notifications/nsq-drugs/
"Ambroxol, Terbutaline, Guaiphenesin & Menthol Syrup",Content,"IOSIS Remedies Pvt Ltd, Rajpura Road, Village-Khera Nihla, Tehsil-Nalagarh, District- Solan. Himachal Pradesh - 174 101",State Lab,"Drugs Testing Laboratory, Madurai-19",BRAS-065,5/1/2025,10/1/2027,Jan-2026,https://cdsco.gov.in/opencms/opencms/en/Notifications/nsq-drugs/
"Levosalbutamol, Guaiphenesin & Ambroxol Hcl Syrup",Content,"Ultra Drugs Formulations Pvt Ltd, Plot No.338/278, Vill. Manakpur, Lodhimajra, Tehsil-Baddi, Distt. Solan (H.P)-173 205",State Lab,"Drugs Testing Laboratory, Madurai-19",UFL250378L,4/1/2025,3/1/2027,Jan-2026,https://cdsco.gov.in/opencms/opencms/en/Notifications/nsq-drugs/
"Ambroxol Hydrochloride, Levosalbutamol Sulphate & Guaiphenesin Syrup",Content,"Ultatech Pharmaceuticaqls, Vill. Tipra, P.O, Barotiwala, Distt. Solan (HP), 174103",State Lab,"Drugs Testing Laboratory, Madurai-19",ULL25042,4/1/2025,3/1/2027,Jan-2026,https://cdsco.gov.in/opencms/opencms/en/Notifications/nsq-drugs/
"Ambroxol Hydrochloride, Guaiphenesin & Terbutaline Sulphate Syrup",Content,"Rivpra Formulations Pvt. Ltd, Plot No.8, Sector 6A, I.I.E, SIDCUL, Haridwar-249403. (UK) India",State Lab,"Drugs Testing Laboratory, Madurai-19",L2502010,2/1/2025,1/1/2027,Jan-2026,https://cdsco.gov.in/opencms/opencms/en/Notifications/nsq-drugs/
"Ambroxol Hcl, Dextromethorphan Hbr, Phenylephrine Hcl, Chlorpheniramine Maleate & Menthol Syrup",Content,"Rumy Pharmaceuticals, Plot No.40, Dic Ind Area, Baddi, Dist. Solan-173205 (HP)",State Lab,"Drugs Testing Laboratory, Madurai-19",RPL863,5/1/2025,4/1/2027,Jan-2026,https://cdsco.gov.in/opencms/opencms/en/Notifications/nsq-drugs/
Bromhexine Hydrochloride Syrup-4mg/5ml,Content,"Galpha Laboratories Ltd, Village: Thana, Baddi, Himachal Pradesh-173205",State Lab,"Drugs Testing Laboratory, Madurai-19",BHS24002,3/1/2024,2/1/2027,Jan-2026,https://cdsco.gov.in/opencms/opencms/en/Notifications/nsq-drugs/
"Levosalbutamol Sulphate, Ambroxol Hydrochloride and Guaiphenesin Syrup",Content,"Dr.Patel Pharmaceuticals Pvt. Ltd, Plot No.4, Sha Industrial Phase-2, Lamdapura, Majusar, Dist; vadodara-391775 (Gujarat)",State Lab,"Drugs Testing Laboratory, Madurai-19",DL5F051,6/1/2025,5/1/2027,Jan-2026,https://cdsco.gov.in/opencms/opencms/en/Notifications/nsq-drugs/
"Ambroxol Hydrochloride, Guaiphenesin & Terbutaline Sulphate Syrup",Content,"Rivpra Formulations Pvt. Ltd, Plot No.8, Sector 6A, I.I.E, SIDCUL, Haridwar-249403. (UK) India",State Lab,"Drugs Testing Laboratory, Madurai-19",L2502007,2/1/2025,1/1/2027,Jan-2026,https://cdsco.gov.in/opencms/opencms/en/Notifications/nsq-drugs/
"Paracetamol, Phenylephrine Hydrochloride & Chlorpheniramine Maleate Suspension",Content,"AASSK Pharmaceuticals Pvt. Ltd, S.No.243/2, Plot No.9, Dr.Ambedkar Street, Kozhumanivakkam Village, Mangadu, Chennai-600122",State Lab,"Drugs Testing Laboratory, Madurai-19",ASL24288,12/1/2024,11/1/2026,Jan-2026,https://cdsco.gov.in/opencms/opencms/en/Notifications/nsq-drugs/
"Clobetasol Propionate, Neomycin, Miconazole Nitrate & Chlorhexidine Cream",Content,"Leeford Healthcare Ltd., At:Plot No.77, 78, 79-A, 79-B & 116, EPIP, Phase-II, Village-Thana, Tehsil-Baddi, Distt. Solan, (HP), 173205",State Lab,"Drugs Testing Laboratory, Chennai-06",DLPS5027,7/1/2025,6/1/2027,Jan-2026,https://cdsco.gov.in/opencms/opencms/en/Notifications/nsq-drugs/
"Clobetasol Propionate, Neomycin, Miconazole Nitrate & Chlorhexidine Cream",Content,"Leeford Healthcare Ltd., At:Plot No.77, 78, 79-A, 79-B & 116, EPIP, Phase-II, Village-Thana, Tehsil-Baddi, Distt. Solan, (HP), 173205",State Lab,"Drugs Testing Laboratory, Chennai-06",DLPS5033,7/1/2025,6/1/2027,Jan-2026,https://cdsco.gov.in/opencms/opencms/en/Notifications/nsq-drugs/
"Ambroxol Hydrochloride, Terbutaline Sulphate, Guaiphenesin With Menthol Syrup",Content,"Tychos Therapeutics Pvt. Ltd., D.P.No.136, SIDCO Industrial Estate, Thirumudivakkam, Chennai-600132",State Lab,"Drugs Testing Laboratory, Chennai-06",TL2509013,9/1/2025,8/1/2027,Jan-2026,https://cdsco.gov.in/opencms/opencms/en/Notifications/nsq-drugs/
"Aluminium Hydroxide, Magnesium Hydroxide & Simethicone Oral Suspension IP",Content and Microbial Limit,"Pharmaroots Healthcare. Khasra No.411, Village Tipra, P.O, Barotiwala, Tehsil Baddi, Distt. Solan, H.P",State Lab,"Drugs Testing Laboratory, Chennai-06",PL-40143,6/1/2024,5/1/2026,Jan-2026,https://cdsco.gov.in/opencms/opencms/en/Notifications/nsq-drugs/
Iron Sucrose Injection USP 5 ml,sample Does not meet the Specifications w.r.t. Sterility Test.,"Arco Lifesciences (India) Pvt Ltd C-86, M.I.D.C. Hingna, Nagpur - 440016 MAHARASHTRA",State Lab,"DCL, Telangana",7505,4/1/2025,3/1/2027,Jan-2026,https://cdsco.gov.in/opencms/opencms/en/Notifications/nsq-drugs/
IRON SUCROSE INJECTION USP,sample Does not meet the Specifications w.r.t. Sterility Test.,"Arco Life Sciences India Pvt.Ltd C-86, MIDC, Hingna, Nagpur 16, Maharashtra.",State Lab,"DCL, Telangana",7404,4/1/2024,3/1/2026,Jan-2026,https://cdsco.gov.in/opencms/opencms/en/Notifications/nsq-drugs/
Ibuprofen & Paracetamol Suspension,Description and Assay of Ibuprofen and Paracetamol,"Linux Life Sciences Pvt Ltd Plot No. 6 biotech park phase ? III, Karkapatla, Markook, Siddipet 502281 Telangana",State Lab,"DCL, Telangana",BPY24H09,8/1/2024,7/1/2026,Jan-2026,https://cdsco.gov.in/opencms/opencms/en/Notifications/nsq-drugs/
Cetirizine Dihydrochloride Tablets IP 10 mg,Description,"Suprex laboratories 11/C, Industrial area, Maxi road, Ujjain(M.P.) MADHYA PRADESH",State Lab,"DCL, Telangana",CTT-2416,10/1/2024,1/1/2027,Jan-2026,https://cdsco.gov.in/opencms/opencms/en/Notifications/nsq-drugs/
Povidone Iodine Solution IP,sample does not meets the Specifications wrt. Assay of Available lodine as per IP. 2022.,"Microwin Labs Pvt Ltd Plot No. 363, Industrial area, Phase-9, Mohali-160062, Punjab PUNJAB",State Lab,"DCL, Telangana",GMW0121,9/1/2024,8/1/2026,Jan-2026,https://cdsco.gov.in/opencms/opencms/en/Notifications/nsq-drugs/
Paracetamol Pediatric Oral Suspension IP,Assay for paracetamol does not comply as per IP 2022.,"Smayan Healthcare Pvt ltd Plot No. 26-27, HPSIDC Ind. Area, Vill Davni, Baddi, Distt, Solan (H.P)-173205",State Lab,"DCL, Telangana",L4H088,8/1/2024,7/1/2026,Jan-2026,https://cdsco.gov.in/opencms/opencms/en/Notifications/nsq-drugs/
Amoxycillin & Potassium Clavulanate Tablets IP,Assay of Amoxycillin and Clavulanic acid and Dissolution test for Amoxycillin,"Athens Life Sciences Mauza Rampur Jattan, Nahan Road, Kala Amb, Dist. Sirmour, H.P.-173030",State Lab,"DCL, Telangana",TB24-0672D,10/1/2024,9/1/2026,Jan-2026,https://cdsco.gov.in/opencms/opencms/en/Notifications/nsq-drugs/
Pantoprazole Tablets IP,Dissolution And Misbranded Drug,"Spinka Pharma 6-18/4, Peddamberpet, Hyderabad - 501505 Telangana",State Lab,"DCL, Telangana",PPC-5021,2/1/2025,1/1/2027,Jan-2026,https://cdsco.gov.in/opencms/opencms/en/Notifications/nsq-drugs/
Acebrophylline and Acetylcysteine tablets,Description,"San-cito Therapeutics Inc Vill. Loharan , P.O. Ghatti, Solan- 173211(H.P).",State Lab,"DCL, Telangana",SB-9620,1/1/2025,12/1/2026,Jan-2026,https://cdsco.gov.in/opencms/opencms/en/Notifications/nsq-drugs/
Amoxycillin & Potassium Clavulanate Tablets IP,Assay and Dissolution of Clavulanic Acid does not comply as per IP. 2022,"Mayer Lab Chambaghat, Adjacent to Railway crossing, Distt. Solan, HP ? 173 213 Himachal Pradesh",State Lab,"DCL, Telangana",MYRTAB-1038,4/1/2025,9/1/2026,Jan-2026,https://cdsco.gov.in/opencms/opencms/en/Notifications/nsq-drugs/
Aceclofenac & paracetamol tablets,Misbranded,"Laborate pharmaceuticals India ltd. 51, Indl Area, Paonta sahib (H.P.)",State Lab,"DCL, Telangana",ACAUT-007,7/1/2025,6/1/2028,Jan-2026,https://cdsco.gov.in/opencms/opencms/en/Notifications/nsq-drugs/
Paracetamol Tablets I.P. 650 mg,The sample does not conform to standard quality in respect of the test for Dissolution performed.,"Aban Pharmaceuticals, Plot No. 1018, Kerala, G.I.D.C, Bavia, Distt. Ahmedabad ? 382220.",State Lab,"SDTL Govt. of Tripura, Agartala",2309026,9/1/2023,8/1/2026,Jan-2026,https://cdsco.gov.in/opencms/opencms/en/Notifications/nsq-drugs/
Pantoprazole Gastro resistant Tablets IP,The sample does not conform to standard quality in respect of the test for Description and Dissolution in Buffer medium performed.,"Gnosis Pharmaceuticals Pvt. Ltd., Nahan Road, Village Moginand, Kala-Amb, Distt. Sirmour, H.P. ? 173030.",State Lab,"SDTL Govt. of Tripura, Agartala",GT400378,6/1/2024,5/1/2026,Jan-2026,https://cdsco.gov.in/opencms/opencms/en/Notifications/nsq-drugs/
Folic Acid and Ferrous Sulphate Tablets (Large) N.F.I.,The sample does not conform to Standard Quality in respect of the test for Disintegration performed,"Modern Laboratories, 45-47, Sector D-2. Industrial Area, Sanwer Road, Indore (M.P.) 452015.",State Lab,"SDTL Govt. of Tripura, Agartala",FFT3502,8/1/2025,7/1/2027,Jan-2026,https://cdsco.gov.in/opencms/opencms/en/Notifications/nsq-drugs/
Folic Acid and Ferrous Sulphate Tablets (Large) N.F.I.,The sample does not conform to Standard Quality in respect of the test for Disintegration performed,"Modern Laboratories, 45-47, Sector D-2. Industrial Area, Sanwer Road, Indore (M.P.) 452015.",State Lab,"SDTL Govt. of Tripura, Agartala",FFT3501,6/1/2025,5/1/2027,Jan-2026,https://cdsco.gov.in/opencms/opencms/en/Notifications/nsq-drugs/
Amitriptyline Tablets IP,The sample does not conform to I.P. in respect of the test Assay performed.,"Eastern Healthcare, Plot No. 7, Sector 6A, IIE. Siidcul, Haridwar-249 403, UK",State Lab,West Bengal,DRT24032,2/1/2024,1/1/2026,Jan-2026,https://cdsco.gov.in/opencms/opencms/en/Notifications/nsq-drugs/
Ofloxacin And Ornidazole Tablets IP,The sample declared as Misbranded Drug as per Sec 17(a) and 17(b) of Drugs and Cosmetics Act 1940 as it is not labelled in the prescribed manner. The sample declared as Not of Standard Quality in respect of the Test Assay performed.,"Square Pharmaceuticals, Mohispota, Kolkata-700 113.",State Lab,West Bengal,51,11/1/2024,10/1/2026,Jan-2026,https://cdsco.gov.in/opencms/opencms/en/Notifications/nsq-drugs/
Telmisartan Tab.IP 40mg,The sample does not conform to I.P. The sample declared as Not of Standard Quality in respect of the Test Assay performed.,"Titanes Pharma Vill. Bathu, Tehsil Haroli, Dist. UNA (HP)-174507",State Lab,West Bengal,T3385,2/1/2024,1/1/2026,Jan-2026,https://cdsco.gov.in/opencms/opencms/en/Notifications/nsq-drugs/
Cetirizine Chydrochloride Syrup IP,Failed pH,"Thorab Pharma and Research Laboratory, RS. No. 144/5 pt, Earikkarai Road,Thiruvandarkoil, Puducherry-605 102.",State Lab,"DTL, Puducherry",MGMP 0898,11/1/2025,4/1/2027,Jan-2026,https://cdsco.gov.in/opencms/opencms/en/Notifications/nsq-drugs/
Pantoprazole Gastro Resistant Tablets IP,Failed Disintegration and Uniformity of weight,"Athens Life Sciences, Mauza Rampur Jattan, Nahan road, Kala Amb, Distt. Sirmour, H.P -173030",State Lab,"DTL, Puducherry",TG25-1814A,10/1/2025,9/1/2027,Jan-2026,https://cdsco.gov.in/opencms/opencms/en/Notifications/nsq-drugs/
"Mecobalamin, Alpha Lipoic Acid, Vitamin B6, Folic Acid, Zinc Sulphate Monohydrate, Chromium Polynicotinate, Selenium Dioxide, Biotin And Inositol Tablets",Failed Assay (for Alpha Lipoic Acid),"Linto Pharmaceuticals, R.S.No. 142/8, Sedarapet Main Road, Pathukannu Junction, Ramanathapuram Village, Villianur commune, Puducherry- 605 502",State Lab,"DTL, Puducherry",LP 108,9/1/2025,2/1/2027,Jan-2026,https://cdsco.gov.in/opencms/opencms/en/Notifications/nsq-drugs/
I.V. Cannula with Injection Port and Wings,"The sample does not conform to Manufacturer specification in respect to the Test of Flow rate, Sterility.","Poly Medicure Ltd.,Plot No.104-105, Sector-59, HSIIDC Indl. Area Faridabad-121004,(Haryana)",CDSCO Labs,"CDL, Kolkata",3167422F,6/1/2022,5/1/2027,Jan-2026,https://cdsco.gov.in/opencms/opencms/en/Notifications/nsq-drugs/
I.V. Cannula with Injection Port,The sample does not conform to Manufacturer specification in respect to the Test of Sterility and Flow rate.,"Poly Medicure Ltd.,Plot No.104-105, Sector-59, HSIIDC Indl. Area Faridabad-121004,(Haryana)",CDSCO Labs,"CDL, Kolkata",4006523A,1/1/2023,12/1/2027,Jan-2026,https://cdsco.gov.in/opencms/opencms/en/Notifications/nsq-drugs/
"I.V. Cannula with Injection Port non return valve, wing Luer Lock",The sample does not conform to Manufacturer specification with respect to the test for sterility.,"Romsons Group Pvt. Ltd. ,63-64 Industrial Estate Nunhai Agra 282006",CDSCO Labs,"CDL, Kolkata",G220611060,6/1/2022,5/1/2027,Jan-2026,https://cdsco.gov.in/opencms/opencms/en/Notifications/nsq-drugs/
Shringar Mehandi Cone,The sample of cosmetics- (C) Does not conform to the claims made on the label as to the nature and quality of the cosmetic with respect to Lawsone content.,"Sankhla Mehandi Udyog, Sojat City-306104, Dist. Pali (Raj.) INDIA",State Lab,DTL Jaipur,1025SH,10/1/2025,3/1/2026,Jan-2026,https://cdsco.gov.in/opencms/opencms/en/Notifications/nsq-drugs/
Pushp Henna Red Fast Colour Red Strong & Long Lasting,The sample of cosmetics- (C) does not conform to the claims made on the label as to the nature and quality of the cosmetic with respect to protocol of test applied. The Sample does not confirm to IS 17318 : 2020 as it does not show the Lawsone content NiL.,"Pushp Henna Pvt. Ltd., Regd Office : Nr. Kushal Krishi Farm, Sojat Road Marg, Sojat City-306104 (Raj) India.",State Lab,DTL Jaipur,FH-1293,10/1/2025,9/1/2027,Jan-2026,https://cdsco.gov.in/opencms/opencms/en/Notifications/nsq-drugs/
Mehandi Cone,The sample of cosmetics- (C) Does not conform to the claims made on the label as to the nature and quality of the cosmetic with respect to Lawsone content (Nil) and pH.,"Velnik India Limited, Khasra Nos. 270,272,273,275,276/1, Kalab Kalan Road, Dholi Magri Choraha, Kalakot, Tehsil-Raipur, District-Beawar PIN-306304, State-Rajasthan, India.",State Lab,DTL Jaipur,A1-027,10/1/2025,9/1/2026,Jan-2026,https://cdsco.gov.in/opencms/opencms/en/Notifications/nsq-drugs/
White Tone Face Powder,Test for Heavy Metals(Lead),"VINI Cosmetics Pvt. Ltd., 67, Pancharatna Ind. Estate, Sarkhej-Bavla High way, Changodar-382213, Dist. Ahmedabad, Gujarat",State Lab,"DTL, Bengaluru, Karnataka",CW3858,6/1/2025,5/1/2027,Jan-2026,https://cdsco.gov.in/opencms/opencms/en/Notifications/nsq-drugs/
SANKHA VATI 5g (Ayurvedic),The sample does not conform to Standard Quality in respect of the tests for Total Ash value performed.,"Karnani Pharmaceuticals (P) Ltd., Fact.: F-67, Industrial Area, Bhiwandi ? 301019 (Raj.) Mfg. Lic. No. : RJ 529-AYU",State Lab,"SDTL Govt. of Tripura, Agartala",KT-098,11/1/2025,10/1/2028,Jan-2026,https://cdsco.gov.in/opencms/opencms/en/Notifications/nsq-drugs/
Rabeprazole Sodium Injection IP,"The sample does not conform to I.P with respect to the Tests of pH, Clarity of Solution, Particulate matter, Related Substances, Assay of Rabeprazole Sodium and Description.","Martin & Brown Bio-Sciences Pvt. Ltd.,K.No. 918/419, Malkumajra, Nalagarh Road, Baddi, Dist.Solan (H.P.)-173205",CDSCO Labs,"CDL, Kolkata",MD25C07,3/1/2025,2/1/2027,Jan-2026,https://cdsco.gov.in/opencms/opencms/en/Notifications/nsq-drugs/
Cyproheptadine Hydrochloride & Tricholine Citrate Syrup,The sample does not conform to claim as per In house in respect to the Test of Ethylene glycol and Assay of Tricholine Citrate,"Tridus Remedies,Plot No. D-42, D-43, Phase-II , Industrial Area, Hajipur, Vaishali-844102, Bihar",CDSCO Labs,"CDL, Kolkata",HNG-25004,5/1/2025,4/1/2027,Jan-2026,https://cdsco.gov.in/opencms/opencms/en/Notifications/nsq-drugs/
"Bromhexine Hydrochloride, Terbutaline Sulphate & Guaiphenesin & Menthol Syrup","The sample does not conform to claim as per Schedule V, Drugs & Cosmetics Act in respect to the Assay of Menthol","Edkem Pharmaceuticals Ltd.M9-M12. Gallops, Industrial Park-II, Bavla Changodar Highway, Ahmedabad 382210",CDSCO Labs,"CDL, Kolkata",EL24113,2/1/2024,1/1/2026,Jan-2026,https://cdsco.gov.in/opencms/opencms/en/Notifications/nsq-drugs/
"Phenylephrine Hydrochloride, Dextromethorphan Hydrobromide, Chlorpheniramine Maleate & Guaiphenesin Syrup","The sample does not conform to claim as per Schedule V, Drugs & Cosmetics Act in respect to the Assay of Phenylephrine Hydrochloride","Indian Drug Vision,NH-58, Narsan Khurd, Roorkee, Distt. Haridwar (Uttarakhand)",CDSCO Labs,"CDL, Kolkata",IDS-1792,4/1/2025,3/1/2027,Jan-2026,https://cdsco.gov.in/opencms/opencms/en/Notifications/nsq-drugs/
"Ambroxol Hydrochloride, I.P-15.0mg Salubutamol Sulphate Equivalent to Salbutamol, I.P-1mg Guaiphenesin, I.P- 50.0mg Menthol, I.P -1mg Sorbitol base -q.s. Colour: Sunset Yellow FCF",The sample does not conform to claim with respect to Assay of Menthol.,"Harihar Pharmaceuticals Pvt.Ltd.,Sambalpur Road, Khamarmunda-767065, Dist. Balangir, Odisha, India",CDSCO Labs,"CDL, Kolkata",AS036-25,1/1/2025,12/1/2026,Jan-2026,https://cdsco.gov.in/opencms/opencms/en/Notifications/nsq-drugs/
Albendazole Tablets IP 400 mg,The sample does not conform to I.P. with respect to test for Dissolution.,"Hindustan Antibiotics Ltd,Pimpri, Pune-411 018, India",CDSCO Labs,"CDL, Kolkata",112,1/1/2025,12/1/2026,Jan-2026,https://cdsco.gov.in/opencms/opencms/en/Notifications/nsq-drugs/
Pantoprazole for Injection IP 40 mg,"The sample does not conform to I.P. with respect to test for Particulate matter, and Clarity of solution","MMG Healthcare,Trilokpur Road, Kala Amb, Distt. sirmour-173030 (H.P.)",CDSCO Labs,"CDL, Kolkata",25GF05A,6/1/2025,5/1/2027,Jan-2026,https://cdsco.gov.in/opencms/opencms/en/Notifications/nsq-drugs/
Rabeprazole Sodium Injection IP,"The sample does not conform to I.P. with respect to the tests of Clarity of solution, Particulate matter, pH, Related substances, Assay of Rabeprazole Sodium and Description.","Martin & Brown Bio-Sciences Pvt. Ltd.,K.No. 918/419, Malkumajra, Nalagarh Road, Baddi, Dist.Solan (H.P.)-173205",CDSCO Labs,"CDL, Kolkata",MD24A09,1/1/2024,12/1/2025,Jan-2026,https://cdsco.gov.in/opencms/opencms/en/Notifications/nsq-drugs/
"Ambroxol Hydrochloride, I.P-15.0mg Terbutaline Sulphate, I.P-1.25mg Guaiphenesin, I.P- 50.0mg Menthol, I.P -2.5mg",The sample does not conform to claim with respect to Aassay of Menthol,"Mothers Care Pharma Labs Pvt.Ltd.,AT/PO-Boudh, Dist: Boudh-762014, Odisha",CDSCO Labs,"CDL, Kolkata",MCPD-189,7/1/2025,6/1/2027,Jan-2026,https://cdsco.gov.in/opencms/opencms/en/Notifications/nsq-drugs/
Hydrocortisone Sodium Succinate Injection IP,"The sample does not conform to I.P. with respect to test for pH, Clarity of Solution and Particulate Matter","Martin & Brown Bio-Sciences Pvt. Ltd ,K.No. 918/419, Malkumajra, Nalagarh Road, Baddi, Dist.Solan (H.P.)-173205",CDSCO Labs,"CDL, Kolkata",MD24H18,8/1/2024,1/1/2026,Jan-2026,https://cdsco.gov.in/opencms/opencms/en/Notifications/nsq-drugs/
"Bromhexine Hydrochloride,Terbutaline Sulphate,Guaiphenesin & Menthol Syrup","The sample does not conform to claim as per Schedule V, Drugs & Cosmetics Act in respect to the Assay of Menthol","Rednex Pharmaceuticals Pvt. Ltd.,Survey No : 586 & 231, NR. SKF Bearing, Bavla Bagodara, N.H.-8A, Kerala, Tal. Bavla, Dist-Ahmedabad-382220",CDSCO Labs,"CDL, Kolkata",R12GL2424,12/1/2024,11/1/2026,Jan-2026,https://cdsco.gov.in/opencms/opencms/en/Notifications/nsq-drugs/
Buprenorphine Injection IP 2ml,"The sample does not conform to IP with respect to test for Sterility, Related Substances, Particulate matter, Assay of Buprenorphine Hydrochloride and Description.","SNG Pharmaceuticals(P) Ltd.,101/B.K.B Complex Opp. Mahavir Nagar, N.H.No. 8, Vapi-396191 At 75/1 G.I.D.C, Vapi-3961951 Gujarat",CDSCO Labs,"CDL, Kolkata",1364 ASO,6/1/2025,5/1/2028,Jan-2026,https://cdsco.gov.in/opencms/opencms/en/Notifications/nsq-drugs/
Oxytocin Injection (Vet.),"The sample does not conform to claim as per Schedule V, Drugs & Cosmetics Act 1940 with respect to test for Particulate matter and Description.","Super Vaishali Laboratories ,R.B.Road, Bihar, -823001",CDSCO Labs,"CDL, Kolkata",4,12/1/2024,11/1/2027,Jan-2026,https://cdsco.gov.in/opencms/opencms/en/Notifications/nsq-drugs/
Meropenem Injection I.P. 125 mg,"The sample does not conform to I.P. with respect to test for Clarity of solution, Particulate matter and Description.","Modern Laboratories ,45-47, Sector D-2, Industrial Area, Sanwer Road, Indore (M.P.) Pin-452015,",CDSCO Labs,"CDL, Kolkata",MPI2508,8/1/2025,7/1/2027,Jan-2026,https://cdsco.gov.in/opencms/opencms/en/Notifications/nsq-drugs/
Meropenem Injection I.P. 125 mg,"The sample does not conform to I.P. with respect to test for Particulate matter, Clarity of solution, Assay of Meropenem calculated as Anhydrous Meropenem and Description.","Modern Laboratories ,45-47, Sector D-2, Industrial Area, Sanwer Road, Indore (M.P.) Pin-452015,",CDSCO Labs,"CDL, Kolkata",MPI2504,5/1/2025,4/1/2027,Jan-2026,https://cdsco.gov.in/opencms/opencms/en/Notifications/nsq-drugs/
Buprenorphine Injection IP 2ml,"The sample does not conform to IP with respect to test for pH, Related Substance, Particulate matter and Assay of Buprenorphine Hydrochloride.","SNG Pharmaceuticals(P) Ltd.,101/B.K.B Complex Opp. Mahavir Nagar, N.H.No. 8, Vapi-396191 At 75/1 G.I.D.C, Vapi-3961951",CDSCO Labs,"CDL, Kolkata",1364 ASO,5/1/2024,4/1/2026,Jan-2026,https://cdsco.gov.in/opencms/opencms/en/Notifications/nsq-drugs/
Levocetirizine Dihydrochloride and Montelukast Sodium Syrup,The sample does not conform to claim with respect to Assay of Montelukast Sodium and Description.,"Tridus Remedies,Plot No. D-42, D-43, Phase-II , Industrial Area, Hajipur, Vaishali-844102, Bihar",CDSCO Labs,"CDL, Kolkata",AL-24002,1/1/2025,12/1/2026,Jan-2026,https://cdsco.gov.in/opencms/opencms/en/Notifications/nsq-drugs/
Lignocaine and Adrenaline Injection IP,"The sample does not conform to IP with respect to test for Particulate matter,Assay of Adrenaline Bitartrate eq. to Adrenaline and Description.","Health Biotech Ltd.,Village Sandoli, Nalagarh Road, Baddi, Distt. Solan (H.P.) India- 173205",CDSCO Labs,"CDL, Kolkata",HILR25002,1/1/2025,12/1/2026,Jan-2026,https://cdsco.gov.in/opencms/opencms/en/Notifications/nsq-drugs/
Meropenem Injection I.P. 125 mg,"The sample does not conform to I.P. with respect to test for Particulate matter, Clarity of solution and Assay of Meropenem calculated as Anhydrous Meropenem","Modern Laboratories ,45-47, Sector D-2, Industrial Area, Sanwer Road, Indore (M.P.) Pin-452015,",CDSCO Labs,"CDL, Kolkata",MPI2506,7/1/2025,6/1/2027,Jan-2026,https://cdsco.gov.in/opencms/opencms/en/Notifications/nsq-drugs/
Cefotaxime Sodium Injection IP 1000 mg,The sample does not conform to I.P. with respect to test for Clarity of solution and Particulate matter.,"Nandani Medical Laboratories Pvt. Ltd.,221/5, Bicholi Hapsi, Kanadia Road, Indore-452016",CDSCO Labs,"CDL, Kolkata",CT42414,7/1/2024,6/1/2026,Jan-2026,https://cdsco.gov.in/opencms/opencms/en/Notifications/nsq-drugs/
"Bromhexine Hydrochloride,Terbutaline Sulphate,Guaiphenesin & Menthol Syrup",The sample does not conform to claim as per Manufacturer method & specification in respect to the Assay of Menthol,"Rednex Pharmaceuticals Pvt.Ltd.,Survey No.586 & 231 NR, SKF Bearing, Bavla Bagdogra, NH-8A, Kerala, Tal. - Bavla, Ahmedabad-382220.",CDSCO Labs,"CDL, Kolkata",R01GL2522,1/1/2025,12/1/2026,Jan-2026,https://cdsco.gov.in/opencms/opencms/en/Notifications/nsq-drugs/
Bupivacaine Hydrochloride in Dextrose Injection USP,The sample does not conform to U.S.P. with respect to test for Visible Particulates In Injection and Description.,"Arco Lifesciences (I) Pvt. Ltd.,C-86, M.I.D.C., Hingna, Nagpur-16.",CDSCO Labs,"CDL, Kolkata",BD24D2,12/1/2024,11/1/2026,Jan-2026,https://cdsco.gov.in/opencms/opencms/en/Notifications/nsq-drugs/
Buprenorphine Injection IP 2ml,"The sample does not conform to I.P. with respect to the Tests of Extractable volume, Particulate matter and for the reason stated under Description.","Indus Pharma Pvt.Ltd.,A-181, RIICO, Ghiloth, Alwar, Rajasthan. Pin-301705 (India)",CDSCO Labs,"CDL, Kolkata",BUP325004,4/1/2025,3/1/2027,Jan-2026,https://cdsco.gov.in/opencms/opencms/en/Notifications/nsq-drugs/
Tricholine Citrate and Sorbitol Syrup,The sample does not conform to the Manufacturer's Specification with respect to the Assay of Sorbitol Solution.,"Sabui Medical Stores(MFG.),3 Sadar Ghat Lane Bhadreswar, Hooghly West Bengal 712124",CDSCO Labs,"CDL, Kolkata",7917,9/1/2025,8/1/2027,Jan-2026,https://cdsco.gov.in/opencms/opencms/en/Notifications/nsq-drugs/
Rabeprazole Sodium Injection IP,The sample does not conform to I.P with respect to the Tests for Clarity of Solution and Particulate matter.,"Martin &Brown Bio-Sciences Pvt. Ltd.,K.No 918/419, Malkumajra, Nalagarh Road, Baddi, Distt. Solan (H.P.) 173205",CDSCO Labs,"CDL, Kolkata",MD25B16,2/1/2025,1/1/2027,Jan-2026,https://cdsco.gov.in/opencms/opencms/en/Notifications/nsq-drugs/
Buprenorphine Injection IP 2ml,The sample does not conform I.P. with respect to the Test of Particulate matter and for the reason stated under Description.,"Indus Pharma Pvt. Ltd.,A-181, RIICO, Ghiloth, Alwar, Rajasthan. Pin-301705 (India)",CDSCO Labs,"CDL, Kolkata",BUP325004,4/1/2025,3/1/2027,Jan-2026,https://cdsco.gov.in/opencms/opencms/en/Notifications/nsq-drugs/
Buprenorphine Injection IP 2ml,"The sample does not conform to I.P. with respect to the Tests of Particulate matter, Extractable volume and Description.","Indus Pharma Pvt.Ltd.,A-181, RIICO, Ghiloth, Alwar, Rajasthan. Pin-301705 (India)",CDSCO Labs,"CDL, Kolkata",BUP325005,5/1/2025,4/1/2027,Jan-2026,https://cdsco.gov.in/opencms/opencms/en/Notifications/nsq-drugs/
Ondansetron Injection IP,The sample does not comply as per I.P. 2022 with respect to the test for Sterility and BET,"Symbiosis Pharmaceuticals Pvt.Ltd.,Suketi Road, Kala Amb Distt. Sirmour, Himachal Pradesh - 173030",CDSCO Labs,"RDTL,Guwahati",LA24174B,2/1/2025,1/1/2027,Jan-2026,https://cdsco.gov.in/opencms/opencms/en/Notifications/nsq-drugs/
Ferrous Sulphate and Folic Acid Tablets IP,The sample is not of standard quality for the reason stated under Description of the tablets.,"Cyano Pharma (P) Ltd ,115-C, Industrial Estate, Pologround, Indore-452015",CDSCO Labs,"RDTL,Guwahati",CFB-X25,5/1/2024,4/1/2026,Jan-2026,https://cdsco.gov.in/opencms/opencms/en/Notifications/nsq-drugs/
Itraconazole Capsules USP,The sample does not comply as per U.S.P. 2025 with respect to the test for Dissolution .,"Digital Vision,176, Mauza Ogli, Nahan Road, Kala-Amb, Distt. Sirmour (H.P.) - 173 030",CDSCO Labs,"RDTL,Guwahati",GCF0298,7/1/2025,6/1/2027,Jan-2026,https://cdsco.gov.in/opencms/opencms/en/Notifications/nsq-drugs/
Amlodipine Tablets I.P. 2.5 mg,The sample is not of standard quality for the reason stated under Description of the tablets,"Zee Laboratories,47, Industrial Area, Paonta Sahib-173025",CDSCO Labs,"RDTL,Guwahati",424-1521,8/1/2024,7/1/2026,Jan-2026,https://cdsco.gov.in/opencms/opencms/en/Notifications/nsq-drugs/
Metronidazole Tablets I.P. 400 mg.,The sample does not comply as per I.P. 2022 with respect to the test for Dissolution of Metronidazole.,"Medivs Biosciences Pvt. Ltd.,,Khasra No. 1294, Morta, Meerut Road, Ghaziabad, UP-201003",CDSCO Labs,"RDTL,Guwahati",MT-24027,5/1/2024,4/1/2026,Jan-2026,https://cdsco.gov.in/opencms/opencms/en/Notifications/nsq-drugs/
Lorazepam Tablets I.P. 1 mg,The sample does not conform to claim as per I.P. 2022 with respect to the test for Dissolution and Assay of Lorazepam.,"D.D. Pharmaceuticals Pvt. Ltd.,G-1/583, RIICO Indl. Area, Sitapura, Tonk Road, Jaipur-302 022 (Rajasthan)",CDSCO Labs,"RDTL,Guwahati",OM-10584,7/1/2024,6/1/2027,Jan-2026,https://cdsco.gov.in/opencms/opencms/en/Notifications/nsq-drugs/
"Dextromethorphan HBr, Phenylephrine HCl & Chlorpheniramine Maleate Syrup",The sample does not conform to claim as per Patent and Proprietary in respect to the Assay of Phenylephrine Hydrochloride.,"Siddhi Vinayak Industries,Kh. No. 339/183/46, Village Mauza Johron, Industrial Area, Trilokpur Road, Kala-Amb, Tehsil Nahan, District Sirmour (H.P.) 173030",CDSCO Labs,"RDTL, Chandigarh",SVL-25199,9/1/2025,8/1/2027,Jan-2026,https://cdsco.gov.in/opencms/opencms/en/Notifications/nsq-drugs/
"Ambroxol Hydrochloride, Terbutaline Sulphate, Guaiphenesin & Menthol Syrup",The sample does not conform to claim as per Patent and Proprietary in respect to the Assay of Menthol,"NDB Healthcare,Vill. Lower Ambota, Sec-5, Parwanoo, Distt. Solan (H.P.)-173220",CDSCO Labs,"RDTL, Chandigarh",NB10L017A,10/1/2025,9/1/2027,Jan-2026,https://cdsco.gov.in/opencms/opencms/en/Notifications/nsq-drugs/
"Terbutaline, Ambroxol Hydrochloride, Guaiphenesin & Menthol Syrup",The sample does not conform to claim as per Patent and Proprietary in respect to the Assay of Ambroxol Hydrochloride and Menthol,"H. L. Healthcare Pvt. Ltd.,Plot No. 25, Industrial Area, Phase II, Gagret, District Una - 177201, Himachal Pradesh",CDSCO Labs,"RDTL, Chandigarh",L - 25055,9/1/2025,8/1/2027,Jan-2026,https://cdsco.gov.in/opencms/opencms/en/Notifications/nsq-drugs/
Co-Trimoxazole Oral Suspension IP,"The sample does not conform to claim as per IP 2022 and Addendum 2024 in respect to the Test of Total microbial count, Total yeast and mould count","Candour Pharmaceuticals,Vill. Ogli, Suketi Road, Kala Amb, Distt. Sirmour (HP)-173030",CDSCO Labs,"RDTL, Chandigarh",CL250267A,9/1/2025,8/1/2027,Jan-2026,https://cdsco.gov.in/opencms/opencms/en/Notifications/nsq-drugs/
"Ambroxol HCl, Terbutaline Sulphate, Guaiphenesin & Methol Syrup",The sample does not conform to claim as per Patent and Proprietary in respect to the Assay of Terbutaline Sulphate,"Siddhi Vinayak Industries,Kh. No. 339/183/46, Village Mauza Johron, Industrial Area, Trilokpur Road, Kala-Amb, Tehsil Nahan, District Sirmour (H.P.) 173030",CDSCO Labs,"RDTL, Chandigarh",SVL-25194,9/1/2025,8/1/2027,Jan-2026,https://cdsco.gov.in/opencms/opencms/en/Notifications/nsq-drugs/
"Ofloxacin, Metronidazole & Simethicone Suspension",The sample does not conform to claim as per Patent and Proprietary in respect to the Assay of Ofloxacin.,"ZRS Pharmaceuticals India Pvt.Ltd ,Khasra No. 481, 490/3, 562/489/1, Opposite Sector-6, Tehsil Kasauli, Parwanoo, Solan, Himachal Pradesh-173220",CDSCO Labs,"RDTL, Chandigarh",ZRSL - 1533,6/1/2025,5/1/2027,Jan-2026,https://cdsco.gov.in/opencms/opencms/en/Notifications/nsq-drugs/
"Terbutaline Sulphate, Bromhexine HCl, Guaiphenesin & Menthol Syrup,,","The sample does not conform to claim as per Patent and Proprietary in respect to the Assay of Terbutaline Sulphate, Bromhexine Hydrochloride","Lapan Healthcare Pvt. Ltd.,Plot No. 112, Sector-29, Part 1, Huda, Panipat-132103 (Haryana)",CDSCO Labs,"RDTL, Chandigarh",LPS-2510209,10/1/2025,9/1/2027,Jan-2026,https://cdsco.gov.in/opencms/opencms/en/Notifications/nsq-drugs/
"Terbutaline Sulphate, Bromhexine Hydrochloride, Guaiphenesin & Menthol Syrup",The sample does not conform to claim as per Patent and Proprietary in respect to the Assay of Bromhexine Hydrochloride,"Bindlysh Biotec Ltd.,A-45, JHILMIL Industrial Area, Delhi, 110095",CDSCO Labs,"RDTL, Chandigarh",LXB-003,8/1/2025,7/1/2027,Jan-2026,https://cdsco.gov.in/opencms/opencms/en/Notifications/nsq-drugs/
"Diphenhydramine HCl, Ammonium Chloride, Sodium Citrate & Menthol Syrup",The sample does not conform to claim as per Patent and Proprietary in respect to the Assay of Sodium Citrate and Menthol.,"ZRS Pharmaceuticals India Pvt. Ltd ,Khasra No. 481, 490/3, 562/489/1, Opposite Sector-6, Tehsil Kasauli, Parwanoo, Solan, Himachal Pradesh-173220",CDSCO Labs,"RDTL, Chandigarh",ZRSL - 1806,9/1/2025,8/1/2027,Jan-2026,https://cdsco.gov.in/opencms/opencms/en/Notifications/nsq-drugs/
Teneligliptin & Metformin Hydrochloride Extended-release Tablets 20mg and 500mg,The sample received does not conform to I.P. 2022 with respect to the test of Dissolution (Teneligliptin) and Assay /Content of Teneligliptin,"Rivpra Formulation Pvt. Ltd.,Plot No.8, Sector-6A, I.I.E. SIDCUL, Haridwar-249 403 (U.K.)",CDSCO Labs,"CDTL, Mumbai",T-2406105,6/1/2024,5/1/2026,Jan-2026,https://cdsco.gov.in/opencms/opencms/en/Notifications/nsq-drugs/
Cyproheptadine & Tricholine Citrate Oral Drugs 30 ml,The sample received does not conform to manufacturer's specification 2022 with respect to the test for pH.,"Luxica Pharma Inc.,Plot No. 2308, Phase - III, GIDC Panoli, Bharuch - 394116, Gujarat, India",CDSCO Labs,"CDTL, Mumbai",124,9/1/2025,8/1/2027,Jan-2026,https://cdsco.gov.in/opencms/opencms/en/Notifications/nsq-drugs/
Teneligliptin & Metformin Hydrochloride Extended-release Tablets 20mg and 500mg,The sample received does not conform to I.P. 2022 with respect to the test for Dissolution (Teneligliptin),"Rivpra Formulation Pvt. Ltd.,Plot No.8, Sector-6A, I.I.E. SIDCUL, Haridwar-249 403 (U.K.)",CDSCO Labs,"CDTL, Mumbai",T-2509069,9/1/2025,8/1/2027,Jan-2026,https://cdsco.gov.in/opencms/opencms/en/Notifications/nsq-drugs/
"Dextromethorphan Hydrobromide, Cetirizine Dihydrochloride, Zinc and Ammonium Chloride Syrup",The sample received does not conform to I.P. 2022 with respect to the test for Assay for Cetrizine Dihydrochloride.,"Frontline Pharmaceuticals Pvt. Ltd.,13/14, Siddhivinayak Ind. EST., Golani Naka, Waliv, Vasai (E), Dist. Palghar - 401208",CDSCO Labs,"CDTL, Mumbai",LC-2505,6/1/2025,5/1/2027,Jan-2026,https://cdsco.gov.in/opencms/opencms/en/Notifications/nsq-drugs/
"Paracetamol, Phenylphrine & Chlorpheniramine Maleate Suspension",The sample received does not conform to I.P. 2022 with respect to the test for Microbiological test.,"P & B Pharmaceuticals Pvt. Ltd,391/B, Shakarpur, Ta. Khambhat, Dist. Anand -388620, Gujarat",CDSCO Labs,"CDTL, Mumbai",101,10/1/2025,9/1/2027,Jan-2026,https://cdsco.gov.in/opencms/opencms/en/Notifications/nsq-drugs/
Bacillus clausii spores suspension,The sample received does not conform toclaim with respect to Assay of Bacillus Clausii and Description.,"Zee Laboratories Ltd.,Behind 47, Industrial Area, Paonta Sahib-173025",CDSCO Labs,"CDTL, Mumbai",Z24-450,6/1/2024,5/1/2026,Jan-2026,https://cdsco.gov.in/opencms/opencms/en/Notifications/nsq-drugs/
"Ambroxol Hydrochloride, Guaiphenesin and Levosalbutamol Sulphate Syrup",The sample does not conform to Manufacturers Specification with respect to test for Assay of Ambroxol Hydrochloride,"Farma Hub Overseas Pvt. Ltd (FHO),Khasra No. 882, Industrial Park-II, Near SIDCUL, Distt. Haridwar, Uttarakhand, India 249402",CDSCO Labs,"CDTL, Mumbai",FL250085,10/1/2025,9/1/2027,Jan-2026,https://cdsco.gov.in/opencms/opencms/en/Notifications/nsq-drugs/
"Dextromethorphan Hydrobromide, Phenylephrine Hydrochloride & Cetirizine Hydrochloride Syrup",The sample does not conform to Manufacturers specification with respect to test for Assay of Phenylephrine Hydrochloride.,"Apco Pharma Ltd,D-8, Industrial Area, Haridwar-249401(U.K.)",CDSCO Labs,"CDTL, Mumbai",L-25154,9/1/2025,8/1/2027,Jan-2026,https://cdsco.gov.in/opencms/opencms/en/Notifications/nsq-drugs/
Glycerin,"The sample received does not conform tO I.P. 2022 specification with respect to refractive index, relative density, water content and Assay only.","Adani Wilmar Ltd ,Village - Dhrub, Taluka - Mundra, Dist - Kutch - 370421, Gujarat",CDSCO Labs,"CDTL, Hyderabad",G250719-IA,7/1/2025,6/1/2029,Jan-2026,https://cdsco.gov.in/opencms/opencms/en/Notifications/nsq-drugs/
"Paracetamol, Phenylepherine HCL & Chlorpheniramine Maleate Suspension",The sample does not conform to manufacturers specification with respect to the tests for Assay.,"Taksa Lifescience,E-47, Industrial Area, Focal Point Derabassi, Distt. Mohali (PB), Pin Code- 140507",CDSCO Labs,"CDTL, Hyderabad",TLLK-703,11/1/2025,10/1/2027,Jan-2026,https://cdsco.gov.in/opencms/opencms/en/Notifications/nsq-drugs/
Hydroxyzine Oral Solution I.P.,The sample does not conform to I.P. 2022 specification with respect to the test for pH only.,"Solar Pharmaceuticals,Focal Point, Bhawanpura, Village Paddi, Dehlon Road Ludhiana -141206",CDSCO Labs,"CDTL, Hyderabad",25JL0872,10/1/2025,9/1/2027,Jan-2026,https://cdsco.gov.in/opencms/opencms/en/Notifications/nsq-drugs/
Clopidogrel Tablets IP 75 mg,The sample received does not conform to IP 2022 specification with respect to the Description only.,"Rivpra Formulation Pvt. Ltd.,Plot No.8, Sector-6A, I.I.E. SIDCUL, Haridwar-249 403 (U.K.)",CDSCO Labs,"CDTL, Hyderabad",T-2405315,5/1/2024,4/1/2026,Jan-2026,https://cdsco.gov.in/opencms/opencms/en/Notifications/nsq-drugs/
Paediatric Co-Trimoxazole Oral Suspension BP,The sample does not conform to B.P with respect to the Assay of Sulphamethoxazole,"Unique Pharmaceutical Labs. (A Division of J. B. Chemicals & Pharmaceuticals Ltd.),128/1, GIDC, Ankleshwar - 393 002, Gujarat",CDSCO Labs,"CDTL, Indore",ATS25009,6/1/2025,5/1/2028,Jan-2026,https://cdsco.gov.in/opencms/opencms/en/Notifications/nsq-drugs/
Aceclofenac & Paracetamol Tablets,The sample does not conform to Addendum 2024 of I.P 2022 with respect to the Assay of Aceclofenac.,"Medisky Pharmaceuticals,Plot No 260, G.I.D.C, Talod- 383215, Dist Sabarkantha (Gujarat)",CDSCO Labs,"CDTL, Indore",T250216,2/1/2025,1/1/2027,Jan-2026,https://cdsco.gov.in/opencms/opencms/en/Notifications/nsq-drugs/
Amoxicillin And Potassium Clavulanate TabletsIP 625 mg,The sample does not conform to IP with respect to the test of Dissolution Of Potassium Clavulanate and Assay of Potassium Clavulanate.,"Karnataka Antibiotics & Pharmaceuticals Ltd.,No. 37, Site No. 34/4, NTTF Main Road, 2nd Phase, Peenya Industrial Area, Bengaluru - 560058",CDSCO Labs,"CDTL, Indore",APCT25014A,2/1/2025,7/1/2026,Jan-2026,https://cdsco.gov.in/opencms/opencms/en/Notifications/nsq-drugs/
Zinc Sulphate Dispersable tablets I.P 20mg,The sample does not conform to I.P limit with respect to Disintegration Test,"Health Life Pharma, Pvt, Ltd. Factory: N - 31/1. M.I.D.C, Tarapur, Boisar, Palgarh - 401506",State Lab,"BDCL, Patna",7066,4/1/2024,3/1/2026,Jan-2026,https://cdsco.gov.in/opencms/opencms/en/Notifications/nsq-drugs/
Zinc Sulphate Dispersable tablets I.P 20mg,The sample does not conform to I.P limit with respect to Disintegration Test,"Health Life Pharma, Pvt, Ltd. Factory: N - 31/1. M.I.D.C, Tarapur, Boisar, Palgarh - 401506",State Lab,"BDCL, Patna",25607,3/1/2024,2/1/2026,Jan-2026,https://cdsco.gov.in/opencms/opencms/en/Notifications/nsq-drugs/
Diclofenac Potassium & Chlorzoxazone Tablets,The sample nas been declared as Not of Standard Quality as it does not conform to IP Standards with respect Teet fhe to Test for Disintegration,"SMBJ Pharmaceuticals Pvt Ltd. Plot No. 330, Phase 1, HSIIDC Industrial Estate, Barhi, Dist Sonepat 131101",State Lab,Karnataka,SMT-3395,9/1/2025,8/1/2027,Jan-2026,https://cdsco.gov.in/opencms/opencms/en/Notifications/nsq-drugs/
Cefodoxime Proxetil & Ofloxacin Tablet,Assay of ofloxacin,"Sharika Biotech Jagat Khana, Village Neehli Dhang, Nalagarh, Dsitt. Solan",State Lab,"DTL Baddi, Himachal Pradesh",SKTC25002,9/1/2025,8/1/2027,Jan-2026,https://cdsco.gov.in/opencms/opencms/en/Notifications/nsq-drugs/
Ciprofloxacin Tablets 500mg,Assay of ciprofloxacin,"Sharika Biotech Jagat Khana, Village Neehli Dhang, Nalagarh, Dsitt. Solan",State Lab,"DTL Baddi, Himachal Pradesh",SB2512,10/1/2025,9/1/2029,Jan-2026,https://cdsco.gov.in/opencms/opencms/en/Notifications/nsq-drugs/
Defidrot Suspension,The sample does not conforms to claim as per patent & Proprietary in respect to the Assay of Drotaverine Hydrochloride.,"Adsila organics Pvt Ltd. Liwaspur road, vill Bhalagarh 131021",State Lab,"DTL Baddi, Himachal Pradesh",L058711-24,11/1/2024,10/1/2026,Jan-2026,https://cdsco.gov.in/opencms/opencms/en/Notifications/nsq-drugs/
Doxylamine Succinate Pyridoxine Hydrochloride & Folic acid Tablets,The sample does not conform to claim as per patent & proprietary in respect to the Disintegration Test.,"Nexkem Pharmaceuticals Pvt Ltd. IP-47, Khasra No. 84, Mantri Farmm Vill. Raipur, Tehsil Bhagwanpur, Roorkee, District Haridwar- 247661",State Lab,"DTL Baddi, Himachal Pradesh",NPT25140A,6/1/2025,5/1/2027,Jan-2026,https://cdsco.gov.in/opencms/opencms/en/Notifications/nsq-drugs/
Iron & Folic Acid Syrup IP,Test for pH and Assay for Elemental Iron,"Biogenetic Drugs Pvt. Ltd.,Vill. Jharmazri, Baddi-174103, Dist. Solan, H.P",State Lab,"DTL, Bengaluru, Karnataka",880525-BKN20,5/1/2025,4/1/2027,Jan-2026,https://cdsco.gov.in/opencms/opencms/en/Notifications/nsq-drugs/
Omeprazole Gastro-resistant Capsules IP 20 mg,Test for Dissolution,"Jpee Drugs, Plot No-53, Sector 6-A, SIDCUL, Haridwar (Uttarakhand)",State Lab,"RDTL, Hubli, Karnataka",JDC-1592,4/1/2025,3/1/2027,Jan-2026,https://cdsco.gov.in/opencms/opencms/en/Notifications/nsq-drugs/
"Cefixime, Azithromycin & Lactic Acid Bacillus Tablets",Assay for Cefixime (as Anhydrous) & Azithromycin (as Anhydrous) only,"Park Pharmaceuticals, 272, Ind, Area, Phase II, Panchkula-134113",State Lab,"RDTL, Hubli, Karnataka",CHO-50003,1/1/2025,12/1/2026,Jan-2026,https://cdsco.gov.in/opencms/opencms/en/Notifications/nsq-drugs/
Calcium Carbonate & Vitamin D3 (Cholecalciferol) Tablets IP,Assay for Vitamin D3,"Nutra Life Healthcare Pvt. Ltd., Plot No. 44-45, Shiv Ganga Industrial-Estate, Lakeshwari, Bhagwanpur, Roorkee Distt, Haridwar, Uttarkhand",State Lab,"DTL, Bengaluru, Karnataka",NLT-43425,7/1/2025,6/1/2027,Jan-2026,https://cdsco.gov.in/opencms/opencms/en/Notifications/nsq-drugs/
Luliconazole Lotion IP 1% w/v,Assay for Luliconazole only,"National Laboratories (Unit-II), Village & P.O. Manpura, Baddi-Nalagarh Road, Distt. Solan (H.P)-174101,",State Lab,"RDTL, Hubli, Karnataka",SWNL24J03,10/1/2024,9/1/2026,Jan-2026,https://cdsco.gov.in/opencms/opencms/en/Notifications/nsq-drugs/
Metformin Hydrochloride (ER) and Glimepiride Tablets IP,Assay for Glimepiride,"Swiss Garnier Life Sciences, 21-23 Industrial area, Mehatpur, Dist., UNA, Himachal Pradesh India-174315. India",State Lab,"RDTL, Bellary, Karnataka",244TGT008,6/1/2025,5/1/2027,Jan-2026,https://cdsco.gov.in/opencms/opencms/en/Notifications/nsq-drugs/
Cefixime Dispersible Tablets IP,Test for Dissolution and Assay for Cefixime,"Digital Vision, Village Khari, Mauza Ogli, Suketi Road, Kala-Amb, Distt, Sirmour (H.P) 173030 (H.P)",State Lab,"RDTL, Bellary, Karnataka",DTBE13A,5/1/2025,4/1/2027,Jan-2026,https://cdsco.gov.in/opencms/opencms/en/Notifications/nsq-drugs/
Enrofloxacin & Bromhexine HCL Oral Solution (Quinrox-BH Antibacterial & Mucolytic For Veterinary Use),Description,"Indovet Life Sciences Pvt. Ltd., D.No.7-8-290/1 1st & 2nd Floors Goutham Nagar, Ferozguda Village, Balangar Mandal Medchal- Malkajgiri District. Pin Code-500011 Telangana State, India",State Lab,"RDTL, Bellary, Karnataka",QXB0525,6/1/2025,5/1/2027,Jan-2026,https://cdsco.gov.in/opencms/opencms/en/Notifications/nsq-drugs/
Telmisartan Tablets IP 40 mg,Test for Dissolution,"Bonn Schtering Bio Sciences, Plot No. 64 & 65, First Floor, Electronic Park, Thirubhavanai Mandipet Commune Puducherry-605107",State Lab,"RDTL, Bellary, Karnataka",MVT-534,8/1/2024,7/1/2026,Jan-2026,https://cdsco.gov.in/opencms/opencms/en/Notifications/nsq-drugs/
Paracetamol Tablets IP 500 mg,Test for Dissolution,"Elegant Drugs Pvt. Ltd., R.S.No. 59/3a, Chalmatti-581196 (Dist.: Dharwad St Karnataka",State Lab,"RDTL, Bellary, Karnataka",4D189,2/1/2025,1/1/2027,Jan-2026,https://cdsco.gov.in/opencms/opencms/en/Notifications/nsq-drugs/
"Aceclofenac, Paracetamol & Serratiopeptidase Tablets",Description,"Franklin Laboratories (India) Pvt. Ltd., Khasra No. 140-141, Makhanpur, Bhagwanpur, Roorkee, Distt. Haridwar, Uttarakhand",State Lab,"RDTL, Bellary, Karnataka",APSP-45,4/1/2025,3/1/2027,Jan-2026,https://cdsco.gov.in/opencms/opencms/en/Notifications/nsq-drugs/
Rabeprazole Sodium Gastro-Resistant Tablets IP 20 mg,Description,"Curehealth Phaemaceuticals Pvt. Ltd., Vill, Raipur, P.O. Deothi, Tehsil & District Solan (H.P)-173211",State Lab,"RDTL, Bellary, Karnataka",TG25015E,8/1/2025,7/1/2027,Jan-2026,https://cdsco.gov.in/opencms/opencms/en/Notifications/nsq-drugs/
"Aceclofenac, Paracetamol & Chlorzoxazone Tablets",Description and Assay for Aceclofenac,"Vats Biotech Pvt. Ltd., Vill. Kailar P.O. Saproon, Teh& Distt, Solan-173211 (H.P)",State Lab,"RDTL, Bellary, Karnataka",VGT/2201,4/1/2024,3/1/2026,Jan-2026,https://cdsco.gov.in/opencms/opencms/en/Notifications/nsq-drugs/
"Metformin Hydrochloride (SR) Tablets IP 1000mg,",Description,"Jpee Drugs, Plot No.53, Sector 6-A SIDCUL Haridwar (Uttarakhand)",State Lab,"DTL, Bengaluru, Karnataka",JDT-7754,2/1/2024,1/1/2026,Jan-2026,https://cdsco.gov.in/opencms/opencms/en/Notifications/nsq-drugs/
Paracetamol Tablets IP 500 mg,Description,"Danish Health Care (P) Ltd., (AN ISO 9001:2015 & GMP Certified Company) 76/27-28, Industrial Estate, Maxi Road, Ujjain-456010 India",State Lab,"DTL, Bengaluru, Karnataka",PYA24001,6/1/2024,5/1/2026,Jan-2026,https://cdsco.gov.in/opencms/opencms/en/Notifications/nsq-drugs/
Ibuprofen Suspension 100mg/5ml,Test for pH,"Primus Pharmaceuticals, Sadhoura Road, Mouza Ogli Khari, Vill. Asgarpur Majra, Kala Amb, Distt. Sirmour-(H.P) 173030",State Lab,"DTL, Bengaluru, Karnataka",PL-022502,2/1/2025,1/1/2027,Jan-2026,https://cdsco.gov.in/opencms/opencms/en/Notifications/nsq-drugs/
Iron & Folic Acid Syrup IP,Test for Dissolution,"Biogenetic Drugs Pvt. Ltd., Vill-Jharmazri, Baddi 174103, Dist. Solan H.P",State Lab,"DTL, Bengaluru, Karnataka",1340625-BKN20,6/1/2025,5/1/2027,Jan-2026,https://cdsco.gov.in/opencms/opencms/en/Notifications/nsq-drugs/
Piroxicam & Paracetamol Injection [POK-P] (FOR VETRINARY USE ONLY),Test for Sterility and Description,"Sunvet Pharma Pvt. Ltd., Village-Upper Moginand, Nahan Road, Kala Amb, Distt. Sirmour-173030 (H.P)",State Lab,"DTL, Bengaluru, Karnataka",PK-2535,6/1/2025,5/1/2027,Jan-2026,https://cdsco.gov.in/opencms/opencms/en/Notifications/nsq-drugs/
Sodium Bicarbonate Injection I.P,Description and Test for Particulate matter,"Carewin Pharmaceuticals (Guj) Pvt. Ltd., 38, Saket Ind. Estste-II, N.H No.8A, P.O. Moraiya TA. Sanand, Ahmedabad",State Lab,"DTL, Bengaluru, Karnataka",524,8/1/2025,7/1/2027,Jan-2026,https://cdsco.gov.in/opencms/opencms/en/Notifications/nsq-drugs/
"Levosalbutamol, Ambroxol Hydrochloride & Guaiphenesin Syrup",Description,"Finemax Formulation Pvt. Ltd., No-1/4, First Floor, Thirumuruga Complex, Leelavathi Nagar, Chikkarayapuram, Chenni-600069",State Lab,"DTL, Bengaluru, Karnataka",PLP-005,10/1/2024,9/1/2026,Jan-2026,https://cdsco.gov.in/opencms/opencms/en/Notifications/nsq-drugs/
Meropenem Injection IP,Tests for pH and Loss on drying,"Sunvet Healthcare, Vill. Khari, Mauza Ogli, Kala Amb, Distt. Sirmour, 173030 (HP)",State Lab,"DTL, Bengaluru, Karnataka",SDIC449B,9/1/2025,8/1/2027,Jan-2026,https://cdsco.gov.in/opencms/opencms/en/Notifications/nsq-drugs/
Ciprofloxacin Tablets I.P 500mg,Test for Uniformity of Weight,"Unicure India Ltd., C-21, 22 & 23, Sector-3 Noida-201301 Distt, Gautam Budh Nagar (U.P)",State Lab,"RDTL, Hubli, Karnataka",CCT1303,4/1/2025,3/1/2027,Jan-2026,https://cdsco.gov.in/opencms/opencms/en/Notifications/nsq-drugs/
Nitrazepam Tablets IP 5 mg,Test for Dissolution only,"Elite Pharma Pvt. Ltd., 1210/11/12, Phase III, G.I.D.C., Vatva, Ahmedabad-382445, Gujarat, India",State Lab,"RDTL, Bellary, Karnataka",208,1/1/2025,12/1/2027,Jan-2026,https://cdsco.gov.in/opencms/opencms/en/Notifications/nsq-drugs/
Nimesulied & Paracetamol Tablets,Test for Disintegration only,"Medico Labs, 628, G.I.D.C., Phase IV, Vatva, Ahmedabad-382445",State Lab,"RDTL, Hubli, Karnataka",24T021,4/1/2024,3/1/2027,Jan-2026,https://cdsco.gov.in/opencms/opencms/en/Notifications/nsq-drugs/
"Calcium, Calcitriol & Vitamin K27 Softgel Capsules",Test for Disintegration,"Sigma Softgel & Formulation, Plot No.171, HPSIDC, Industrial Area, Baddi-173205, Distt Solan (HP)",State Lab,"RDTL, Bellary, Karnataka",D251340C,6/1/2025,5/1/2027,Jan-2026,https://cdsco.gov.in/opencms/opencms/en/Notifications/nsq-drugs/
Pantoprazole Tablets IP,Description,"Hamax Pharmaceuticals, 703, G.I.D.C., Industrial Estate, Makarpura, Vadodara-390010 (Gujarat)",State Lab,"RDTL, Bellary, Karnataka",T 3006,5/1/2025,4/1/2027,Jan-2026,https://cdsco.gov.in/opencms/opencms/en/Notifications/nsq-drugs/
"Methylcobalamin, Alpha Lipoic Acid, Pyridoxine Hydrochloride & Folic Acid Soft Gelatin Capsules)","Test for Disintegration? and ?Assay for Methylcobalamin, Alpha Lipoic Acid Pyridoxine Hydrochloride","Bionexy Pharma, Plot No. 31-B, Industrial Area, Lodhimajra, Tehsil Baddi, Distt. Solan-HP-173205",State Lab,"RDTL, Bellary, Karnataka",BSG251184A,8/1/2025,7/1/2027,Jan-2026,https://cdsco.gov.in/opencms/opencms/en/Notifications/nsq-drugs/
Flunarizine Tablets IP 10mg,"sample fails the test 'Descriptive Part' for tablets as per IP, as specified in the laboratory protocol.","Pure & Cure Healthcare Pvt.Ltd, Plot No. 26A, 27-30, Sector-8A, I.I.E, SIDCUL, Ranipur, Haridwar-249 403, Uttarakhand",State Lab,DTL Thiruvananthapuram,AUJ01AQA,8/1/2025,7/1/2028,Jan-2026,https://cdsco.gov.in/opencms/opencms/en/Notifications/nsq-drugs/
Iron Sucrose Injection USP 20mg/ml,"sample fails the tests 'Content of Chloride and pH as per USP, as specified in the Laboratory Protocol.","Infallible Pharma Pvt.Ltd, At. Plot No. H-10, H-10/1, MIDC, Satpur, Nashik-422007",State Lab,DTL Thiruvananthapuram,VIN 24011,2/1/2024,1/1/2026,Jan-2026,https://cdsco.gov.in/opencms/opencms/en/Notifications/nsq-drugs/
"Lorazepam Tablets IP 1mg,",The particular sample fails the tests Dissolution and Assay.,"Windlas Biotech Limited (Plant-2), Khasra No. 141 to 143 & 145, Mohabewala Indl. Area, Dehradun-248110 (U.K) India",State Lab,RDTL Ernakulam,5071TNI,4/1/2025,3/1/2028,Jan-2026,https://cdsco.gov.in/opencms/opencms/en/Notifications/nsq-drugs/
Salbutamol Syrup IP,sample fails the test pH as per IP .,"Labinduss Ltd, I.D.A, Kanjikode-678623, Kerala",State Lab,RDTL Ernakulam,SVK 24049,11/1/2024,10/1/2026,Jan-2026,https://cdsco.gov.in/opencms/opencms/en/Notifications/nsq-drugs/
Telmisartan Tablets IP 40mg,sample fails the 'Descriptive Part' as per IP,"Bennet Pharmaceuticals Limited, Village Chanal Majra, Nr. Manpura, Baddi, Tal. Nalagarh, Dist.Solan (HP)-173205, Himachal Pradesh",State Lab,DTL Thiruvananthapuram,BPLT-25010,1/1/2025,12/1/2026,Jan-2026,https://cdsco.gov.in/opencms/opencms/en/Notifications/nsq-drugs/
Paracetamol Tablets IP 500mg,"sample fails the test ""Dissolution"" as per IP","Healer's Lab, Unit II, Plot No. 33, HPSIDC, Extn. Baddi, Distt. Solan (H.P)",State Lab,DTL Thrissur,PAK-632,1/1/2024,12/1/2026,Jan-2026,https://cdsco.gov.in/opencms/opencms/en/Notifications/nsq-drugs/
Paracetamol,Dissolution Test,"Navkar Lifesciences, Plot No-76, Lodhi Majra, Industrial Area Baddi, Dist-(Solan)H.P.",State Lab,"SDT&RL, Bhubaneswar",TF3059A,6/1/2023,5/1/2026,Jan-2026,https://cdsco.gov.in/opencms/opencms/en/Notifications/nsq-drugs/
Pantoprazole,Dissolution Test,"Ronak Life Care Private Limited. RS No 41(Part), Vill Rajpur, Ta&Dist-Patan-384265, 88, Nilakanth Estate, Sarkhej, Ahmedabad-382210, Gujurat",State Lab,"SDT&RL, Bhubaneswar",2425105,6/1/2024,5/1/2026,Jan-2026,https://cdsco.gov.in/opencms/opencms/en/Notifications/nsq-drugs/
"Levocetirizine DiHydrochloride, Montelukast",Description,"Sresan Pharmaceutical Manufacturer, No-787, Bangalore Highways, Sunguvarchatram (Mathura), Kanchepuram, Dist-602106",State Lab,"SDT&RL, Bhubaneswar",SRT-034,2/1/2024,1/1/2026,Jan-2026,https://cdsco.gov.in/opencms/opencms/en/Notifications/nsq-drugs/
Albendazole Tablets IP 400 mg,The sample does not conform to I.P. with respect to test for Dissolution.,"Hindustan Antibiotics Ltd,Pimpri, Pune-411 018, India",State Lab,"SDT&RL, Bhubaneswar",APR-00,1/1/2025,12/1/2026,Jan-2026,https://cdsco.gov.in/opencms/opencms/en/Notifications/nsq-drugs/
Calcium with Vitamin D3 Suspension,The sample does not conform to the claim with respect to Assay of Vitamin D3.,"JPEE Drugs, Plot No. 53, Sector-6A, SIDCUL, Haridwar (Uttarakhand)",State Lab,DTL Jaipur,JDL-3549,12/1/2024,11/1/2026,Jan-2026,https://cdsco.gov.in/opencms/opencms/en/Notifications/nsq-drugs/
Paracetamol Tablets IP,The sample does not conform to the IP with respect to Assay.,"Digital Vision, 176, Mauza Ogli, Nahan Road, Kala-Amb, Distt. Sirmour (H.P.)-173030",State Lab,DTL Jaipur,GTF0653,3/1/2025,2/1/2027,Jan-2026,https://cdsco.gov.in/opencms/opencms/en/Notifications/nsq-drugs/
"Ambroxol Hydrochloride, Terbutaline Sulphate, Guaiphenesin & Menthol Syrup",The sample does not conform to the claim with respect in Assay of Ambroxol Hydrochloride.,"Dhwanilife Care Pvt. Ltd., Plot No. C-20/2, (C-39) & C-20/3, (C-40) Arvind Mega Park, Village- Chachrawadi Vasna, Ahmedabad, Gujarat, 382213.",State Lab,DTL Jaipur,DLS3877,1/1/2025,12/1/2026,Jan-2026,https://cdsco.gov.in/opencms/opencms/en/Notifications/nsq-drugs/
"Aceclofenac, Paracetamol & Serratiopeptidase Tablets",The sample does not conform to the claim with respect to Assay of Aceclofenac.,"Mayasha Lifesciences, H.B.86, Village- Bhatian, Nalagarh, Distt.-Solan (H.P.) 174101.",State Lab,DTL Jaipur,MDT-4458,9/1/2025,8/1/2027,Jan-2026,https://cdsco.gov.in/opencms/opencms/en/Notifications/nsq-drugs/
"Calcium Levulinate, Cholecalciferol & Cyanocobalmin Injetion Vet",The sample does not conform to the IP with respect to Assay of Cholecalciferol.,"Janya Biocare Pvt. Ltd., Khasra No-169, Tanshipur, Roorkee (U.K.)",State Lab,DTL Jaipur,JIN25-028,5/1/2025,4/1/2027,Jan-2026,https://cdsco.gov.in/opencms/opencms/en/Notifications/nsq-drugs/
"Calcium Carbonate Vitamin D3, Magnesium & Zinc Sulphate Tablets",The sample does not conform to the claim with respect to Assay of Vitamin D3 and Elemental Zinc.,"Lifevision Healthcare, Plot No. 138-139-140-141-142, E.P.I.P., Phase-I, Jharmajri, Baddi, Distt. Solan (H.P.) 174103.",State Lab,DTL Jaipur,LTA-47700,4/1/2025,9/1/2026,Jan-2026,https://cdsco.gov.in/opencms/opencms/en/Notifications/nsq-drugs/
"Ambroxol Hydrochloride, Terbutaline Sulphate and Guaiphenesin Syrup & Menthol Syrup","The sample does not conform to the claim with respect to In Assay Terbutaline Sulphate, Ambroxol Hydrochloride and Guaiphenesin.","Marvellon Pharmaceuticals Pvt. Ltd., Kh. No. 114, Vill. Damowala, P.O. Barotiwala Baddi, Distt. Solan (H.P.)-174103.",State Lab,DTL Jaipur,MDL-B458,9/1/2024,8/1/2026,Jan-2026,https://cdsco.gov.in/opencms/opencms/en/Notifications/nsq-drugs/
"Ambroxol Hydrochloride, Terbutaline Sulphate and Guaiphenesin Syrup",The sample does not conform to the claim with respect to In Assay of Ambroxol Hydrochloride.,"CIPCO Limited, 35-36/1, A.B. Road, Pigdamber, Dist. Indore 453331 (MP) India",State Lab,DTL Jaipur,AT18S125,9/1/2025,8/1/2027,Jan-2026,https://cdsco.gov.in/opencms/opencms/en/Notifications/nsq-drugs/
Amlodipine & Atenolol Tablets IP,The sample does not conform to the I.P. with respect to Assay of Amlodipine.,"Centurion Remedies Pvt. Ltd., G/5, G/6, Industrial Estate, Gorwa, Vadodara-390016.",State Lab,DTL Jaipur,TH-130010,11/1/2024,10/1/2027,Jan-2026,https://cdsco.gov.in/opencms/opencms/en/Notifications/nsq-drugs/
"Ambroxol Hydrochloride, Terbutaline Sulphate and Guaiphenesin Syrup",The sample does not conform to the claim with respect to Assay of Ambroxol Hydrochloride.,"CIPCO Limited, 35-36/1, A.B. Road, Pigdamber, Dist. Indore 453331 (MP) India",State Lab,DTL Jaipur,AT22A225,8/1/2025,7/1/2027,Jan-2026,https://cdsco.gov.in/opencms/opencms/en/Notifications/nsq-drugs/
"Ambroxol Hydrochloride, Terbutaline Sulphate and Guaiphenesin Syrup",The sample does not conform to the claim with respect to Assay of Ambroxol Hydrochloride.,"CIPCO Limited, 35-36/1, A.B. Road, Pigdamber, Dist. Indore 453331 (MP) India",State Lab,DTL Jaipur,AT13A225,8/1/2025,7/1/2027,Jan-2026,https://cdsco.gov.in/opencms/opencms/en/Notifications/nsq-drugs/
"Ambroxol Hydrochloride, Terbutaline Sulphate and Guaiphenesin Syrup",The sample does not conform to the claim with respect to Assay of Ambroxol Hydrochloride.,"CIPCO Limited, 35-36/1, A.B. Road, Pigdamber, Dist. Indore 453331 (MP) India",State Lab,DTL Jaipur,AT48J325,7/1/2025,6/1/2027,Jan-2026,https://cdsco.gov.in/opencms/opencms/en/Notifications/nsq-drugs/
Calcium with Vitamin D3 Suspension,The sample does not conform to the claim with respect to Assay of Vitamin D3.,"JPEE Drugs, Plot No. 53, Sector-6A, SIDCUL, Haridwar (Uttarakhand)",State Lab,DTL Jaipur,JDL-3543,12/1/2024,11/1/2026,Jan-2026,https://cdsco.gov.in/opencms/opencms/en/Notifications/nsq-drugs/
"Ambroxol Hydrochloride, Terbutaline Sulphate and Guaiphenesin Syrup",The sample does not conform to the claim with respect to Assay of Ambroxol Hydrochloride.,"CIPCO Limited, 35-36/1, A.B. Road, Pigdamber, Dist. Indore 453331 (MP) India",State Lab,DTL Jaipur,AT11S125,9/1/2025,8/1/2027,Jan-2026,https://cdsco.gov.in/opencms/opencms/en/Notifications/nsq-drugs/
Cefixime & Ofloxacin Tablets,The sample does not conform to the claim with respect to Assay of Anhydrous Cefixime.,"Mayoford Pharma, Near Railway Crossing, Chambaghat, Solan, Distt. Solan (H.P.) 173213",State Lab,DTL Jaipur,MBT-24775,9/1/2025,8/1/2027,Jan-2026,https://cdsco.gov.in/opencms/opencms/en/Notifications/nsq-drugs/
Paracetamol Tablets IP 650mg,The sample has been declared as Not of Standard Quality as it does not conform to IP standards with respect to Test for Dissolution only.,"Vivek Pharmachem (India) Ltd., NH-8, Chimanpura, Amer, Jaipur-303102.",State Lab,Karnataka,PCT25094,5/1/2025,4/1/2027,Jan-2026,https://cdsco.gov.in/opencms/opencms/en/Notifications/nsq-drugs/
Rabeprazole Sodium Gastro-resistant and Domperidone Prolonged-release Capsules,The sample does not conform to the claim with respect to Assay of Rabeprazole Sodium.,"BON-HEUR Pharmaceuticals, Plot No. 130B-131, Sector-6A, IIE-Sidcul, Haridwar-249403 Uttarakhand.",State Lab,DTL Jaipur,BHC-25070175,7/1/2025,12/1/2026,Jan-2026,https://cdsco.gov.in/opencms/opencms/en/Notifications/nsq-drugs/
Doxycycline & Lactic Acid Bacillus Tablets,The sample does not conform to the claim with respect to Assay of Doxycycline & Description.,"Titanes Pharma, Vill. Bathu, Tehsil Haroli, Distt. Una (HP) 174507.",State Lab,DTL Jaipur,T4514,11/1/2024,10/1/2026,Jan-2026,https://cdsco.gov.in/opencms/opencms/en/Notifications/nsq-drugs/
Pregabalin & Nortriptyline Tablets,The sample does not conform to the claim with respect to Assay in Nortriptyline.,"Primus Pharmaceuticals, Sadhoura Road, Mouza Ogli Khari Vill Asgarpur Majra, Kala Amb, Distt. Sirmour-(H.P.) 173030.",State Lab,DTL Jaipur,PT-042515,4/1/2025,3/1/2027,Jan-2026,https://cdsco.gov.in/opencms/opencms/en/Notifications/nsq-drugs/
Povidone-Iodine Ointment USP,Content,"Navkar Lifesciences, Plot No.76, Lodhi Majra, Industrial Area, Baddi, Distt. Solan (H.P)",State Lab,"Drugs Testing Laboratory, Chennai-06",OG5019A,7/1/2025,6/1/2027,Jan-2026,https://cdsco.gov.in/opencms/opencms/en/Notifications/nsq-drugs/
"Dextromethorphan Hbr, Phenylephrine Hcl, Chlorpheniramine Maleate Syrup",Content,"Omish Laboratories Pvt. Ltd, Plot No.D-10, Grallops Industrial Part-1,Ahmedabad-Rajkot Highway, NH-8A, Rajoda, Bavla, Ahmedabad - 382220(Gujarat)",State Lab,"Drugs Testing Laboratory, Madurai-19",OML25074,7/1/2025,6/1/2027,Jan-2026,https://cdsco.gov.in/opencms/opencms/en/Notifications/nsq-drugs/
Iron and folic acid syrup IP,Description,"Hindustan Laboratories Limited, Plot No.5-9, 1, Survey No. 38/2, Aliyali, Palghar (W), Dist-Palghar - 401404 (M.S)",State Lab,"Drugs Testing Laboratory, Madurai-19",LAV25159AL,8/1/2025,10/1/2026,Jan-2026,https://cdsco.gov.in/opencms/opencms/en/Notifications/nsq-drugs/
"Phenylephrine Hcl & Chlorpheniramine Maleate, Paracetamol Oral Suspension",Content,"Baseman Healthcare Inc, Plot No.10 & 11, GST Road, Balaram Avenue, Thanakkankulam Village, Madurai, Tamilnadu-625006",State Lab,"Drugs Testing Laboratory, Madurai-19",BHCI273,3/1/2025,2/1/2028,Jan-2026,https://cdsco.gov.in/opencms/opencms/en/Notifications/nsq-drugs/
"Terbutaline Sulphate, Guaiphenesin, Ambroxol Hydrochloride and Menthol Syrup",Content,"Cachet Pharmaceuticals Pvt. Ltd, Village - Thana, Baddi, Dist. Solan, Himachal Pradesh-173 205",State Lab,"Drugs Testing Laboratory, Madurai-19",BKS24014C,11/1/2024,10/1/2026,Jan-2026,https://cdsco.gov.in/opencms/opencms/en/Notifications/nsq-drugs/
"Terbutaline Sulphate, Bromhexine Hcl, Guaiphenesin Syrup",Content,"Dr.Reddy's Laboratories Limited, Plot No.57, Village Kunjhal, P.O, Barotiwala, Tehsil Baddi, Dist. Solan (HP)-174103",State Lab,"Drugs Testing Laboratory, Madurai-19",D240694,9/1/2024,8/1/2026,Jan-2026,https://cdsco.gov.in/opencms/opencms/en/Notifications/nsq-drugs/
"Ambroxol Hydrochloride, Terbutaline Sulphate, Guaiphenesin And Menthol Syrup",Content,"Zeta Formulation Pvt. Ltd., No.157, GST Road (Ground & First Floor), Pukkathurai, Madhuranthagam Taluk, Kancheepuram District, 603116",State Lab,"Drugs Testing Laboratory, Chennai-06",MZYA02,1/1/2025,12/1/2026,Jan-2026,https://cdsco.gov.in/opencms/opencms/en/Notifications/nsq-drugs/
"Dextromethorphan Hydrobromide, Phenylephrine Hydrochloride and Chlorpheniramine Maleate Syrup",Content,"Systole Remedies Pvt Ltd, Vill.Ogli, Kala Amb, Teh.Nahan, Distt.Sirmour (HP)-173030",State Lab,"Drugs Testing Laboratory, Madurai-19",SRLF250099,6/1/2025,5/1/2027,Jan-2026,https://cdsco.gov.in/opencms/opencms/en/Notifications/nsq-drugs/
"Ambroxol Hydrochloride, Guaiphenesin & Levosalbutamol Sulphate Syrup",Content,"Sarthak Biotech Pvt. Ltd, 198-A, Sector-3, HSIIDC, Kamal-132001 (HR)",State Lab,"Drugs Testing Laboratory, Chennai-06",SBL-8,4/1/2025,3/1/2027,Jan-2026,https://cdsco.gov.in/opencms/opencms/en/Notifications/nsq-drugs/
"Levosalbutamol Sulphate, Ambroxol Hydrochloride And Guaiphenesin Syrup",Content,"AASSK Pharmaceuticals Pvt. Ltd, S.No.243/2, Plot No.9, Dr.Ambedkar Street, Kozhumanivakkam Village, Mangadu, Chennai-600122",State Lab,"Drugs Testing Laboratory, Chennai-06",ASL24318,12/1/2024,11/1/2026,Jan-2026,https://cdsco.gov.in/opencms/opencms/en/Notifications/nsq-drugs/
"Ambroxol Hydrochloride, Guaiphenesin, Levosalbutamol Sulphate Syrup",Content,"Onex Pharmaceuticals, G1-234, RIICO, Hirawala, Industrial Area, Kanota,JP (RAJ.),303012",State Lab,"Drugs Testing Laboratory, Chennai-06",A-250613,6/1/2025,5/1/2027,Jan-2026,https://cdsco.gov.in/opencms/opencms/en/Notifications/nsq-drugs/
"Terbutaline Sulphate, Guaiphenesin & Ambroxol Hcl Syrup",Content,"American Pharma and Sciences, 40, Bharathi Street, Ayyappa Nagar, K.K. Nagar, Tamilnadu, 620021",State Lab,"Drugs Testing Laboratory, Chennai-06",HTD-24103,4/1/2024,3/1/2026,Jan-2026,https://cdsco.gov.in/opencms/opencms/en/Notifications/nsq-drugs/
Telmisartan Tablets IP 40mg,Dissolution,"Marc Lifesciences Sikkim, Khasara No.35, 36, 409, 410, Vill. Julanglay, Block L, Maneydara Namthang, Distt. Namchi, South Sikkim",State Lab,"Drugs Testing Laboratory, Chennai-06",STS-126,6/1/2025,5/1/2027,Jan-2026,https://cdsco.gov.in/opencms/opencms/en/Notifications/nsq-drugs/
Telmisartan Tablets IP 40 mg,Dissolution,"Marc Lifesciences Sikkim, Khasara No.35, 36, 409, 410, Vill. Julanglay, Block L, Maneydara Namthang, Distt. Namchi, South Sikkim",State Lab,"Drugs Testing Laboratory, Chennai-06",STS-117,5/1/2025,4/1/2027,Jan-2026,https://cdsco.gov.in/opencms/opencms/en/Notifications/nsq-drugs/
Atorvastatin Calcium Tablets IP 10mg,Dissolution,"Himalaya Meditek Pvt. Ltd, Plot No.35 & 36, Pharmacity, selaqui, Industrail Area, Dehradun, 248197",State Lab,"Drugs Testing Laboratory, Chennai-06",HTN792G,7/1/2024,6/1/2026,Jan-2026,https://cdsco.gov.in/opencms/opencms/en/Notifications/nsq-drugs/
"Clobetasol Propionate, Neomycin, Miconazole Nitrate & Chlorhexidine Cream",Content,"Leeford Healthcare Ltd., At:Plot No.77, 78, 79-A, 79-B & 116, EPIP, Phase-II, village-Thana, Tehsil-Baddi, Distt. Solan, (HP), 173205",State Lab,"Drugs Testing Laboratory, Chennai-06",DLPS5019,7/1/2025,6/1/2027,Jan-2026,https://cdsco.gov.in/opencms/opencms/en/Notifications/nsq-drugs/
"Paracetamol, Chlorpheniramine Maleate, Phenylephrine Hydrochloride, Sodium Citrate & Menthol Suspension",Content,"Acumen Pharmaceuticals Pvt. Ltd. -Unit-II, RS No.2, Plot No.67-69 & 109-111, Kurumbapet, Puducherry-605009",State Lab,"Drugs Testing Laboratory, Madurai-19",24L041,5/1/2024,4/1/2026,Jan-2026,https://cdsco.gov.in/opencms/opencms/en/Notifications/nsq-drugs/
"Dextromethorphan HBR, Phenylephrine Hcl & Chlorpheniramine Maleate Syrup",Content,"Alzey Pharmaceuticals Pvt. Ltd., Plot No.202, HSIIDC, Industrial Estate, Phase-I, Barwala, Distt.-Panchkula (HR)-134118",State Lab,"Drugs Testing Laboratory, Madurai-19",ALD1185,5/1/2025,4/1/2027,Jan-2026,https://cdsco.gov.in/opencms/opencms/en/Notifications/nsq-drugs/
Dexamethasone Tablets IP 0.5mg,Dissolution & Content,"Saintlife Pharmaceuticals Ltd, 323, Central Hope Town, Industrial Area, Selaqui, Dehradun-248011, Uttarakhand, India",State Lab,"Drugs Testing Laboratory, Chennai-06",TA24659,8/1/2024,7/1/2026,Jan-2026,https://cdsco.gov.in/opencms/opencms/en/Notifications/nsq-drugs/
Lornoxicam & Paracetamol Tablets,Uniformity of Weight,"Cosmas Pharmacls Ltd., Buranwala Road, Village: Kotla, P.O.: Barotiwala, Solan (HP)-174103",State Lab,"Drugs Testing Laboratory, Madurai-19",CT60058,4/1/2025,3/1/2027,Jan-2026,https://cdsco.gov.in/opencms/opencms/en/Notifications/nsq-drugs/
"Dextromethorphan Hydrobromide, Phenylephrine Hydrochloride and Chlorpheniramine Maleate Syrup",Content,"Medimark Drugs & Pharmaceuticals, Plot No.39, Sector-6A, IIE, SIDCUL, Haridwar-249403 (U.K)",State Lab,"Drugs Testing Laboratory, Madurai-19",ML25245,8/1/2025,7/1/2027,Jan-2026,https://cdsco.gov.in/opencms/opencms/en/Notifications/nsq-drugs/
Benzalkonium Chloride Disinfectant Fluid,Content,"Surfactants and Allied Chemicals (P) Ltd, Plot No.4, Gowri nagar, Mugalivakkam, Chennai, TN, India, 600116",State Lab,"Drugs Testing Laboratory, Chennai-06",MSSK01,11/1/2025,10/1/2027,Jan-2026,https://cdsco.gov.in/opencms/opencms/en/Notifications/nsq-drugs/
"Terbutaline Sulphate, Ambroxol, Hydrochloriode. Guaiphenesin & Menthol Syrup",Content,"Renowed Life Sciences, Plot No. 10,11, Sector-6B, SIDCUL, Haridwar-249403, Uttarakhand (India)",State Lab,"Drugs Testing Laboratory, Chennai-06",DL505018,5/1/2025,4/1/2027,Jan-2026,https://cdsco.gov.in/opencms/opencms/en/Notifications/nsq-drugs/
"Levosalbutamol, Ambroxol Hydrochloride & guaiphenesin Oral Drops",Content,"Biocore Pharmaceuticals, Plot No.8-C, D.I.C, Indl. Area, Lodhimajra, Baddi, distt. Solan (HP),173205",State Lab,"Drugs Testing Laboratory, Chennai-06",BL24-249,11/1/2024,10/1/2026,Jan-2026,https://cdsco.gov.in/opencms/opencms/en/Notifications/nsq-drugs/
Clopidogrel Tablets IP,Description,"Bactolac Formulations Pvt. Ltd, Plot No.70 (Part), TSIIC-IALA, Phase-I, Cherlapally Village, Kapra Mandal, Medchal-malkajgiri District, Telangana-500051, India",State Lab,"Drugs Testing Laboratory, Chennai-06",BCGT25042,7/1/2025,6/1/2027,Jan-2026,https://cdsco.gov.in/opencms/opencms/en/Notifications/nsq-drugs/
Clopidogrel Tablets IP,Description,"Bactolac Formulations Pvt. Ltd, Plot No.70 (Part), TSIIC-IALA, Phase-I, Cherlapally Village, Kapra Mandal, Medchal-malkajgiri District, Telangana-500051, India",State Lab,"Drugs Testing Laboratory, Chennai-06",BCGT25048,7/1/2025,6/1/2027,Jan-2026,https://cdsco.gov.in/opencms/opencms/en/Notifications/nsq-drugs/
Clopidogrel Tablets IP,Description,"Bactolac Formulations Pvt. Ltd, Plot No.70 (Part), TSIIC-IALA, Phase-I, Cherlapally Village, Kapra Mandal, Medchal-malkajgiri District, Telangana-500051, India",State Lab,"Drugs Testing Laboratory, Chennai-06",BCGT25049,7/1/2025,6/1/2027,Jan-2026,https://cdsco.gov.in/opencms/opencms/en/Notifications/nsq-drugs/
"Terbutaline Sulphate, Bromhexine Hydrochloride, Guiaphenesin & Menthol Syrup",Content,"Unicure India Ltd, Plot No.46(B), 49B, Vill. Raipur, Bhawanpur, Roorkee, Distt. Haridwar, Uttarakhand (India)",State Lab,"Drugs Testing Laboratory, Madurai-19",EM1LF002,4/1/2025,3/1/2027,Jan-2026,https://cdsco.gov.in/opencms/opencms/en/Notifications/nsq-drugs/
ROSE-4 DSR,content of Rabeprazole,"Supercure Biotech Pvt. Ltd. Plot No. 99/4/1, Friends Colony, G.T. Road, Kundli, District-Sonepat (Haryana)",State Lab,Uttar Pradesh,C2269,1/1/2025,12/1/2026,Jan-2026,https://cdsco.gov.in/opencms/opencms/en/Notifications/nsq-drugs/
Pantoprazole Sodium Gastro-resistant & Domperidone Prolonged Release Capsule IP,Assay of Domperidone,"Supercure Biotech Pvt. Ltd. Plot No. 99/4/1, Friends Colony, G.T. Road, Kundli, District-Sonepat (Haryana)",State Lab,Uttar Pradesh,C-1594,2/1/2024,1/1/2026,Jan-2026,https://cdsco.gov.in/opencms/opencms/en/Notifications/nsq-drugs/
Enteric Coated Rabeprazole Sodium & Domperidone Sustained Release Capsule,content of Rabeprazole Sodium,"SMBJ Pharmaceuticals Pvt. Ltd., Plot No. 330, Phase-I, HSIIDC, Industrial Estate, Barhi, District - Sonepat-131101 (Haryana)",State Lab,Uttar Pradesh,SMC-1073,7/1/2024,6/1/2026,Jan-2026,https://cdsco.gov.in/opencms/opencms/en/Notifications/nsq-drugs/
Prednisolone Tablets IP 5mg,Assay,"Okvik Pharma Pvt. Ltd. 1913-K, HSIIDC, Phase-I, Rai, Industrial Area, Sonepat ? 131029 (Haryana)",State Lab,Uttar Pradesh,ATS-25001,5/1/2025,4/1/2028,Jan-2026,https://cdsco.gov.in/opencms/opencms/en/Notifications/nsq-drugs/
Montelukast & Levocetirizine Dihydrochloride,Assay of Montelukast Sodium IP & Levocetirizine Dihydrochloride IP,"Pharma Force Lab (Unit II) Plot No. 83-86, Industrial Area Gondpur, Tehsil Paonta Sahib, Distt. Sirnour (HP)",State Lab,"FDTL,Uttarakhand",E9AIY029,8/1/2025,7/1/2027,Feb-2026,https://cdsco.gov.in/opencms/opencms/en/Notifications/nsq-drugs/
"Amobroxol Hydrochloride, Guaiphenesin and Levosalbutamol Sulphate Syrup",Assay of Levosalbutamol Sulphate IP,"Rumy Pharmaceuticals Plot No. 40, DIC Indl. Area Baddi, Distt. Solan (HP) 173205",State Lab,"FDTL,Uttarakhand",RPL-1013,10/1/2025,9/1/2027,Feb-2026,https://cdsco.gov.in/opencms/opencms/en/Notifications/nsq-drugs/
"Levosalbutamol Sulphate, Ambroxol HCl & Guaiphenesin Syrup",Assay of Levosalbutamol Sulphate IP : Less than prescribed limit.,"Trio Lifescience Pvt. Ltd. 3008, GIDC Phase-IV Vatva, Ahmedabad 382445",State Lab,"FDTL,Uttarakhand",DR010,11/1/2024,10/1/2026,Feb-2026,https://cdsco.gov.in/opencms/opencms/en/Notifications/nsq-drugs/
Mefenamic Acid IP 250 mg & Dicyclomine Hydrochloride IP 20 mg Tablets,Description,"Star Filteration System, Rampur Jattan, Trilokpur road, Kala-Amb, Tehsil Nahan, Distt. Sirmour-173030 (HP)",State Lab,"FDTL,Uttarakhand",ST251442,7/1/2025,6/1/2027,Feb-2026,https://cdsco.gov.in/opencms/opencms/en/Notifications/nsq-drugs/
Sorbitol Solution 70% IP,Water : 25.9994% (Limit 28.0%-32.0%) ? Less than prescribed limit.,Gujarat Ambuja Exports Ltd.,State Lab,"FDTL,Uttarakhand",2526016,6/1/2025,5/1/2030,Feb-2026,https://cdsco.gov.in/opencms/opencms/en/Notifications/nsq-drugs/
Calveo Moisturizing Hair Masque (Keratin & Botox),Test For pH,"Resa Life Science , P-51, Sector-3, Bawana Indl. Area, Delhi-110039",State Lab,Government of NCT of Delhi,10,9/1/2024,8/1/2027,Feb-2026,https://cdsco.gov.in/opencms/opencms/en/Notifications/nsq-drugs/
Golecha Mirchi Mehandi Cone,Test Loss On Drying,"Golecha Herbal Unlimited (Unit 2), D-116, Sector 4, DSIIDC, Bawana Industrial Area, Delhi-110039",State Lab,Government of NCT of Delhi,A-1978,5/1/2025,4/1/2027,Feb-2026,https://cdsco.gov.in/opencms/opencms/en/Notifications/nsq-drugs/
Golecha Heena Paste Maroon,Test Loss On Drying,"Golecha Herbal Unlimited (Unit 2), D-116, Sector 4, DSIIDC, Bawana Industrial Area, Delhi-110039",State Lab,Government of NCT of Delhi,A-1980,5/1/2025,4/1/2028,Feb-2026,https://cdsco.gov.in/opencms/opencms/en/Notifications/nsq-drugs/
"Ambroxol Hydrochloride, Levosalbutamol & Guaiphenesin Syrup",The sample does not conform to Manufacturer's specification with respect to tests of Assay of Levosalbutamol and Ambroxol Hydrochloride.,"Athens Life Sciences,Mauza Rampur, Jattan, Nahan Road, Kala Amb, Distt. Sirmour, H.P.-173030",CDSCO Labs,"CDL, Kolkata",LG24-0413,3/1/2024,2/1/2026,Feb-2026,https://cdsco.gov.in/opencms/opencms/en/Notifications/nsq-drugs/
"Pheniramine Maleate Injection IP 2 ml.,","The sample does not conform to I.P with respect to test for 'pH', 'Particulate matter', 'Assay of Pheniramine Maleate' and 'Description'.","Sanofi India Ltd. Plot No. J-174, J-168, J-168/1, M.I.D.C., Tarapur- 401506, Baisar, Dist- Thane",CDSCO Labs,"CDL, Kolkata",2123096,10/1/2023,9/1/2026,Feb-2026,https://cdsco.gov.in/opencms/opencms/en/Notifications/nsq-drugs/
Absorbent Cotton Wool IP,"The sample does not conform to I.P. 2022 with respect to Sinking time, Fluorescence, Water soluble substances and Sulphated ash.","Jindal Medicot Ltd.Village Thathal, Tehsil Amb, Distt. Una (H.P.)",CDSCO Labs,"CDL, Kolkata",10,7/1/2025,6/1/2028,Feb-2026,https://cdsco.gov.in/opencms/opencms/en/Notifications/nsq-drugs/
Dispersible Aspirin Tablets,The sample is not of standard quality for the reason stated under Description of the tablets.,"Jackson Laboratories Pvt.Ltd. 22-24, Majitha Road, Bye Pass, Amritsar-143 001(India)",CDSCO Labs,"RDTL, Guwahati",T-6705,7/1/2025,6/1/2027,Feb-2026,https://cdsco.gov.in/opencms/opencms/en/Notifications/nsq-drugs/
"Dextromethorphan HBr, Phenylephrine HCl & Chlorpheniramine Maleate Syrup","The sample does not conform to claim as per Patent and Proprietary in respect to the Assay of Phenylephrine Hydrochloride, Chlorpheniramine Maleate","CIEL Pharma Pvt. Ltd.Plot No. 1 & 2, Industrial Estate Davni, HPSDIC, Baddi, District Solan - 173205, Himachal Pradesh",CDSCO Labs,"RDTL, Chandigarh",CPL250106,10/1/2025,9/1/2027,Feb-2026,https://cdsco.gov.in/opencms/opencms/en/Notifications/nsq-drugs/
"Phenylephrine Hydrochloride & Chlorpheniramine Maleate Syrup IP,",The sample does not conform to claim as per IP 2022 in respect to the Test of Total fungal count.,"Saar Biotech Pvt. Ltd.VPO - Bhud, Tehsil - Baddi Distt. Solan (H.P.) 173 205",CDSCO Labs,"RDTL, Chandigarh",2512231,12/1/2025,11/1/2027,Feb-2026,https://cdsco.gov.in/opencms/opencms/en/Notifications/nsq-drugs/
"Tranexamic Acid Injection I.P,",The sample received does not conform to I.P. 2022 specification with respect to the test for bacterial endotoxins only.,"Marc Laboratories Ltd. (Unit III),Plot No.107 & 112, H.P.S.I.D.C, Baddi, Distt. Solan (HP)",CDSCO Labs,"CDTL, Hyderabad",TG-156,8/1/2025,7/1/2027,Feb-2026,https://cdsco.gov.in/opencms/opencms/en/Notifications/nsq-drugs/
Iron with Folic Acid Syrup IP,The sample does not conform to I.P with respect to the tests for Assay of Ferrous Sulphate equivalent to Elemental Iron and Free ferric compounds.,"Galpha Laboratories Ltd.,Village- Thana, Baddi, Himachal Pradesh- 173205, H.O. E-221, Kanakia Zillon, Junction Of LBS & CST Road, BKC Annex, Kurla West, Mumbai- 400070",CDSCO Labs,"CDTL, Indore",IFIS25026,11/1/2025,4/1/2027,Feb-2026,https://cdsco.gov.in/opencms/opencms/en/Notifications/nsq-drugs/
Pantoprazole Sodium GR Tablets IP 40 MG,The sample does not conform to I.P.w.r.t. the test for Dissolution.,"Biocenna Healthcare Pvt Ltd., Kh No. 218, Vill. Khatakheri, Near Dev Bhoomi, IND. Area, Puhana, Roorkee-247661, UK",State Lab,"SDTL, Assam",BCT24-1912,3/1/2025,2/1/2027,Feb-2026,https://cdsco.gov.in/opencms/opencms/en/Notifications/nsq-drugs/
Riboflavin Tablets IP 5 MG,The sample does not conform to I.P. w.r.t. the tests for Dissolution.,"Askon Healthcare, 11-B, Industrial Area, Maxi Road, Ujjain - 456010",State Lab,"SDTL, Assam",RB-2433,11/1/2024,10/1/2027,Feb-2026,https://cdsco.gov.in/opencms/opencms/en/Notifications/nsq-drugs/
Telmisartan Tablets IP 40MG,"Sample fails the test Dissolution as per IP, as specified in the Laboratory Protocol","Swiss Garnier Life Sciences, 21-23, Industrial Area, Mehalpur, Dist.UNA, Himachal Pradesh - 174 315",State Lab,DTL Thiruvananthapuram,493TTF008,7/1/2025,6/1/2027,Feb-2026,https://cdsco.gov.in/opencms/opencms/en/Notifications/nsq-drugs/
Sodium Bicarbonate Tablets USP 1000mg,Sample Shows Category of Tablets (Capping and Brittleness) as described under DCC Guidelines on NSQ Drugs approved in 1993.,"Rivpra Formulations Pvt. Ltd, Plot No.8, Sector-6A, IIE, SIDCUL, Haridwar- 249403(U.K)",State Lab,DTL Thrissur,T-2406004,6/1/2024,5/1/2026,Feb-2026,https://cdsco.gov.in/opencms/opencms/en/Notifications/nsq-drugs/
Paracetamol and Tramadol Hydrochloride Tablets IP,The Sample does not conform to IP Standards with respect to Dissolution.,"Chimak Health Care, Below D.F.O Office, P.O, Galanag, Solan-173212 (H.P)",State Lab,DTL Thrissur,LBHK25001,2/1/2025,1/1/2028,Feb-2026,https://cdsco.gov.in/opencms/opencms/en/Notifications/nsq-drugs/
Sodium Chloride Injection IP 0.9%w/v,Sample fails the tests ' Sterility and Bacterial Endotoxins'.,"Aculife Healthcare Pvt. Ltd, Sachana, Gujarat- 382150, India",State Lab,DTL Thiruvananthapuram,1F243223,6/1/2024,5/1/2027,Feb-2026,https://cdsco.gov.in/opencms/opencms/en/Notifications/nsq-drugs/
Gabapentin capsules IP 400mg,Description and Uniformity of Weight,"Levotic Pharma Plot No-6, Phase-II, Industrial Area, Sansarpur Terrace, Distt-Kangra, HP-176501",State Lab,"SDTL, Punjab",LPC25029,2/1/2025,1/1/2027,Feb-2026,https://cdsco.gov.in/opencms/opencms/en/Notifications/nsq-drugs/
Calcium with Vitamin D3 Suspension,The sample does not conform to the claim with respect to Assay of Vitamin D3 (Nil).,"JPEE Drugs, Plot No. 53, Sector-6A, SIDCUL, Haridwar (Uttarakhand)",State Lab,DTL Jaipur,JDL-3539,12/1/2024,11/1/2026,Feb-2026,https://cdsco.gov.in/opencms/opencms/en/Notifications/nsq-drugs/
Glipizide Tablets IP 5 mg,Description,"Hindustan Laboratories Limited, Plot No.5-9, Survey No.38/2, Aliyali, Palghar (W), Dist-Palghar-401404(MS) Maharashtra",State Lab,"DTL, Madurai-19",TCY24030AL,12/1/2024,11/1/2026,Feb-2026,https://cdsco.gov.in/opencms/opencms/en/Notifications/nsq-drugs/
Betamethasone Valerate Ointment IP,Content,"Curetech Skincare, Plot No.32, 33 & 34, Phase-IV, Bhatoli Kalan, Baddi, Distt. Solan (HP)-173205",State Lab,"DTL, Madurai-19",RH896,8/1/2025,7/1/2027,Feb-2026,https://cdsco.gov.in/opencms/opencms/en/Notifications/nsq-drugs/
Levocetirizine Tablets IP 5 mg,Failed Description,"Ripcord Pharmaceuticals Pvt. Ltd., T-4/23A, Five star MIDC, Kagal, Kolhapur, Maharashtra-416236",State Lab,"DTL, Puducherry",R25021,1/1/2025,12/1/2026,Feb-2026,https://cdsco.gov.in/opencms/opencms/en/Notifications/nsq-drugs/
Rabeprazole & Domperidone Capsules,The sample does not conform to Manufacturer's Specification with respect to the Test of Dissolution of Rabeprazole Sodium in acid and buffer stage.,"Laborate Pharmaceuticals India Ltd. (Unit-II),# 31, Rajban Road, Nariwala, Paonta Sahib (H.P.)",CDSCO Labs,"CDL, Kolkata",ORECA-007,10/1/2024,9/1/2026,Feb-2026,https://cdsco.gov.in/opencms/opencms/en/Notifications/nsq-drugs/
Paracetamol DispersibleTablets BP 500mg,The sample does not conform to I.P w.r.t the Disintegration test and finess of Dispersion.,"Med Manor Organics Pvt.Ltd Uint II,Kh no.143 M/7,Village Raipur,Pargana Bhagwanpur ,Tehsil Roorkee,Dist Haridwar Uttrakhand-247661.",State Lab,"DTL, Dalgate Srinagar Kashmir (J & K)",HPJ405,9/1/2024,8/1/2027,Feb-2026,https://cdsco.gov.in/opencms/opencms/en/Notifications/nsq-drugs/
Sodium Chloride and Dextrose Injection IP(0.9% W/V and 5% W/v),The sample does not conform to I.P w.r.t Sterility Test,"Klokter Lifesciences Pvt.Ltd Samora,Indri Road,Karnal-132041.",State Lab,"DTL, Dalgate Srinagar Kashmir (J & K)",(N)251074,4/1/2025,3/1/2027,Feb-2026,https://cdsco.gov.in/opencms/opencms/en/Notifications/nsq-drugs/
Promethazine Injection IP,"The sample does not conform to I.P. with respect to test for pH, Particulate matter, Extractable volume, Assay of Promethazine Hydrochloride and Description.","Himalaya Meditek Pvt. Ltd.Plot No. 35&36, Pharmacity, Selaqui Induatrial Area, Dehradun-248197",CDSCO Labs,"CDL, Kolkata",HLI511G,7/1/2025,6/1/2027,Feb-2026,https://cdsco.gov.in/opencms/opencms/en/Notifications/nsq-drugs/
Telmisartan & Hydrochlorothiazide Tablets IP,The sample does not conform to IP with respect to the Test of Dissolution of Hydrochlorothiazide.,"Rachil Pharma,At M/s. Qurx Pharmaceuticals, 191-191A, Industrial Area, Phase III, Sansarpur Terrace, Distt. Kangra (H.P.)-176501",CDSCO Labs,"CDL, Kolkata",L-RT25187,5/1/2025,4/1/2027,Feb-2026,https://cdsco.gov.in/opencms/opencms/en/Notifications/nsq-drugs/
Rabeprazole Sodium Injection IP,"The sample does not conform to I.P. with respect to the tests of Clarity of solution, Particulate matter, pH, Related substances, Assay of Rabeprazole Sodium and Description.","Martin & Brown Bio-Sciences Pvt. Ltd. K.No. 918/419, Malkumajra, Nalagarh Road, Baddi, Dist.Solan (H.P.)-173205",CDSCO Labs,"CDL, Kolkata",MD24120,9/1/2024,8/1/2026,Feb-2026,https://cdsco.gov.in/opencms/opencms/en/Notifications/nsq-drugs/
Gentamycin Injection I.P. 30ml,The sample does not conform to I.P. with respect to test for 'Particulate matter' and 'Description'.,"Aster Medicines Pvt. Ltd. Phase II, Plot No. E4 (Part) Industrial area. Hazipur-844101 (Vaishali)",CDSCO Labs,"CDL, Kolkata",GM-30,11/1/2025,10/1/2027,Feb-2026,https://cdsco.gov.in/opencms/opencms/en/Notifications/nsq-drugs/
Promethazine Hydrochloride Injection IP 25mg/ml,The sample does not conform to IP with respect to the Test of Particulate matter and Description.,"Abaris Healthcare Pvt.Ltd. Survey No. 2458/001, 2458/002, 2458/003, Untav Rajpur Dharpura Road, Rajpur, Tal: Kadi, Dist.Mehsana 384440, Gujarat",CDSCO Labs,"CDL, Kolkata",AHL0107,8/1/2025,7/1/2027,Feb-2026,https://cdsco.gov.in/opencms/opencms/en/Notifications/nsq-drugs/
Compound Sodium Lactate Injection IP 500 ml (Ringer Lactate Solution for Injection ),The sample does not conform to I.P. with respect to test for Bacterial endotoxins.,"Haseeb Pharmaceuticals Pvt. Ltd. Plot No.F9/14, 15, 16, MIDC, Nagpur- 440016.",CDSCO Labs,"CDL, Kolkata",CGF250512,5/1/2025,4/1/2027,Feb-2026,https://cdsco.gov.in/opencms/opencms/en/Notifications/nsq-drugs/
"Chlorpheniramine Maleate, Dextromethorphan Hydrobromide & Phenylephrine Hydrochloride Syrup","The sample does not conform to claim as per Schedule V, Drugs & Cosmetics Act in respect to the Assay of Dextromethorphan Hydrobromide","Rednex Pharmaceuticals Pvt. Ltd. Survey No.586 & 231 NR, SKF Bearing, Bavla Bagdogra, NH-8A, Kerala, Tal. - Bavla, Ahmedabad-382220.",CDSCO Labs,"CDL, Kolkata",R02GL2520,2/1/2025,1/1/2027,Feb-2026,https://cdsco.gov.in/opencms/opencms/en/Notifications/nsq-drugs/
"Calcitriol, Calcium Citrate Malate, Vitamin K2-7, Methylcobalamin, Zinc, Magnesium & L-Methyl Folate Soft Gelatin Capsules",The sample does not conform to claim as per Schedule V Drugs.and Cosmetics Act !940 with respect to Assay of Zinc Oxide and L-Methylfolate Calcium.,"Lifevision Healthcare,Plot No. 140-141, E.P.I.P., Phase-1, Jharmajri, Baddi, Distt. Solan (H.P.) 174 103",CDSCO Labs,"CDL, Kolkata",LSG-3892,1/1/2025,6/1/2026,Feb-2026,https://cdsco.gov.in/opencms/opencms/en/Notifications/nsq-drugs/
"Aceclofenac, Paracetamol & Serratiopeptidase Tablets (100mg/325mg/15mg)",The sample does not conform to Manufacturer Method with respect to Assay of Serratiopeptidase.,"Omega Pharma,Khasra No.482, Village-Saliyar, Roorkee-247667, Distt-Haridwar, Uttarakhand",CDSCO Labs,"CDL, Kolkata",GT50230,7/1/2025,6/1/2027,Feb-2026,https://cdsco.gov.in/opencms/opencms/en/Notifications/nsq-drugs/
Zinc Acetate Dispersible Tablets 20 mg,The sample is not of standard quality for the reason stated under Description of the tablets.,"Orchid Medilife Pvt. Ltd. Khasra No. 646/513, Vill. Kaundi, P.O. Thana, Tehsil Baddi, Distt. Solan (H.P.) 173205",CDSCO Labs,"RDTL, Guwahati",TD250606,4/1/2025,3/1/2027,Feb-2026,https://cdsco.gov.in/opencms/opencms/en/Notifications/nsq-drugs/
Thiamine Tablets BP 100mg (Vitamin B1),The sample does not conform to claim as per B.P. 2025 in respect to the Test of Description,"Jackson Laboratories Pvt.Ltd. 22-24, Majitha Road, Bye Pass, Amritsar-143 001(India)",CDSCO Labs,"RDTL, Guwahati",T-4446,2/1/2025,1/1/2027,Feb-2026,https://cdsco.gov.in/opencms/opencms/en/Notifications/nsq-drugs/
Paracetamol Tablets IP 500 mg,The sample does not comply as per I.P. 2022 with respect to the test for Dissolution of paracetamol.,"Zenith Drugs Ltd. 72/5 and 72/3, 72/4, 74/1/1, 75/1/1, Muradpura (Orangpura), Dhar Road, Near Kalaria, INDORE 453001 (MP) INDIA",CDSCO Labs,"RDTL, Guwahati",T50182,5/1/2025,4/1/2027,Feb-2026,https://cdsco.gov.in/opencms/opencms/en/Notifications/nsq-drugs/
Aspirin Gastro-resistant Tablets IP 75 mg.,The sample does not comply as per I.P. 2022 with respect to the test for Dissolution in Acid stage for Aspirin.,"Unicure India Ltd. C-21, 22 & 23, Sector-3, Noida-201301, Distt. Gautam Budh Nagar (U.P)",CDSCO Labs,"RDTL, Guwahati",ANET1295,12/1/2024,11/1/2026,Feb-2026,https://cdsco.gov.in/opencms/opencms/en/Notifications/nsq-drugs/
Cefixime Oral Suspension IP,The sample does not conform to claim as per I.P. 2022 with respect to the test for Assay of Cefixime (asTrihydrate) equivalent to Cefixime.,"Lark Laboratories (India) Ltd. Post Bag No.23 New Delhi- 110020, Works At: SP-1192E, Pase-IV, RIICO Industrial Area, Bhiwadi Area, Bhiwadi- 301019, Distt. Alwar, Rajasthan",CDSCO Labs,"RDTL, Guwahati",LXS3-49,11/1/2024,10/1/2026,Feb-2026,https://cdsco.gov.in/opencms/opencms/en/Notifications/nsq-drugs/
"Lycopene, Vitamin A, Vitamin E, Vitamin C, Zinc & Selenium Soft Gelatin Capsules","The sample does not conform to claim as per Manufacturer Specification with respect to the test for Assay of Vitamin E Acetate and Vitamin A (as Palmitate), uniformity of weight,net fill weight and Description.","Bionexy Pharma,Plot No. 31-B, Industrial Area, Lodhamajra, Tehsil, Baddi, Distt. Solan- 173205 (H.P.)",CDSCO Labs,"RDTL, Guwahati",BSG250404A,3/1/2025,2/1/2027,Feb-2026,https://cdsco.gov.in/opencms/opencms/en/Notifications/nsq-drugs/
Telmisartan Tablets IP 40 mg.,The sample does not comply as per I.P. 2022 with respect to the test for Dissolution of Telmisartan.,"Signature Phytochemical Industries,122, MI, Selaqui Industrial Area, Dehradun - 248 011",CDSCO Labs,"RDTL, Guwahati",1116-002,8/1/2025,7/1/2027,Feb-2026,https://cdsco.gov.in/opencms/opencms/en/Notifications/nsq-drugs/
Loperamide Hydrochloride Tablets IP 2 mg,The sample does not comply as per I.P. 2022 with respect to the test for Dissolution of Loperamide Hydrochloride.,"Zenith Drugs Ltd.72/5 and 72/3, 72/4, 74/1/1, 75/1/1, Muradpura (Orangpura), Dhar Road, Near Kalaria, INDORE 453001 (MP) INDIA",CDSCO Labs,"RDTL, Guwahati",T50022,1/1/2025,12/1/2026,Feb-2026,https://cdsco.gov.in/opencms/opencms/en/Notifications/nsq-drugs/
"Diphenhydramine Hydrochloride, Ammonium Chloride, Sodium Citrate & Menthol Syrup",The sample does not conform to claim as per Patent and Proprietary in respect to the Assay of Sodium Citrate.,"Goa Antibiotics & Pharmaceuticals Ltd. Village Anji, P.O. Barog Distt.Solan 173211 (HP) India",CDSCO Labs,"RDTL, Chandigarh",S285011,4/1/2025,3/1/2027,Feb-2026,https://cdsco.gov.in/opencms/opencms/en/Notifications/nsq-drugs/
"Paracetamol,Phenylephrine HCL & Chlorpheniramine Maleate Suspension,",The sample does not conform to claim as per Patent and Proprietary in respect to the Assay of Phenylephrine Hydrochloride.,"Prochem Pharmaceuticals (P) Ltd.140-141, Makkanpur, Bhagwanpur, Roorkee, Dist. Haridwar (U.K.) 247661",CDSCO Labs,"RDTL, Chandigarh",LPL-25543,7/1/2025,6/1/2027,Feb-2026,https://cdsco.gov.in/opencms/opencms/en/Notifications/nsq-drugs/
"Ambroxol Hydrochloride, Guaiphenesin & Terbutaline Sulphate Syrup",The sample does not conform to claim as per Patent and Proprietary in respect to the Test of Total fungal count,"Rivpra Formulation Pvt.Ltd.Plot No.8, Sector-6A, I.I.E. SIDCUL, Haridwar-249 403 (U.K.)",CDSCO Labs,"RDTL, Chandigarh",L-2508007,8/1/2025,7/1/2027,Feb-2026,https://cdsco.gov.in/opencms/opencms/en/Notifications/nsq-drugs/
"Dextromethorphan Hbr, Chlorpheniramine Maleate & Phenylephrine HCl Syrup",The sample does not conform to claim as per Patent and Proprietary in respect to the Assay of Phenylephrine Hydrochloride,"Biocore Pharmaceuticals, Plot No. 8-C, D.I.C., Industrial Area, Lodhimajra, Baddi, Distt. Solan (H.P.) 173205",CDSCO Labs,"RDTL, Chandigarh",BL25-380A,11/1/2025,10/1/2027,Feb-2026,https://cdsco.gov.in/opencms/opencms/en/Notifications/nsq-drugs/
"Ambroxol Hydrochloride, Guaiphenesin, Terbutaline Sulphate, Cetirizine Hydrochloride and Menthol Syrup",The sample does not conform to claim as per Patent and Proprietary in respect to the Assay of Ambroxol Hydrochloride,"Health Biotech Ltd.Village Sandoli, Nalagarh Road, Baddi, Distt. Solan (H.P.) India- 173205",CDSCO Labs,"RDTL, Chandigarh",HLAC25001,11/1/2025,10/1/2027,Feb-2026,https://cdsco.gov.in/opencms/opencms/en/Notifications/nsq-drugs/
Mesalamine Prolonged Release Tablets IP,"The sample does not conform to claim as per IP 2022 and in respect to the Test of Dissolution (3 Hours), Dissolution ( 8 Hours)","Supermax Drugs & Pharmaceuticals Pvt. Ltd. (Unit-II),Khasra No. 322, Nanheda, Anantpur, Bhagwanpur, Roorkee-247668 Dist. Haridwar, Uttarakhand.",CDSCO Labs,"RDTL, Chandigarh",STG-251667,8/1/2025,7/1/2027,Feb-2026,https://cdsco.gov.in/opencms/opencms/en/Notifications/nsq-drugs/
"Ambroxol Hydrochloride, Guaiphenesin & Terbutaline Sulphate Syrup",The sample does not conform to claim as per Patent and Proprietary in respect to the Test of Total fungal count,"Rivpra Formulation Pvt. Ltd. Plot No. 8, Sector-6A, I.I.E., SIDCUL, Haridwar-249 403 (U.K.) INDIA.",CDSCO Labs,"RDTL, Chandigarh",L-2508003,8/1/2025,7/1/2027,Feb-2026,https://cdsco.gov.in/opencms/opencms/en/Notifications/nsq-drugs/
Ceftriaxone Injection IP 1000 mg,The sample does not conform to claim as per IP 2022 in respect to the Test of Particulate matter,"Marc Laboratories Ltd. (Unit III),Plot No.107 & 112, H.P.S.I.D.C, Baddi, Distt. Solan (HP)",CDSCO Labs,"RDTL, Chandigarh",PCD-120,10/1/2024,4/1/2027,Feb-2026,https://cdsco.gov.in/opencms/opencms/en/Notifications/nsq-drugs/
Cefotaxime Sodium Injection I.P. 1 g,The sample does not conform to claim as per IP 2022 in respect to the Test of Particulate matter,"Supermax Drugs & Pharnaceuticals(P) Ltd. H-1231, DSIDC Industrial Complex, Narela, Delhi-110040",CDSCO Labs,"RDTL, Chandigarh",TPLG-93,8/1/2024,7/1/2026,Feb-2026,https://cdsco.gov.in/opencms/opencms/en/Notifications/nsq-drugs/
"Diphenhydramine Hydrochloride, Ammonium Chloride, Sodium Citrate and Terpin Hydrate Syrup",The sample does not conform to claim as per Patent and Proprietary in respect to the Assay of Sodium Citrate.,"Torque Phamrmaceuticals Pvt. Ltd.13B-14, EPIP-1, Jharmajri, H.P.-173 205",CDSCO Labs,"RDTL, Chandigarh",B46826001,1/1/2026,12/1/2027,Feb-2026,https://cdsco.gov.in/opencms/opencms/en/Notifications/nsq-drugs/
"Diphenhydramine Hydrochloride, Ammonium Chloride, Sodium Citrate & Menthol Syrup",The sample does not conform to claim as per Patent and Proprietary in respect to the Assay of Sodium Citrate.,"Scott - Edil Pharmacia Ltd. Unit-II, Plot No. 21-22 Phase-I, E.P.I.P., Phase-1, Jharmajri, Baddi, Distt. Solan-173205 (HP), INDIA",CDSCO Labs,"RDTL, Chandigarh",2519031L002,12/1/2025,11/1/2027,Feb-2026,https://cdsco.gov.in/opencms/opencms/en/Notifications/nsq-drugs/
Bacillus clausii Spores Suspension,"The sample does not conform to claim as per Manufacturers specification in respect to the Test of Pseudomonas aeruginosa, Microbial limit test, Total Yeast and Moulds Count and assay/Content of Bacillus Clausii Spores.","Allianz Biosciences Pvt.Ltd. R.S. NO. 55/1,2 &3, Whirlpool Road, Thiruvandarkoil, Mannadipet Commune, Puducherry-605102.",CDSCO Labs,"CDTL, Mumbai",C125R01,9/1/2025,8/1/2027,Feb-2026,https://cdsco.gov.in/opencms/opencms/en/Notifications/nsq-drugs/
Drotaverine Hydrochloride Suspension,That the sample received does not conform to Manufactureres specification with respect to the test for Assay of Drotaverine Hydrochloride,"Devbhoomi Pharmaceuticals,Khasra No. 27, Mandawar, Bhagwanpur, Roorkee, Distt. Haridwar (U.K.)",CDSCO Labs,"CDTL, Mumbai",OL25619,11/1/2025,10/1/2027,Feb-2026,https://cdsco.gov.in/opencms/opencms/en/Notifications/nsq-drugs/
Sorbitol 70% IP (Non Crysallizing),The sample does not conforms to I.P. 2022 with respect to the Test for Ethylene glycol,"Gujarat Ambuja Exports Ltd.1 Vrindavan Road, Post Dalpur, Taluka Pranjit, District Sabarkantha, Gujarat-383120",CDSCO Labs,"CDTL, Mumbai",HM-SB-004,6/1/2025,6/1/2030,Feb-2026,https://cdsco.gov.in/opencms/opencms/en/Notifications/nsq-drugs/
"Paracetamol, Phenylephrine HCL, Chlorpheniramine Maleate, Sodium Citrate & Menthol Suspension",The sample received does not conform to Manufacturers specification with respect to the test for Sodium citrate Assay,"Truelife Pharma Pvt. Ltd.18, 19, Shyam Estate, Santej Khatraj Road, Santej, Ta. Kalol, Dist. Gandhinagar - 382721",CDSCO Labs,"CDTL, Mumbai",251061,10/1/2025,9/1/2027,Feb-2026,https://cdsco.gov.in/opencms/opencms/en/Notifications/nsq-drugs/
Glycerin IP,The sample does not conform to I.P. 2022 with respect to the test for Water.,"Godrej Industries Ltd.Burjorji Nagar, Plot No. 3, Village Kanerao, Taluka-Valla, Distt. Bharuch, Gujarat",CDSCO Labs,"CDTL, Mumbai",G125050095,8/1/2025,8/1/2029,Feb-2026,https://cdsco.gov.in/opencms/opencms/en/Notifications/nsq-drugs/
Polyethylene Glycol 4000 Oral Laxative Liquid,"The sample does not conform to claim as per Manufacturers specification in respect to the Microbial Enumerationtest Test (Total bacterial count, Total Fungal Count.)","Eskag Pharma Pvt. Ltd.Unit-I, Plot No.: 32, Sector-6A, I.I.E., SIDCUL, Ranipur, Haridwar, Uttarakhand-249403.",CDSCO Labs,"CDTL, Mumbai",LRL25027,9/1/2025,6/1/2027,Feb-2026,https://cdsco.gov.in/opencms/opencms/en/Notifications/nsq-drugs/
Levocetirizine HCl & Montelukast Sodium Suspension,"The sample does not conforms to Manufacturers specification with respect to the Test for pH, Total yeasts and molds count, Microbial contamination, Total bacterial count","Grownbury Pharmaceuticals Pvt. Ltd., Plot No. 11, Sector 12, IIE SIDCUL, Haridwar, Uttarakhand 249003.",CDSCO Labs,"CDTL, Mumbai",GL250137,10/1/2025,9/1/2027,Feb-2026,https://cdsco.gov.in/opencms/opencms/en/Notifications/nsq-drugs/
"Oxetacain,Aluminuim Hydroxide , Magnesium Hydroxide, Anaesthetic Antacid gel,",The sample received does not conform to Manufacturers specification with respect to the test for Assay of Oxetacaine,"Sevlok Pharmaceutical Co.,147, GIDC, Antalia, Bilimora 396 321",CDSCO Labs,"CDTL, Mumbai",SG2511,1/1/2025,6/1/2027,Feb-2026,https://cdsco.gov.in/opencms/opencms/en/Notifications/nsq-drugs/
Sorbitol Solution 70% IP Non-Crystalline,The sample received does not conform to I.P. 2022 with respect to the test for water.,"Gujarat Ambuja Export Ltd. C-60C & E. Eldeco Sidcul Industrial Park, Sitarganj, DIST-U.S. NAGAR, PIN 262405, Uttarakhand",CDSCO Labs,"CDTL, Mumbai",UK252608,9/1/2025,9/1/2030,Feb-2026,https://cdsco.gov.in/opencms/opencms/en/Notifications/nsq-drugs/
Nevirapine oral suspension USP 50mg/5ml,The sample received does not conform to I.P. 2022 with respect to the test for Microbial contimation (Total aerobic count),"Dynamism Lab,Plot No. 846/1, NR. Sachin Factory, Rajpur, Tal-Kadi, Dist- Mehsana 382715",CDSCO Labs,"CDTL, Mumbai",L071,11/1/2025,10/1/2027,Feb-2026,https://cdsco.gov.in/opencms/opencms/en/Notifications/nsq-drugs/
Sorbitol Solution 70% IP Non-Crystalline,The sample does not conforms to claim I.P. 2022 withn respect to the Test for Ethylene glycol,"Gujarat Ambuja Exports Ltd.1 Vrindavan Road, Post Dalpur, Taluka Pranjit, District Sabarkantha, Gujarat-383120",CDSCO Labs,"CDTL, Mumbai",HM-SB 003,6/1/2025,5/1/2030,Feb-2026,https://cdsco.gov.in/opencms/opencms/en/Notifications/nsq-drugs/
Sorbitol 70% IP (Non Crysallizing),The sample does not conforms to claim I.P. 2022 withn respect to the Test for Ethylene glycol,"Gujarat Ambuja Exports Ltd.1 Vrindavan Road, Post Dalpur, Taluka Pranjit, District Sabarkantha, Gujarat-383120",CDSCO Labs,"CDTL, Mumbai",HM-SB-011,9/1/2025,8/1/2030,Feb-2026,https://cdsco.gov.in/opencms/opencms/en/Notifications/nsq-drugs/
Sodium Bicarbonate Tablets I.P. 1000 mg,The sample received does not conform to I.P. 2022 with respect to the test for Disintegration,"Rivpra Formulation Pvt. Ltd.,Plot No.8, Sector-6A, I.I.E. SIDCUL, Haridwar-249 403 (U.K.)",CDSCO Labs,"CDTL, Mumbai",T-2504229,4/1/2025,3/1/2027,Feb-2026,https://cdsco.gov.in/opencms/opencms/en/Notifications/nsq-drugs/
Amikacin Sulphate Injection IP,The sample received does not conform to I.P. 2022 with respect to the test for Sterility.,"Maan Pharmaceuticals Ltd. Plot-1, G.I.D.C, Phase-II, Modhera Road, Mehsana-384002, Gujarat, INDIA",CDSCO Labs,"CDTL, Mumbai",AI25030,12/1/2025,11/1/2027,Feb-2026,https://cdsco.gov.in/opencms/opencms/en/Notifications/nsq-drugs/
Nicorandil Tablets I.P. 5 mg,The sample received does not conform to I.P. 2022 specification with respect to the tests for Dissolution and Assay only.,"Zee Laboratories Ltd. Behind 47, Industrial Area, Paonta Sahib-173025",CDSCO Labs,"CDTL, Hyderabad",425-1598,7/1/2025,6/1/2027,Feb-2026,https://cdsco.gov.in/opencms/opencms/en/Notifications/nsq-drugs/
Paracetamol Tablets IP 500 mg,The sample received does not conform to I.P. 2022 specification with respect to the test for Dissolution,"Pinnacle Life Sciences Pvt. Ltd. Khasra No. 63, Vill. Juddi Kalan, Baddi-173205, Distt. Solan (HP)",CDSCO Labs,"CDTL, Hyderabad",IPCL25031,5/1/2025,4/1/2028,Feb-2026,https://cdsco.gov.in/opencms/opencms/en/Notifications/nsq-drugs/
Refined Glycerine IP,"The sample received does not conform to I.P. 2022 specification with respect to the tests for refractive index, relative density, water and Assay of glycerin content only.","Chemex Oil Pvt Ltd, Plot No. 216, Kunjhal, Barotiwala, Solan-174103, Himachal Pradesh, India",CDSCO Labs,"CDTL, Hyderabad",23,6/1/2025,6/1/2028,Feb-2026,https://cdsco.gov.in/opencms/opencms/en/Notifications/nsq-drugs/
Amoxycillin & Potassium Clavulanate Injection IP 1.2 gm,The sample received does not conform to I.P. 2022 specification with respect to the Assay for the content of potassium clavulanate equivalent to clavulanic acid only.,"Primus Pharmaceuticals,Sadhoura Road, Mouza Ogli Khari, Vill. Asgarpur Majra, Kala Amb, Distt. Sirmour (H.P.) 173030",CDSCO Labs,"CDTL, Hyderabad",PD052505A,5/1/2025,4/1/2027,Feb-2026,https://cdsco.gov.in/opencms/opencms/en/Notifications/nsq-drugs/
Amoxycillin and Potassium Clavulanate Injection IP 500 mg +100 mg,The sample received does not conform to I.P. 2022 specification with respect to the Assay for the content of potassium clavulanate equivalent to clavulanic acid only.,"Marc Laboratories Ltd. (Unit III),Plot No.107 & 112, H.P.S.I.D.C, Baddi, Distt. Solan (HP)",CDSCO Labs,"CDTL, Hyderabad",TAC-612,5/1/2025,4/1/2030,Feb-2026,https://cdsco.gov.in/opencms/opencms/en/Notifications/nsq-drugs/
Baclofen Tablets IP 10 mg,The sample does not conform to I.P with respect to the test for Lactam.,"Intas Pharmaceuticals Ltd.Samardung Road, Kabrey Block, Namthang Elaka, Sikkim-737132, India.",CDSCO Labs,"CDTL, Indore",N2501643,5/1/2025,4/1/2028,Feb-2026,https://cdsco.gov.in/opencms/opencms/en/Notifications/nsq-drugs/
Tramadol Capsules IP 5 mg,Uniformity of Weight,Hab Pharmaceuticals & Research Ltd.,State Lab,"SDTL, Vijayawada",-78008,8/1/2025,7/1/2027,Feb-2026,https://cdsco.gov.in/opencms/opencms/en/Notifications/nsq-drugs/
Azithromycin Oral Suspension,Assay,Sanasan Formulation,State Lab,"SDTL, Vijayawada",SFV25120,5/1/2025,4/1/2027,Feb-2026,https://cdsco.gov.in/opencms/opencms/en/Notifications/nsq-drugs/
Telmisartan Tablets IP 40mg,Dissolution,Bajaj Healthcare Ltd.,State Lab,"SDTL, Vijayawada",TLB06E24,5/1/2024,4/1/2026,Feb-2026,https://cdsco.gov.in/opencms/opencms/en/Notifications/nsq-drugs/
Paracetamol Tablets IP 500mg,Dissolution,Seldom Pharma Pvt. Ltd.,State Lab,"SDTL, Vijayawada",MPCF2402,9/1/2024,8/1/2027,Feb-2026,https://cdsco.gov.in/opencms/opencms/en/Notifications/nsq-drugs/
Pantoprazole GR & Domperidone PR Capsules IP,The sample does not conform to I.P.w.r.t. the test for Dissolution,"VRD Pharmaceuticals & Surgicals Pvt Ltd., Kishanpur, Guru Majra Road, Baddi., The. Nalagarh, Distt. Solan-174101 (HP)",State Lab,"SDTL, Assam",ACPD4014N,7/1/2024,6/1/2026,Feb-2026,https://cdsco.gov.in/opencms/opencms/en/Notifications/nsq-drugs/
Telmisartan Tablets IP 40 mg,The sample does not conform to I.P.w.r.t. the test for Dissolution,"Bennet Pharmaceuticals Ltd., Chanal Majra, Near Manpura, Baddi. Tal. Nalagarh, Dist.- Solan (HP), 173205",State Lab,"SDTL, Assam",BPLT-25027,1/1/2025,12/1/2026,Feb-2026,https://cdsco.gov.in/opencms/opencms/en/Notifications/nsq-drugs/
Levocetirizine Hydrochloride and Montelukast Sodium Tablets IP,The sample does not conform to I.P.w.r.t. the test for Dissolution,"Ultra Drugs Pvt. Ltd., Manpura, Nalagarh, Dist. Solan-174101",State Lab,"SDTL, Assam",UGT-25293L,3/1/2025,2/1/2027,Feb-2026,https://cdsco.gov.in/opencms/opencms/en/Notifications/nsq-drugs/
Aspirin Gastro-resistant Tablets IP 75 mg.,The sample does not conform to I.P.w.r.t. the tests for Dissolution in Acid Stage for Aspirin.,"Unicure India Ltd, C-21, 22 & 23, Sector-3, Noida-201301, Distt. Gautam Budh Nagar (UP)",State Lab,"RDTL, Guwahati",ANET1295,12/1/2024,11/1/2026,Feb-2026,https://cdsco.gov.in/opencms/opencms/en/Notifications/nsq-drugs/
Telmisartan Tablets IP 40 mg,The sample does not conform to I.P.w.r.t. the tests for ?Dissolution?.,"Quality Pharma Production Pvt. Ltd., Unit-2, Industrial Area, Lahoal, Dibrugarh, Assam-786010",State Lab,"SDTL, Assam",PTT-011,7/1/2025,6/1/2027,Feb-2026,https://cdsco.gov.in/opencms/opencms/en/Notifications/nsq-drugs/
Telmisartan IP 40 mg,The sample does not conform to I.P.w.r.t. the tests for Dissolution.,"Bennet Pharmaceuticals Ltd., Chanal Majra, Near Manpura, Baddi. Tal. Nalagarh, Dist.- Solan (HP), 173205",State Lab,"SDTL, Assam",BPLT-24335,10/1/2024,9/1/2026,Feb-2026,https://cdsco.gov.in/opencms/opencms/en/Notifications/nsq-drugs/
Bisacodyl GR Tablets IP 5MG,The sample does not conform to I.P.w.r.t. the test for Dissolution and Assay,"Life Max Cancer Laboratories, Plot No.106 & 106A, Sector-6A, IIE, SIDCUL, Haridwar-249403 (UK), India.",State Lab,"SDTL, Assam",LMT240480,4/1/2024,3/1/2026,Feb-2026,https://cdsco.gov.in/opencms/opencms/en/Notifications/nsq-drugs/
Telmisartan Tablets IP 40 mg,The sample does not conform to I.P.w.r.t. the test for Dissolution.,"Bennet Pharmaceuticals Ltd., Chanal Majra, Near Manpura, Baddi. Tal. Nalagarh, Dist.- Solan (HP), 173205",State Lab,"SDTL, Assam",BPLT-24302,10/1/2024,9/1/2026,Feb-2026,https://cdsco.gov.in/opencms/opencms/en/Notifications/nsq-drugs/
Telmisartan Tablets IP 40 mg,The sample does not conform to I.P.w.r.t. the test for Dissolution and Assay,"Bennet Pharmaceuticals Ltd., Chanal Majra, Near Manpura, Baddi. Tal. Nalagarh, Dist.- Solan (HP), 173205",State Lab,"SDTL, Assam",BPLT-25010,1/1/2025,12/1/2026,Feb-2026,https://cdsco.gov.in/opencms/opencms/en/Notifications/nsq-drugs/
Telmisartan Tablets IP 40 mg,The sample does not conform to I.P. w.r.t. the tests for Dissolution.,"Bennet Pharmaceuticals Ltd., Chanal Majra, Near Manpura, Baddi. Tal. Nalagarh, Dist.- Solan (HP), 173205",State Lab,"SDTL, Assam",BPLT-25041,2/1/2025,1/1/2027,Feb-2026,https://cdsco.gov.in/opencms/opencms/en/Notifications/nsq-drugs/
Itraconazole Capsules IP 200MG,The sample does not conform to I.P. w.r.t. the tests for Dissolution.,"Asterisk Healthcare V.P.O., Bathri, Tehsil Haroli, Distt. Una (H.P.)-174301",State Lab,"SDTL, Assam",AGC240040,5/1/2024,4/1/2026,Feb-2026,https://cdsco.gov.in/opencms/opencms/en/Notifications/nsq-drugs/
Paracetamol Tablets IP 650 MG,The sample does not conform to I.P. w.r.t. the tests for Dissolution.,"Vivek Pharmachem (India) Ltd., Nh-8, Chimanpura, Amer, Jaipur-302028,Rajasthan",State Lab,"SDTL, Assam",PCT25046,4/1/2025,3/1/2027,Feb-2026,https://cdsco.gov.in/opencms/opencms/en/Notifications/nsq-drugs/
"Lycopene, Vitamin A, Vitamin E, Vitamin C, Zinc & Selenium Soft Gelatin Capsules","The sample does not conform to Assay of Vitamin E Acetate and Vitamin A (as Palmitate), Net fill weight, uniformity of weight and Description","Bionexy Pharma, Plot No. 31- B, Industrial Area, Lodhamajra, Tehsil, Baddi, Distt. Solan-173205 (H.P.)",State Lab,"RDTL, Guwahati",BSG250404A,3/1/2025,2/1/2027,Feb-2026,https://cdsco.gov.in/opencms/opencms/en/Notifications/nsq-drugs/
Metformin Hydrochloride Prolonged Release and Glimepiride Tablets IP,The sample does not conform to IP standards with respect to the Dissolution test for Glimepiride IP,"Voizmed Pharma Pvt. Ltd., Plot No. 133, 134 & 135, Village Kotla, Barotiwala, Tehsil Baddi, Distt. Solan (H. P.) - 174103.",State Lab,"Directorate of Food & Drugs, Bambolim, Goa.",GVGT1119C,10/1/2025,9/1/2027,Feb-2026,https://cdsco.gov.in/opencms/opencms/en/Notifications/nsq-drugs/
"Paracetamol, Chlorpheniramine Maleate, Caffeine and Phenylephrine Hydrochloride Tablets",Test for Disintegration only,"Suraksha Pharma Pvt. Ltd., 410, Karondi, Roorkee-247667, Uttarakhand",State Lab,"RDTL, Hubli, Karnataka",MAAI20724,7/1/2024,6/1/2027,Feb-2026,https://cdsco.gov.in/opencms/opencms/en/Notifications/nsq-drugs/
Nitrazepam Tablets IP 10 mg,Identification tests for Nitrazepam,"Anglo-French Drugs & Industries Limited,Plot No.4, Phase II,Peenya Industrial Area, Peenya, Bengaluru-560058",State Lab,"RDTL, Bellary, Karnataka",AXZ24003P,1/1/2024,6/1/2028,Feb-2026,https://cdsco.gov.in/opencms/opencms/en/Notifications/nsq-drugs/
Ofloxacin & Ornidazole Tablets IP,Description,"DM Pharma Private. Limited., Village Bhud, NH-21A, Baddi, District. Solan (H.P)-173205",State Lab,"DTL, Bengaluru, Karnataka",DT241211B,8/1/2024,7/1/2026,Feb-2026,https://cdsco.gov.in/opencms/opencms/en/Notifications/nsq-drugs/
Ondansetron Hydrochloride Oral Solution IP,Test for pH,"Sresan Pharmaceutical manufacturer, No.787, Bangalore Highways, Sunguvarchatram, (Mathura) Kancheepuram Dist 602106",State Lab,"DTL, Bengaluru, Karnataka",INT-01,4/1/2025,3/1/2027,Feb-2026,https://cdsco.gov.in/opencms/opencms/en/Notifications/nsq-drugs/
"Meloxicam, Paracetamol & Serratiopeptidase Bolus (Vet.)",Assay for Serratiopeptidase,"Minil Laboratories Pvt. Ltd., 26, Industrial Estate, digiana Jammu-180010 (J & K)",State Lab,"DTL, Bengaluru, Karnataka",T-24451,11/1/2024,10/1/2027,Feb-2026,https://cdsco.gov.in/opencms/opencms/en/Notifications/nsq-drugs/
Aceclofenac & Paracetamol Tablets,Description,"J.M. Laboratories., Village-Bhanat, P.O-Ghatti, Subathu Road, Solan (H.P)-173211",State Lab,"DTL, Bengaluru, Karnataka",GT18022B,2/1/2025,1/1/2027,Feb-2026,https://cdsco.gov.in/opencms/opencms/en/Notifications/nsq-drugs/
"Methylcobalamin, Alpha Lipoic Acid, Inositol Folic Acid, Chromium Picolinate, Selenium Dioxide & Benfotiamine Capsules",Assay for Benfortiamine and Alpha Lipoic Acid,"Mayoford Pharma, Near Railway Crossing, Chambaghat, Solan Distt: Solan (H.P)-173213",State Lab,"DTL, Bengaluru, Karnataka",MMC-2902,6/1/2025,11/1/2026,Feb-2026,https://cdsco.gov.in/opencms/opencms/en/Notifications/nsq-drugs/
Fenofibrate Capsules I.P (200 mg),Test for Uniformity of Weight and Dissolution,"Unicure India Ltd, C-21, 22 & 23, Sector-3, Noida-201301, Distt. Gautam Budh Nagar (UP)",State Lab,"DTL, Bengaluru, Karnataka",FFC1201,7/1/2024,6/1/2026,Feb-2026,https://cdsco.gov.in/opencms/opencms/en/Notifications/nsq-drugs/
"Methylcobalamin, Alpha Lipoic Acid, Pyridoxine HCl., Folic Acid, Zinc Sulphate, Chromium Picolinate, Selenium Dloxide, Biotin & Inoslotol Tablets",Test for Disintegration,"Verax Life Sciences Pvt. Ltd., K.No. 435, Vill Surajmajra, Baddi, Distt. Solan, (H.P)-173205",State Lab,"DTL, Bengaluru, Karnataka",AABT-2502,5/1/2025,10/1/2026,Feb-2026,https://cdsco.gov.in/opencms/opencms/en/Notifications/nsq-drugs/
Norfloxacin & Tinidazole Tablets,Tests for ?Uniformity of Weight? and ?Disintegration,"Danish Health Care (P) Ltd., 76/27-28, Industrial Estate, Maxi Road, Ujjain-456010 India",State Lab,"DTL, Bengaluru, Karnataka",NTT24001,11/1/2024,10/1/2027,Feb-2026,https://cdsco.gov.in/opencms/opencms/en/Notifications/nsq-drugs/
Pantoprazole Gastro-resistant Tablets I.P,Test for Dissolution,"C.B. Healthcare, Vill. Messa Tibba, Tehsil Nalagarh, Distt. Solan (H.P)-174101",State Lab,"RDTL, Bellary, Karnataka",CBT25-1043D,7/1/2025,6/1/2027,Feb-2026,https://cdsco.gov.in/opencms/opencms/en/Notifications/nsq-drugs/
Rabeprazole Sodium Tablets IP 20 mg,Test for Dissolution of Rabeprazole Sodium,"Medirose Drugs & Pharmaceuticals, 51, Industrial Area, Phase-III, Sansarpur Terrace, Distt. Kangra, Pin-176501 (H.P)",State Lab,"RDTL, Bellary, Karnataka",T-240787,7/1/2024,6/1/2026,Feb-2026,https://cdsco.gov.in/opencms/opencms/en/Notifications/nsq-drugs/
"Aceclofenac, Paracetamol & Thiocolchicoside Tablets",Description,"Savya Pharmaceuticals, Plot No. 5A-4, Sector 09, IIE Pantnagar, USN-263153 (UK)",State Lab,"RDTL, Bellary, Karnataka",SPT-03412,6/1/2025,5/1/2027,Feb-2026,https://cdsco.gov.in/opencms/opencms/en/Notifications/nsq-drugs/
Rabeprazole Sodium Tablets IP,Test for Dissolution of Rabeprazole Sodium,"Savya Pharmaceuticals, Plot No. 5A-4, Sector 09, IIE Pantnagar, USN-263153 (UK)",State Lab,"RDTL, Bellary, Karnataka",SPT-02029,7/1/2024,6/1/2026,Feb-2026,https://cdsco.gov.in/opencms/opencms/en/Notifications/nsq-drugs/
IVERMECTIN Tablets 10 mg (Veterinary) Melt in Mouth Flavoured Tablets,Test for Disintegration,"Insat Pharma Pvt. Ltd., Plot No:45/A, G.I.D.C, Estate, Kansari-388630 Khambhat, Dist: Anand, Gujarat At:70/1 G.I.D.C. Estate, Kansari-388630",State Lab,"RDTL, Bellary, Karnataka",TB074,4/1/2025,9/1/2027,Feb-2026,https://cdsco.gov.in/opencms/opencms/en/Notifications/nsq-drugs/
Ferrous Sulphate and Folic Acid Tablets I.P,Test for Uniformity of content of Folic Acid only,"Cyano Pharma (P) Ltd, 115-C, Industrial Estate, Pologround, Indore-452015",State Lab,"RDTL, Hubli, Karnataka",CIF-X39,3/1/2025,2/1/2027,Feb-2026,https://cdsco.gov.in/opencms/opencms/en/Notifications/nsq-drugs/
Aceclofenac and Paracetamol Tablets,"Test for Uniformity of Weight, Assay for Paracetamol and Aceclofenac","Sresan Pharmaceutical manufacturer, No.787, Bangalore Highways, Sunguvarchatram, (Mathura) Kancheepuram Dist 602106",State Lab,"DTL, Bengaluru, Karnataka",INT-02,4/1/2025,3/1/2028,Feb-2026,https://cdsco.gov.in/opencms/opencms/en/Notifications/nsq-drugs/
Ferrous Sulphate and Folic Acid Tablets IP,Description,"Cyano Pharma (P) Ltd, 115-C, Industrial Estate, Pologround, Indore-452015",State Lab,"DTL, Bengaluru, Karnataka",CIF-Y06,4/1/2025,3/1/2027,Feb-2026,https://cdsco.gov.in/opencms/opencms/en/Notifications/nsq-drugs/
Glycerin IP,"Identification test, Water, Ethylene Glycol, Diethylene Glycol and Related Substance test and Assay for Glycerinn","Medivin (India) Pharma Lab, No.51/1., Ramiahna Palya, Thagachaguppe, Kumbalgodu Post,Bengaluru-560074",State Lab,"DTL, Bengaluru, Karnataka",7,9/1/2024,8/1/2027,Feb-2026,https://cdsco.gov.in/opencms/opencms/en/Notifications/nsq-drugs/
Metformin & Sitagliptin Tablets BP,"Sample fails the test Assay of Sitagliptin and Dissolution of Metformin Hydrochloride and Sitagliptin as per BP, as specified in the in the laboratory protocol.","J.P Industries, Bhud, Baddi, Distt. Solan, HP, India",State Lab,DTL Thiruvananthapuram,TMSG-017,7/1/2025,6/1/2027,Feb-2026,https://cdsco.gov.in/opencms/opencms/en/Notifications/nsq-drugs/
"Aceclofenac, Paracetamol & Chlorzoxazone Tablets,","Sample fails the test Assay for Aceclofenac' in Aceclofenac, Paracetamol and Chlorzoxazone Tablets as specified in the Laboratory Protocol.","JM Laboratories, Village Bhanat P.O, Ghatti, Subathu Road, Solan, HP -173 211",State Lab,DTL Thiruvananthapuram,GT14431B,7/1/2024,6/1/2026,Feb-2026,https://cdsco.gov.in/opencms/opencms/en/Notifications/nsq-drugs/
Telmisartan Tablets IP 40mg,"Sample fails the test Dissolution as per IP, specified in the Laboratory Protocol","Swiss Garnier Life Sciences, 21-23, Industrial Area, Mehalpur, Dist.UNA, Himachal Pradesh - 174 315",State Lab,DTL Thiruvananthapuram,493TTF022,8/1/2025,7/1/2027,Feb-2026,https://cdsco.gov.in/opencms/opencms/en/Notifications/nsq-drugs/
Oral Rehydration Salts IP ORS Powder,Sample does not conform to IP standards with respect to Assay of Potassium.,"Nestor Pharmaceuticals Limited 11, Western Extension Area, Faridabad-121001, India",State Lab,DTL Thrissur,ODSC-667,7/1/2025,6/1/2027,Feb-2026,https://cdsco.gov.in/opencms/opencms/en/Notifications/nsq-drugs/
Diclofenac Sodium Tables IP 50mg,"Sample fails the test Dissolution as per IP, as specified in the Laboratory Protocol","Acme Generics Private Limited, Plot No.115, HPSIDC, Industrial Area, Vill. Davni P.O, Gurumajra, Tehsil Nalagarh, Dist. Solan, HP-174101",State Lab,DTL Thiruvananthapuram,G25RDA025,5/1/2025,4/1/2027,Feb-2026,https://cdsco.gov.in/opencms/opencms/en/Notifications/nsq-drugs/
"Atenolol Tablets IP 50 MG,","Sample fails the test Dissolution as per IP, as specified in the Laboratory Protocol","Trugen Pharmaceuticals Pvt. Ltd, Vill, Tejjupur, Near Chodiala Railway Station, Roorkee Distt. Haridwar, Uttarakhand-247661",State Lab,DTL Thiruvananthapuram,TT 251884,11/1/2025,10/1/2027,Feb-2026,https://cdsco.gov.in/opencms/opencms/en/Notifications/nsq-drugs/
Enalapril Maleate Tablets IP 2.5mg,"Sample fails the test Dissolution as per IP, as specified in the Laboratory Protocol","Kalpraj Techno Fab Pvt. Ltd, Plot No. 24A&24B, Sector C, Industrial Area, Mandideep, Distt-Raisen- 462046 (M.P), India",State Lab,DTL Thiruvananthapuram,ENC01L5A,11/1/2025,10/1/2027,Feb-2026,https://cdsco.gov.in/opencms/opencms/en/Notifications/nsq-drugs/
Telmisartan Tablets IP 40mg,"Sample fails the test Dissolution as per IP, as specified in the Laboratory Protocol","Swiss Garnier Life Sciences, 21-23, Industrial Area, Mehalpur, Dist.UNA, Himachal Pradesh - 174 315",State Lab,DTL Thiruvananthapuram,493TTF015,8/1/2025,7/1/2027,Feb-2026,https://cdsco.gov.in/opencms/opencms/en/Notifications/nsq-drugs/
Telmisartan Tablets IP,Sample fails the test Dissolution as per IP.,"Systole Remedies Pvt. Ltd, Vill.Ogli, Kala Amb, The.Nahan, Distt.Sirmour (H.P)-173030",State Lab,DTL Thrissur,TG25C049A,3/1/2025,2/1/2027,Feb-2026,https://cdsco.gov.in/opencms/opencms/en/Notifications/nsq-drugs/
Doxycycline Hyclate Tablets USP-100MG,Sample fails the test Dissolution as per USP as specified in the Laboratory Protocol,"Kerala State Drugs and Pharmaceuticals Ltd, Kalavoor P.O, Alappuzha, Kerala-688522",State Lab,DTL Thiruvananthapuram,DX 5042,1/1/2025,12/1/2028,Feb-2026,https://cdsco.gov.in/opencms/opencms/en/Notifications/nsq-drugs/
Cefuroxime Axetil Tablets IP,Sample fails the tests Assay and Dissolution as per IP as specified in the Laboratory Protocol.,"Vats Biotech Pvt. Ltd, Vill, Kailar P.O, Saproon Teh.&Distt. Solan- 173211",State Lab,DTL Thiruvananthapuram,VCT/459,6/1/2024,5/1/2026,Feb-2026,https://cdsco.gov.in/opencms/opencms/en/Notifications/nsq-drugs/
Flunarizine Tablets IP 10mg,Sample fails the Descriptive part for tablets as per IP.,"Pure & Cure Healthcare Pvt. Ltd, Plot No.26A, 27-30, Sector 8A, IIE, SIDCUL, Ranipur, Haridwar-249403, Uttarakhand",State Lab,DTL Thiruvananthapuram,AUJ01AQA,8/1/2025,7/1/2028,Feb-2026,https://cdsco.gov.in/opencms/opencms/en/Notifications/nsq-drugs/
Salbutamol Sulphate Syrup IP,Sample fails the pH mentioned in the laboratory protocol as per IP.,"Daffohils Laboratories Pvt. Ltd..,F-109-110, UPSIDC Industrial Area, Selaqui, Dehradun, U.K-248011, India",State Lab,DTL Konni,L-25075,5/1/2025,4/1/2027,Feb-2026,https://cdsco.gov.in/opencms/opencms/en/Notifications/nsq-drugs/
Aspirin Gastro Resistant Tablets IP 75mg,Sample fails the test Dissolution' as per IP as specified in the Laboratory Protocol,"Unicure India Ltd, C-21, 22 & 23, Sector-3, Noida-201301, Distt. Gautam Budh Nagar (UP)",State Lab,DTL Thiruvananthapuram,ANET 1269,10/1/2024,9/1/2026,Feb-2026,https://cdsco.gov.in/opencms/opencms/en/Notifications/nsq-drugs/
Hydroxychloroquine Tablets IP 200mg,"Sample fails the test Dissolution as per IP,as specified in the Laboratory Protocol","Overseas Healthcare Pvt. Ltd, 335Km, Milestone, National Highway No.1 P.O, Box No.25, Phillaur-144410 (Pb)",State Lab,DTL Thiruvananthapuram,CQN469,7/1/2025,6/1/2028,Feb-2026,https://cdsco.gov.in/opencms/opencms/en/Notifications/nsq-drugs/
Metoprolol Tartrate Tablets IP 50mg (Metoder 50),Sample fails the test ' Dissolution' mentioned in the Laboratory Protocol as per IP.,"Sanctus Global Formulations Limited, Khasra No.587/588, Village Kunjhal, Backside Jharmajri, Tehsil Baddi, Distt. Solan (H.P)-174103",State Lab,DTL Konni,SG25068,6/1/2025,5/1/2027,Feb-2026,https://cdsco.gov.in/opencms/opencms/en/Notifications/nsq-drugs/
Telmisartan Tablets IP 40mg,Sample fails the test Dissolution mentioned in the Laboratory Protocol as per IP.,"Swiss Garnier Life Sciences, 21-23, Industrial Area, Mehalpur, Dist.UNA, Himachal Pradesh - 174 315",State Lab,DTL Konni,493TTF012,8/1/2025,7/1/2027,Feb-2026,https://cdsco.gov.in/opencms/opencms/en/Notifications/nsq-drugs/
Labetalol Tablets I.P 100mg,The sample does not conform to IP Standards with respect to the test Dissolution.,"Unicure India Ltd,Plot No.46 (B),/ 49B, Vill, Raipur, Bhagwanpur, Roorkee, Uttarakhand.",State Lab,DTL Thrissur,LA1TE011,8/1/2024,7/1/2026,Feb-2026,https://cdsco.gov.in/opencms/opencms/en/Notifications/nsq-drugs/
"Glimepiride Tablets IP, 1mg",Sample fails the test Dissolution mentioned in the Laboratory Protocol as per IP.,"Megasys Biotek Pvt. Ltd, Kinfra Industries Park P.O, Koratty, Thrissur, Kerala-680309",State Lab,DTL Konni,GF12503,7/1/2025,6/1/2027,Feb-2026,https://cdsco.gov.in/opencms/opencms/en/Notifications/nsq-drugs/
Acecnovis SP,The content of serratiopeptidase is less (i.e. 71.27% of the labelled amount) than the permissible limits.,Navkar Lifescienses Plot No. 76 Lodhi Majra Industrial Area Distt. Solan Baddi-173205,State Lab,"FDAL, Mumbai",TA5008F,1/1/2025,12/1/2026,Feb-2026,https://cdsco.gov.in/opencms/opencms/en/Notifications/nsq-drugs/
Zinc Acetate Dispersable Tablets 20 mg,"The sample is not of standard quality for the reason stated under ""Description"" of the tablets","Orchid Medlife Pvt.Ltd Khasra No. 646/513, Vill.Kaundi,P.O Thana,Tehsil Baddi, Distt.Solan (HP)173205",State Lab,"Office of Drugs Controller, Meghalaya",TD250606,4/1/2025,3/1/2027,Feb-2026,https://cdsco.gov.in/opencms/opencms/en/Notifications/nsq-drugs/
Paracetamol Tablets IP 500 mg,"The sample does not comply as per I.P.2022 with respect to the test for ""Dissolution""of Paracetamol","Zenith Drugs Limited, 72/5 and 72/3,72/4,74/1/1, 75/1/1, Muradpura(Orangpura), Dhar Road,Near Kalaria,INDORE 453001(MP) INDIA",State Lab,"Office of Drugs Controller, Meghalaya",T50182,5/1/2025,4/1/2027,Feb-2026,https://cdsco.gov.in/opencms/opencms/en/Notifications/nsq-drugs/
Amoxycillin & Potassium Clavulanate Oral Suspension,The sample shows absence of Clavunic acid both in Identification test and Assay,"Affy Parenterals Vill.Gullerwala,P.O. Baddi,Distt. Solan-173205",State Lab,"DTL, Pasteur Hills,Shillong-Meghalaya",PD24089,9/1/2024,8/1/2026,Feb-2026,https://cdsco.gov.in/opencms/opencms/en/Notifications/nsq-drugs/
Ibuprofen & Paracetamol,Content of Paracetamol in the sample is below the permissible limit prescribed in IP,"Eden Drugs Pvt.Ltd. S.G.R.D.J. Airport Road, Meerankot, Distt. Amritsar, Punjab-143101",State Lab,"DTL, Pasteur Hills,Shillong-Meghalaya",4993,8/1/2024,7/1/2026,Feb-2026,https://cdsco.gov.in/opencms/opencms/en/Notifications/nsq-drugs/
Telmisartan Tablets IP 40mg,Dissolution test,"Surge Pharmaceuticals PVT LTD, Plot no- C-78, C-79, Additonal MIDC, Jejuri-412303, Taluka Purandhar District Pune, Maharashtra, India",State Lab,"SDT&RL, Bhubaneswar",SPT40102,3/1/2024,2/1/2026,Feb-2026,https://cdsco.gov.in/opencms/opencms/en/Notifications/nsq-drugs/
Nitrazepam Tablets IP 5mg,Dissolution test,"Ikon Pharmachem Pvt. Ltd. E-2, Sara Industrial Estate, Central Hope Town, Rampur, Selaqui, Dehradun-248197, Uttarakhand",State Lab,"SDT&RL, Bhubaneswar",T240496,4/1/2024,3/1/2026,Feb-2026,https://cdsco.gov.in/opencms/opencms/en/Notifications/nsq-drugs/
"Sucralfate, Oxetacaine","Description, Content of Oxetacaine","Accretion Pharmaceuticals Ltd. 29, Xcelon Industrial Park-1, 1st floor, Opp. MN Desal Petrol Pump, Nr. Tajpur Patiya Changodar, Dist-Ahmedabad-382213",State Lab,"SDT&RL, Bhubaneswar",AL-24115,7/1/2024,6/1/2026,Feb-2026,https://cdsco.gov.in/opencms/opencms/en/Notifications/nsq-drugs/
"Amoxycillin, Clavulanic Acid",Content of Clavulanic Acid,"Astam Helathcare Pvt. Ltd. Vill-Theda, The-Nalagarh, Distt-174101 HP",State Lab,"SDT&RL, Bhubaneswar",MVA2416,6/1/2024,5/1/2026,Feb-2026,https://cdsco.gov.in/opencms/opencms/en/Notifications/nsq-drugs/
Telmisartan & Hydrochlorothiazide Tablets,Test of Dissolution of Hydrochlorothiazide,"Rachil Pharma, At-M/s. Qurx Pharmaceuticals, 191-191A, Industrial Area, Phase III, Sansarpur Terrace, Distt. Kangra(HP)-176501",State Lab,"CDL, Kolkata",L-RT25187,5/1/2025,4/1/2027,Feb-2026,https://cdsco.gov.in/opencms/opencms/en/Notifications/nsq-drugs/
Aceclofenac & Paracetamol Tablets,"The Above product is official in IP, but the same is not mentioned anywhere on the label.","Neptune Life Sciences Pvt Ltd., 100-B, EPIP, Phase-II, Thana, Baddi-173205",State Lab,"SDTL, Punjab",TN-4880,6/1/2025,5/1/2027,Feb-2026,https://cdsco.gov.in/opencms/opencms/en/Notifications/nsq-drugs/
Fenbendazole (VET),1. The identification test for Fenbendazole found to be Negative. 2. The identification test for Tapentadol HCI found to be positive. 3. %age content of Tapentadol HCI found to be 101.54w/w(on as such basis).,"Chemino Pharma Ltd, Plot NO 411/1, LIC Seltor, Silvassa Road, GIDC, Vapi, Dist. Valsad, Gujarat-396195",State Lab,"SDTL, Punjab",CPL/FBZ/25149,9/1/2025,8/1/2030,Feb-2026,https://cdsco.gov.in/opencms/opencms/en/Notifications/nsq-drugs/
Methylcobalamin Oral Disintegrating Tablets 1500mcg,Description,"Pulse Pharmaceuticals Pvt Ltd. Khasra No. 400, 407 Karondi, Roorkee, Uttarakhand.",State Lab,"SDTL, Punjab",MOD1085D,7/1/2025,6/1/2027,Feb-2026,https://cdsco.gov.in/opencms/opencms/en/Notifications/nsq-drugs/
"Aceclofenac and Paracetamol Tablets,",Description,"Progressive Lifesciences Pvt. Ltd., Laitherdevahoon, P.O. Jhabrera, Roorkee, Distt. Haridwar-247665 Uttarakhand.",State Lab,"SDTL, Punjab",PT-08/27,8/1/2024,7/1/2026,Feb-2026,https://cdsco.gov.in/opencms/opencms/en/Notifications/nsq-drugs/
"Cholecalciferol Tablets 60,000 IU",The contents of Cholecalciferol found to be 90585.84 I.U(150.97%)labeled claim of 60000 I.U per UC tab.,"Tirupati Medicare Ltd, Nahan Road, Paonta sahib, Dist. Sirmour 173025, HP, India.",State Lab,"SDTL, Punjab",NGT25007,8/1/2025,1/1/2027,Feb-2026,https://cdsco.gov.in/opencms/opencms/en/Notifications/nsq-drugs/
Pregabalin capsules IP 300mg,The contents of Pregabalin found to be 345.40mg per Capsule (115.13%) against labeled claim of 300.0mg per capsule.,"Levotic Pharma Plot No-6, Phase-II, Industrial Area, Sansarpur Terrace, Distt-Kangra, HP-176501",State Lab,"SDTL, Punjab",LPC25138,12/1/2025,11/1/2027,Feb-2026,https://cdsco.gov.in/opencms/opencms/en/Notifications/nsq-drugs/
Pheniramine Maleate Injection IP,The sample does not conform to the IP with respect to Sterility.,"GBN Pharmaceuticals, F-49(A), RIICO Industrial Area, Phase-II, Ajeetgarh-332701, Dist. Sikar (Raj.)",State Lab,DTL Jaipur,PH5V152,6/1/2025,5/1/2027,Feb-2026,https://cdsco.gov.in/opencms/opencms/en/Notifications/nsq-drugs/
Pheniramine Maleate Injection IP,The sample does not conform to the IP with respect to Sterility.,"GBN Pharmaceuticals, F-49(A), RIICO Industrial Area, Phase-II, Ajeetgarh-332701, Dist. Sikar (Raj.)",State Lab,DTL Jaipur,PH5V111B,5/1/2025,4/1/2027,Feb-2026,https://cdsco.gov.in/opencms/opencms/en/Notifications/nsq-drugs/
Ofloxacin & Ornidazole Oral Suspension,The sample does not conform to the claim with respect to Assay of Ornidazole.,"Safecon Lifesciences Pvt. Ltd., B-36, E.P.I.P. Shastri Puram, UPSIDC, Sikandra-282007.",State Lab,DTL Jaipur,SLG25160,5/1/2025,4/1/2027,Feb-2026,https://cdsco.gov.in/opencms/opencms/en/Notifications/nsq-drugs/
Propoxur Sulphanilamide & Cetrimide Dusting Powder,The sample does not conform to the claim with respect to Assay of Propoxur.,"Grampus Laboratories, Johron, Industrial Area, Kala Amb, Distt. Sirmour, H.P.-173030.",State Lab,DTL Jaipur,GLEP-002,4/1/2025,3/1/2027,Feb-2026,https://cdsco.gov.in/opencms/opencms/en/Notifications/nsq-drugs/
"Aceclofenac, Paracetamol & Serratiopeptidase Tablets",The sample does not conform to the claim with respect to Assay of Aceclofenac.,"Stafford Laboratories Pvt. Ltd., 143, Raipur Ind. Area, Bhagwanpur, Roorkee (U.K.)",State Lab,DTL Jodhpur,ST-2531,4/1/2025,3/1/2027,Feb-2026,https://cdsco.gov.in/opencms/opencms/en/Notifications/nsq-drugs/
Paracetamol Tablets IP 650mg,The sample does not conforms to the I.P. with respect to Description as black spots are observed on surface of tablets.,"Bennet Pharmaceuticals Ltd., Village Chanal Majra, Nr. Manpura, Badi, Tal-Nalagarh, Distt. Solan (H.P.) 173205.",State Lab,DTL Bikaner,BPLT-25032,2/1/2025,1/1/2027,Feb-2026,https://cdsco.gov.in/opencms/opencms/en/Notifications/nsq-drugs/
Ibuprofen & Paracetamol I.P.,The sample does not conform to the I.P. with respect to Description as sticking and picking defect observed on surface of tablets.,"Parth Formulation Pvt. Ltd., G1-31 (I&H), RIICO Ind. Area, Gegal-305023.",State Lab,DTL Jodhpur,TIC-45,8/1/2025,7/1/2027,Feb-2026,https://cdsco.gov.in/opencms/opencms/en/Notifications/nsq-drugs/
"Paracetamol, Phenylephrine Hydrochloride Diphenhydramine, Hydrocloride & Caffeine Tablets",The sample does not conform to the claim with respect to in Assay of Phenylephrine Hydrochloride & Caffeine (Anhydrous) (NIL).,"YL Pharma, Plot No. 9H(1), Village Katha, Teh. Baddi, Dist. Solan (H.P.) 173205.",State Lab,DTL Jaipur,YLT25023,6/1/2025,5/1/2027,Feb-2026,https://cdsco.gov.in/opencms/opencms/en/Notifications/nsq-drugs/
Ibuprofen & Paracetamol Tablets I.P.,The sample does not conforms to the IP with respect to description as it shows defect like sticking and picking of tablets.,"Parth Formulation Pvt. Ltd., G1-31, (I&H) RIICO Industrial Area, Gegal-305023",State Lab,DTL Udaipur,"TIC-47,",10/1/2025,9/1/2027,Feb-2026,https://cdsco.gov.in/opencms/opencms/en/Notifications/nsq-drugs/
Aceclofenac & Paracetamol Tablets,The sample does not conform to the claim with respect to Colour as it shows the presence of Sunset Yellow.,"Astonea Labs Ltd., Village Haripur, Teh. Raipur Rani, Dist. Panchkula, Haryana, India",State Lab,DTL Udaipur,ADT24078C,3/1/2024,2/1/2026,Feb-2026,https://cdsco.gov.in/opencms/opencms/en/Notifications/nsq-drugs/
"Ambroxol Hydrochloride, Terbutaline Sulphate and Guaiphenesin Syrup",The sample does not conform to the claim with respect to in Assay of Ambroxol Hydrochloride.,"Cipco Limited, 35-36/1, A.B. Road, Pigdamber, Dist. Indore 453331 (MP) India",State Lab,DTL Jaipur,AT25J325,7/1/2025,6/1/2027,Feb-2026,https://cdsco.gov.in/opencms/opencms/en/Notifications/nsq-drugs/
"Ambroxol Hydrochloride, Terbutaline Sulphate and Guaiphenesin Syrup",The sample does not conform to the claim with respect to in Assay of Ambroxol Hydrochloride.,"Cipco Limited, 35-36/1, A.B. Road, Pigdamber, Dist. Indore 453331 (MP) India.",State Lab,DTL Jaipur,AT23J325,7/1/2025,6/1/2027,Feb-2026,https://cdsco.gov.in/opencms/opencms/en/Notifications/nsq-drugs/
"Ambroxol Hydrochloride, Terbutaline Sulphate and Guaiphenesin Syrup",The sample does not conform to the claim with respect to Assay of Ambroxol Hydrochloride.,"Cipco Limited, 35-36/1, A.B. Road, Pigdamber, Dist. Indore 453331 (MP) India.",State Lab,DTL Jaipur,AT31J325,7/1/2025,6/1/2027,Feb-2026,https://cdsco.gov.in/opencms/opencms/en/Notifications/nsq-drugs/
Propoxur Sulphanilamide & Cetrimide Powder,The sample does not conform to the claim with respect to Assay of Propoxur.,"Ethicare Laboratories, 15, Industrial Estate, Digiana, Jammu-180010",State Lab,DTL Jaipur,EE-240603,6/1/2024,5/1/2026,Feb-2026,https://cdsco.gov.in/opencms/opencms/en/Notifications/nsq-drugs/
Calcium with Vitamin D3 Suspension,The sample does not conform to the claim with respect to Assay of Vitamin D3 (Nil).,"JPEE Drugs, Plot No.-53, Sector-6A, SIDCUL, Haridwar (Uttarakhand)",State Lab,DTL Jaipur,JDL-3543,12/1/2024,11/1/2026,Feb-2026,https://cdsco.gov.in/opencms/opencms/en/Notifications/nsq-drugs/
Calcium with Vitamin D3 Suspension,The sample does not conform to the claim with respect to Assay of Vitamin D3 (Nil).,"JPEE Drugs, Plot No.-53, Sector-6A, SIDCUL, Haridwar (Uttarakhand)",State Lab,DTL Jaipur,JDL-3584,3/1/2025,2/1/2027,Feb-2026,https://cdsco.gov.in/opencms/opencms/en/Notifications/nsq-drugs/
Calcium with Vitamin D3 Suspension,The sample does not conform to the claim with respect to Assay of Vitamin D3 (Nil).,"JPEE Drugs, Plot No.-53, Sector-6A, SIDCUL, Haridwar (Uttarakhand)",State Lab,DTL Jaipur,JDL-3578,3/1/2025,2/1/2027,Feb-2026,https://cdsco.gov.in/opencms/opencms/en/Notifications/nsq-drugs/
Hydroxyzine Hydrochloride SR Tablets 25mg,The sample does not conform to the claim with respect to Assay.,"Jineka Healthcare (P) Ltd., 15, Sector-6B, IIE, Ranipur, Haridwar -249403 (U.K.)",State Lab,DTL Jaipur,JT-2411149,11/1/2024,10/1/2026,Feb-2026,https://cdsco.gov.in/opencms/opencms/en/Notifications/nsq-drugs/
Paracetamol tablets 300 mg,Dissolution test does not comply.,"Costal medicare Pvt.Ltd, Rs No. 9/2 &5 Ramchandrapuram, Sumarpalli, Main Road, Krishna - 521212 Andhra Pradesh.",State Lab,"DCL, Telangana",CTQ228,12/1/2024,5/1/2027,Feb-2026,https://cdsco.gov.in/opencms/opencms/en/Notifications/nsq-drugs/
Cefpodoxime Proxetil & Potassium Clavulanate Oral Suspension,Sample Tabonic CV Dry syrup does not comply assay for Cefpodoxime and Clavulanic acid as per STP.,"Gnosis Pharmaceuticals Pvt.Ltd, Nahan Road, Village Moginand, Kala-Amb, Distt:Sirmour, HP-173030, Himachal Pradesh.",State Lab,"DCL, Telangana",BD400461A,3/1/2025,8/1/2026,Feb-2026,https://cdsco.gov.in/opencms/opencms/en/Notifications/nsq-drugs/
Vildagliptin Tablets IP 50mg,Content,"Healer's Lab Unit-II, Plot No.33, H.P.S.I.D.C., Extn., Baddi, Distt-Solan (HP)",State Lab,"DTL, Madurai-19",VGT505,6/1/2025,5/1/2027,Feb-2026,https://cdsco.gov.in/opencms/opencms/en/Notifications/nsq-drugs/
Paracetamol and Caffeine Tablets IP,Description,"Konis Pharmaceuticals Pv t. Ltd., Jagriti sadan, Subathu Road, Solan-173212 (HP)",State Lab,"DTL, Madurai-19",APSDN 2506,4/1/2025,3/1/2027,Feb-2026,https://cdsco.gov.in/opencms/opencms/en/Notifications/nsq-drugs/
Amlodipine Tablets IP 5mg,Content,"Relief Biotech Pvt. Ltd, Khasra No.72, Makhyali Dundi, Peerpura Road, Roorkee ByPass, Delhi Road, Manglour, Roorkee-247656, Haridwar (UK)",State Lab,"DTL,Chennai-06",RT-251061,10/1/2025,9/1/2027,Feb-2026,https://cdsco.gov.in/opencms/opencms/en/Notifications/nsq-drugs/
Pantoprazole Sodium Tablets IP 40mg,Dissolution,"Dr.Miltons Laboratories Private Limited, R.S.No.135/6, Sanyasikuppam Village, Thirubuvanai (Post), Mannadipet Commune, Puducherry-605107",State Lab,"DTL,Chennai-06",M25796006,9/1/2025,8/1/2027,Feb-2026,https://cdsco.gov.in/opencms/opencms/en/Notifications/nsq-drugs/
Gentamicin Injection I.P-40mg/ml,pH,"Zazen Pharma Pvt. Ltd, Plot. No.7 & 8, Off N.H.No.8, Vasai Phata, Vasai (E ), Dist. Phalgar, Pin- 401 208, Maharashra.",State Lab,"King Institute of Preventive Medicine & Research, Guindy, Chennai-32",683507,5/1/2025,4/1/2027,Feb-2026,https://cdsco.gov.in/opencms/opencms/en/Notifications/nsq-drugs/
Gentamicin Injection I.P-40mg/ml,pH,"Zazen Pharma Pvt. Ltd, Plot. No.7 & 8, Off N.H.No.8, Vasai Phata, Vasai (E ), Dist. Phalgar, Pin- 401 208, Maharashra.",State Lab,"King Institute of Preventive Medicine & Research, Guindy, Chennai-32",683508,5/1/2025,4/1/2027,Feb-2026,https://cdsco.gov.in/opencms/opencms/en/Notifications/nsq-drugs/
Telmisartan Tablets IP 40mg,Dissolution,"Marc Lifesciences Sikkim, Khasara No.35, 36, 409, 410, Vill. Julanglay, Block L, Maneydara Namthang, Distt. Namchi, South Sikkim",State Lab,"DTL, Chennai-06",STS-119,5/1/2025,4/1/2027,Feb-2026,https://cdsco.gov.in/opencms/opencms/en/Notifications/nsq-drugs/
Paracetamol Paediatric Oral Suspension I.P,Content,"Sree Saie Pharma, Old No.423/1, New No.239/5A, Plot No.3, Poothurai Village, Vanur Taluk, Villupuram Dt., 605111 Tamil Nadu",State Lab,"DTL, Chennai-06",SAI-1808,7/1/2025,6/1/2027,Feb-2026,https://cdsco.gov.in/opencms/opencms/en/Notifications/nsq-drugs/
Albendazole Tablets IP 400mg,Dissolution,"Sharun Pharmaceuticals Pvt. Ltd, R.S.No.195/9 & 197/4, Pangoor, Ariyur Revenue Village, Villianur, Puducherry, 605102",State Lab,"DTL, Chennai-06",SP250725,7/1/2025,6/1/2027,Feb-2026,https://cdsco.gov.in/opencms/opencms/en/Notifications/nsq-drugs/
Pantoprazole Gastro- Resistant Tablets IP 40mg,Dissolution,"Lexus India Limited, D-3 & 4, Industrial Area, Selaqui, Dehradun (UK), 2348011, India",State Lab,"DTL, Chennai-06",LXT-25052,4/1/2025,3/1/2027,Feb-2026,https://cdsco.gov.in/opencms/opencms/en/Notifications/nsq-drugs/
Atorvastatin Tablets IP 10mg,Dissolution,"Candour Pharmaceuticals, Vill. OGLI, Suketi Road, Kala Amb, Distt. Sirmour (HP),173030",State Lab,"DTL, Chennai-06",CT250131A,5/1/2025,4/1/2027,Feb-2026,https://cdsco.gov.in/opencms/opencms/en/Notifications/nsq-drugs/
Betamethasone Valerate Ointment IP,Content,"Curetech Skincare, Plot No.32, 33 & 34, Phase-IV, Bhatoli Kalan, Baddi, Distt. Solan (HP)-173205",State Lab,"DTL, Chennai-06",RF653,6/1/2025,5/1/2027,Feb-2026,https://cdsco.gov.in/opencms/opencms/en/Notifications/nsq-drugs/
Ketoconazole Soap,Content,"SMB Healthcare, 36, Aadarsh Ind. Park, Phase 3, GIDC, Pansar Road, Chhatral, Gandhinagar,",State Lab,"DTL, Chennai-06",KEZ-017,8/1/2025,7/1/2027,Feb-2026,https://cdsco.gov.in/opencms/opencms/en/Notifications/nsq-drugs/
Albendazole Tablets IP 400mg,Dissolution,"Bochem Healthcare Pvt. Ltd, 83-84, Industrial Area, Dewas Road, Nagziri, Ujjain 456010 (M.P), India",State Lab,"DTL, Chennai-06",B250984,7/1/2025,6/1/2027,Feb-2026,https://cdsco.gov.in/opencms/opencms/en/Notifications/nsq-drugs/
"Ambroxol Hcl, Terbutaline Sulphate, Guaiphenesin & Menthol Syrup",Content,"C.B. Healthcare, Vill. Messa Tibba, Tehsil Nalagarh, Distt. Solan (H.P)-174101",State Lab,"DTL, Chennai-06",CBL-0284/25,3/1/2025,2/1/2027,Feb-2026,https://cdsco.gov.in/opencms/opencms/en/Notifications/nsq-drugs/
Clopidogrel Tablets IP,Description,"Bactolac Formulations Pvt. Ltd, Plot No.70 (Part), TSIIC-IALA, Phase-I, Cherlapally Village, Kapra Mandal, Medchal-Malkajgiri District, Telangana-500051, India",State Lab,"DTL, Chennai-06",BCGT25021,6/1/2025,5/1/2027,Feb-2026,https://cdsco.gov.in/opencms/opencms/en/Notifications/nsq-drugs/
Vildagliptin Tablets IP 50mg,Content,"Eurokem Labortories Pvt., Ltd, C-25, SIDCO Pharmaceutical Complex, Alathur, Thiruporur-603 110",State Lab,"DTL, Madurai-19",VL25028,6/1/2025,5/1/2027,Feb-2026,https://cdsco.gov.in/opencms/opencms/en/Notifications/nsq-drugs/
Drotaverine Hydrochloride Suspension,Content,"Aspen Lifescieces Pvt., Ltd, Plot No.57, Nagkalan Industrial Area, Majitha Road, Amritsar-143601",State Lab,"DTL, Madurai-19",A20718,4/1/2025,3/1/2027,Feb-2026,https://cdsco.gov.in/opencms/opencms/en/Notifications/nsq-drugs/
Omeprazole Capsules IP 20mg,Dissolution.,"Himalaya Meditek Pvt. Ltd, Plot No.35 & 36, Pharmacity, Selaqui Industrial Area, Dehradun, 248197",State Lab,"DTL, Chennai-06",HCN460G,7/1/2024,6/1/2026,Feb-2026,https://cdsco.gov.in/opencms/opencms/en/Notifications/nsq-drugs/
Telmisartan Tablets IP 40mg,Dissolution.,"Super formulations Pvt. Ltd, 16-B & 15-F, Industrial Area, Maxi Road, Ujjain (MP)-456010",State Lab,"DTL, Chennai-06",GTM54,2/1/2025,1/1/2027,Feb-2026,https://cdsco.gov.in/opencms/opencms/en/Notifications/nsq-drugs/
Telmisartan Tablets IP 40mg,Dissolution.,"Marc Lifesciences Sikkim, Khasara No.35, 36, 409, 410, Vill. Julanglay, Block L, Maneydara Namthang, Distt. Namchi, South Sikkim",State Lab,"DTL, Chennai-06",STS-123,6/1/2025,5/1/2027,Feb-2026,https://cdsco.gov.in/opencms/opencms/en/Notifications/nsq-drugs/
Glimepiride & Metformin Hydrochloride Prolonged Release Tablet I.P.,The sample does not conform to I.P. as per Assay result of Glimepride.,"Logos Pharma, Nalagarh, Dist. Solan, H.P.-174 101",State Lab,"SDTL, Kolkata, WB",LGN03/133 /01,3/1/2024,2/1/2026,Feb-2026,https://cdsco.gov.in/opencms/opencms/en/Notifications/nsq-drugs/
"Amoxycillin, Potassium Clavulanate & Lactic Acid Bacillus Tab",1) The sample declared as Not of Standard Quality in assay of Potassium Clavunalate e.q. to Clavulanic acid. 2) The sample does not conform to claim.,"Park Pharmaceuticals, Vill. Kalujhanda, Near Nanakpur, The Baddi, Dist. Solan, H.P.",State Lab,"SDTL, Kolkata, WB",CHTC4419,3/1/2025,2/1/2027,Feb-2026,https://cdsco.gov.in/opencms/opencms/en/Notifications/nsq-drugs/
"Amoxycillin, Potassium Clavulanate & Lactic Acid Bacillus Tab",The sample does not conform to standard in respect of the test for ?Assay? performed.,"Curehealth Pharmaceuticals, P.O. Deothi Tehsil, Dist. Solan-173221, H.P.",State Lab,"SDTL, Kolkata, WB",CT24271,2/1/2025,1/1/2027,Feb-2026,https://cdsco.gov.in/opencms/opencms/en/Notifications/nsq-drugs/
Risperidone 3 mg with Trihexyphenidyl Hydrochloride 2 mg Tablets,Failed Average Weight,"Tanmed Pharma (I) Pvt. Ltd., No. 1/429, Multi Industrial Nagar, Gerugambakkam, Chennai-600 128",State Lab,"DTL, Puducherry",TYOT-1435,2/1/2025,1/1/2027,Feb-2026,https://cdsco.gov.in/opencms/opencms/en/Notifications/nsq-drugs/
Paracetamol Tablets IP 500mg,The sample does not confirm to IP2022 requirement withespect to Dissolution Test,"Unicure India Ltd, C-21, 22 & 23, Sector-3, Noida-201301, Distt. Gautam Budh Nagar (UP)",State Lab,"DTL, Dalgate Srinagar Kashmir (J & K)",PCT1211,8/1/2024,7/1/2026,Feb-2026,https://cdsco.gov.in/opencms/opencms/en/Notifications/nsq-drugs/
Diclofenac Sodium Injection,The sample does not conform to I.P w.r.t the test for Description and Particulate matter,"Neon Laboratories Ltd.at Plot No.G84/1,Tarapur MIDC boisar 401506.",State Lab,"DTL, Dalgate Srinagar Kashmir (J & K)",2507017,3/1/2025,2/1/2027,Feb-2026,https://cdsco.gov.in/opencms/opencms/en/Notifications/nsq-drugs/
Disinfectant Fluid Black Phenolic Type Normal Grade-1,The sample does not conform to claim as per As per Drugs and Cosmetics Act- Schedule O and IS 1061:2017 with respect to Grade and Germicidal Value,"Mittal Chemical Industries,G-1/9 Growth Centre, RIICO, Dholpur, Raj.",CDSCO Labs,"CDL, Kolkata",MCI040,6/1/2024,5/1/2026,Feb-2026,https://cdsco.gov.in/opencms/opencms/en/Notifications/nsq-drugs/
"Sterile Hypodermic Needles (For Single Use Only) Needle Size:0.55x25 mm (24Gx1"")","Sample fails the tests Cleanliness and Lubricant"" as specified in the laboratory protocol .","Nihal Healthcare, 33, E.P.I.P-1, Jharmajri, Baddi, distt. Solan- 173205(H.P), India",State Lab,DTL Thiruvananthapuram,2428024NA1,10/1/2024,9/1/2029,Feb-2026,https://cdsco.gov.in/opencms/opencms/en/Notifications/nsq-drugs/
Absorbent Cotton Wool IP 500gm,"Sample fails the 'Descriptive Part, Fluorescence Ether soluble substances, Water soluble substances, Neps and Sulphated Ash' as per IP, as specified in the Laboratory Protocol","SJD Surgicot Pvt. Ltd, Bhiwani Road, JIND-126102 (HR)",State Lab,DTL Thiruvananthapuram,3208,8/1/2025,7/1/2028,Feb-2026,https://cdsco.gov.in/opencms/opencms/en/Notifications/nsq-drugs/
Silky Gold Foley Balloon Catheter (Siliconised),The sample does not comply as per I.P. 2022 with respect to the Bacterial Endotoxins Test.,"Ribbel International Ltd. 20th Mile Jatheri Road,P.O. Rai Sonepat-131029,Haryana",CDSCO Labs,"RDTL, Guwahati",25F22,6/1/2025,5/1/2030,Feb-2026,https://cdsco.gov.in/opencms/opencms/en/Notifications/nsq-drugs/
Single use Hypodermic Needle,The sample does not conform to claim with respect to test for Sterility.,"Hindustan Syringes & Medical Devices Ltd. 174, 178/25, Ballabgarh, Faridabad, Haryana-121004",CDSCO Labs,"CDL, Kolkata",455 62R,11/1/2025,10/1/2030,Feb-2026,https://cdsco.gov.in/opencms/opencms/en/Notifications/nsq-drugs/
Tablets Paracetamol,The sample does not conform to IP with respect to the Dissolutiion for paracetamol,"SMBJ Pharmaceuticals Pvt Ltd. Plot No. 3030, Phase-I HSIDC, Indl Estae, Barhi-131101 Haryana",State Lab,"BDCL, Patna",2504,8/1/2024,7/1/2026,Feb-2026,https://cdsco.gov.in/opencms/opencms/en/Notifications/nsq-drugs/
"Atorvastatin, Aspirin & Clopidogrel Capsules s",Test free Salycylic Acid,"Astonea Labs Private Limited, Vill. Haripur, Teh. Raipur Rani, Distt. Panchkula-134204 (Haryana)",State Lab,Maharashtra,ADH24148A,10/1/2024,9/1/2026,Feb-2026,https://cdsco.gov.in/opencms/opencms/en/Notifications/nsq-drugs/
Gemcirol-XT,content of Vitamin D3,"Magnus Biotech Pvt. Ltd., Mugal Mazra Road, Village ? Kunjpua, P.O.-Karnal (Haryana)",State Lab,Uttar Pradesh,DT-035,4/1/2025,3/1/2027,Feb-2026,https://cdsco.gov.in/opencms/opencms/en/Notifications/nsq-drugs/
"Coldfresh-P DS Suspension (Phenylephrine HCl, Paracetamol & Chlorpheniramine Maleate Suspension)",Suspended Matter/Sedimentation Observed.,"Sivanta Pharmaceuticals Plot NO. 3238, Phase-II, GIDC, Chhatral, Ta. Kalol, Dist. Gandhinagar-382719, Gujarat.",State Lab,"FDTL,Uttarakhand",SP24193,10/1/2024,9/1/2026,Feb-2026,https://cdsco.gov.in/opencms/opencms/en/Notifications/nsq-drugs/
Isopropyl Alcohol IP,Water : 0.8624% (Limit NMT 0.5%) ?More than prescribed limit.,"Thermo Fisher scientific India Pvt. Ltd. At : Plot No. A-1/4906/17, B/H Paras Industrial, GIDC, Estate, Ankleshwar-393002, Gujrat.",State Lab,"FDTL,Uttarakhand",9190090325,3/1/2025,2/1/2028,Feb-2026,https://cdsco.gov.in/opencms/opencms/en/Notifications/nsq-drugs/
Metoprolol Succinate Extended Release Tablets IP,Assay of Metoprolol Succinate IP- Less than prescribed limit.,"Daffohills Laboratories Pvt. Ltd. F-109-110, UPSIDC Indl. Area Selaqui, Dehradun-248011",State Lab,"FDTL,Uttarakhand",DLT-1431,9/1/2024,8/1/2026,Feb-2026,https://cdsco.gov.in/opencms/opencms/en/Notifications/nsq-drugs/
Aspirin Gastro-Resistant Tablets IP 150 mg,Rough Surface on Tablets Description,"Bajaj Healthcare Ltd. R.S. No. 1818, Manjusar-Savli Road, At : & Post-Manjusar, Tal. Savli, Dist. Vadodra-391775",State Lab,"FDTL,Uttarakhand",ASB02B25,2/1/2025,1/1/2027,Feb-2026,https://cdsco.gov.in/opencms/opencms/en/Notifications/nsq-drugs/
Cefixime Tablets IP,Storage-Does not comply with IP,"Macleods Pharmaceuticals Ltd. Kh. No. 21,22,66,67 & 68, Aho-Yangtam, Namchepung, P.O. : Ranipool, Sikkim 737135",State Lab,"FDTL,Uttarakhand",18252131A,5/1/2025,10/1/2027,Feb-2026,https://cdsco.gov.in/opencms/opencms/en/Notifications/nsq-drugs/
Coolfresh-D (Omeprazole and Domperidone Capsules IP),Assay of Domperidone IP,"Swefn Pharmaceuticals Pvt. Ltd. 7 Sopan Kesar Indl. Hub, Vil. Moraiya, Tal. Sanand, Dist. Ahmedabad-3822123",State Lab,"FDTL,Uttarakhand",C032506,3/1/2025,2/1/2027,Feb-2026,https://cdsco.gov.in/opencms/opencms/en/Notifications/nsq-drugs/
"Paracetamol, Phenylephrine HCl, Chlorpheniramine Maleate & Sodium Citrate Syrup",Sedimentation observed on the lower surface of bottle.,"Centaur Pharmaceuticals Pvt. Ltd. Plot No. 907, MIE, Bahadurgarh-124507, Dist. Jhajjar, Haryana.",State Lab,"FDTL,Uttarakhand",BR649,6/1/2025,5/1/2028,Feb-2026,https://cdsco.gov.in/opencms/opencms/en/Notifications/nsq-drugs/
Ranyloc Syrup,Storage-Does not comply with IP,"Alexin Biosciences Barotiwala, plot No. 151/196, Paonta Sahib, Dist. Sirmour-173025",State Lab,"FDTL,Uttarakhand",ABSL25-0069,5/1/2025,4/1/2027,Feb-2026,https://cdsco.gov.in/opencms/opencms/en/Notifications/nsq-drugs/
"Dextromethorphan Phenylephrine HCL, Ambroxol, Chlorpheniramine Maleate & Menthol Syrup","Assay of Dextromethorphan HBr IP, Phenylephrine HCl IP & Chlorpheniramine Maleate IP : Less than preacribed limit.","Nathan Pharma Pvt. Ltd. Plot No. 8, DIC, Industrial Area, Baddi, Distt. Solan (HP) 173205",State Lab,"FDTL,Uttarakhand",NPL-5105,7/1/2025,6/1/2027,Feb-2026,https://cdsco.gov.in/opencms/opencms/en/Notifications/nsq-drugs/
"Paracetamol, Diclofenac Sodium & Chlorzoxazone Tablets IP",Rough surface on tablets,"IBN Herbals Kh. No. 63, Vill. Juddi Kalan, Baddi 173205, Dist. Solan (HP)",State Lab,"FDTL,Uttarakhand",NPL-5105,12/1/2024,11/1/2026,Feb-2026,https://cdsco.gov.in/opencms/opencms/en/Notifications/nsq-drugs/
"Paracetamol Phenylephrine HCl, Diphenh",Description,"Avalon Medicines Pvt. Ltd. Plot No. 1271, Phase-1, Sec. 38, HSIIDC Rai, Sonipat-131029 (HR)",State Lab,"FDTL,Uttarakhand",ANT-1925,7/1/2025,6/1/2027,Feb-2026,https://cdsco.gov.in/opencms/opencms/en/Notifications/nsq-drugs/
"Ketoconazole, Iodochlorhydroxyquinoline, tolnaftate, Neomycin Sulphate & Clobetasol Propionate",Assay of clobetasol Propionate IP & Ketoconazole IP,"Lifecom Pharmaceuticals (India) Pvt.Ltd. Khasra No. 1180/282, Vill. Nanheda Anantpur, Bhagwanpur, Roorkee, Haridwar (UK)",State Lab,"FDTL,Uttarakhand",GE25077,6/1/2025,5/1/2027,Feb-2026,https://cdsco.gov.in/opencms/opencms/en/Notifications/nsq-drugs/
Riboflavin Tablets IP 5 mg,The sample does not conform to I.P.w.r.t. the tests for Dissolution.,"Askon Healthcare, 11- B, Industrial Area, Maxi Road, Ujjain - 456010",State Lab,"SDTL, Assam",RB-2433,11/1/2024,10/1/2027,Mar-2026,https://cdsco.gov.in/opencms/opencms/en/Notifications/nsq-drugs/
Aceclofenac & Paracetamol Tablets,The sample does not conform to I.P.w.r.t. the tests for Assay and Dissolution of Aceclofenac.,"Medglobe Therapeutics Ltd. Khasra No-311, Raipur Village, Bhagwanpur Pargana, Roorkee- 247667(UK)",State Lab,"SDTL, Assam",MGT24-034,7/1/2024,6/1/2026,Mar-2026,https://cdsco.gov.in/opencms/opencms/en/Notifications/nsq-drugs/
Amlodipine Besylate Tablets IP 5 mg.,The sample does not conform to I.P. w.r.t. the tests for Assay,"Om Biomedic Pvt. Ltd., Plot No. 68,69, 82 & 83, Sector-6A, IIE, SIDCUL, Haridwar-249403",State Lab,"SDTL, Assam",TA25-30,1/1/2025,12/1/2026,Mar-2026,https://cdsco.gov.in/opencms/opencms/en/Notifications/nsq-drugs/
Amoxycillin & Potasium Clavulanate Tablets I.P. 625 mg,The sample does not conform to I.P. w.r.to the tests for Dissolution,"Park Pharmaceuticals, Kalujhanda, Near Nanakpur Teh, Baddi, Distt.- Solan (HP)-174103",State Lab,"SDTL, Assam",BRE-172,7/1/2025,12/1/2026,Mar-2026,https://cdsco.gov.in/opencms/opencms/en/Notifications/nsq-drugs/
Rabeprazole Tablets IP 20 mg,The sample does not conform to I.P. w.r.to the tests for Dissolution,"Synmedic Laboratories, Sp-3-5,A And C, Riico Industrial Area Keshwana, Kotputli,Jaipur, Rajasthan-303108",State Lab,"SDTL, Assam",TRA510,3/1/2025,2/1/2027,Mar-2026,https://cdsco.gov.in/opencms/opencms/en/Notifications/nsq-drugs/
Cefixime & Ofloxacin IP,Misbrandad,"Evertouch Bio Remedies, WHO GMP Certified Company Plot No. I 1/5 UPSIDC Kosi Kotwan, Mathura 281403",State Lab,Chhattisgarh,ETB- 062521,6/1/2025,5/1/2027,Mar-2026,https://cdsco.gov.in/opencms/opencms/en/Notifications/nsq-drugs/
Aceclofenac and Paracetamol,Misbrandad,Ceza Formulation Pvt Ltd 236 Sector-E Sanwer Road Indore (MP) India 452015,State Lab,Chhattisgarh,T2478,8/1/2024,7/1/2027,Mar-2026,https://cdsco.gov.in/opencms/opencms/en/Notifications/nsq-drugs/
"Paracetamol, Phenyephrine hydrochloride, Chlorpheniramine Maleate, Sodium Citrate & Menthol Suspension",Phenyephrine hydrochloride content,"True Life Pharma PVt. Ltd., 18,19, Shyam Estate, Santej- Khatraj Raod,Santej, Ta.: Kalol, Dist.: Gandhinagar-382721.",State Lab,"FDL, Vadodara",241175,11/1/2024,10/1/2026,Mar-2026,https://cdsco.gov.in/opencms/opencms/en/Notifications/nsq-drugs/
"Levosalbutamol, Ambroxol & Guaiphenesin Syrup",Guaiphenesin Content,"Tuttsan Pharma Pvt. Ltd., Plot No. 10, Block No. 58, At & Post :Khatraj, Ta.: Kalol, Dist. : Gandhinagar.",State Lab,"FDL, Vadodara",L25071,11/1/2024,10/1/2026,Mar-2026,https://cdsco.gov.in/opencms/opencms/en/Notifications/nsq-drugs/
"Dextromethorphan hydrobromide, phenylephrine hydrochloride & Chlorpheniramine Maleate Syrup",Microbial Contamination (Total Aerobic Viable Count),"KNM Pharma Pvt. Ltd., 13, Mahagujarat Industrial Estate, opp. Nova Petrochemicals Limnited., Moraiya, Ta.: Sanand, Dist.: Ahmedabad, Gujarat",State Lab,"FDL, Vadodara",L 24326,11/1/2024,10/1/2026,Mar-2026,https://cdsco.gov.in/opencms/opencms/en/Notifications/nsq-drugs/
Enteric Coated Rabeprazole Sodium 20 mg & Domperidone Sustained Release 30 mg Capsules,Rabeprazole Sodium Content,"Inventia Healthcare Ltd., F1-F1/1, Additional Ambernath, MIDC, Ambernath (East), Dist.: Thane-421506.",State Lab,"FDL, Vadodara",404F004,11/1/2024,10/1/2026,Mar-2026,https://cdsco.gov.in/opencms/opencms/en/Notifications/nsq-drugs/
"Paracetamol, Phenyephrine hydrochloride & Chlorpheniramine Maleate Syrup",Phenyephrine hydrochloride content,"Maa Pharma Tech., Survey No. 915/2, Block Part-B, Jetalpur, Pirana road, At & Post: Girmatha Village, Ta.: Daskroi, Dist.: Ahmedabad-382425",State Lab,"FDL, Vadodara",ML24224,11/1/2024,10/1/2026,Mar-2026,https://cdsco.gov.in/opencms/opencms/en/Notifications/nsq-drugs/
"Diclofenac Potassium, Paracetamol & Chlorzoxazone Tablets.",Disintegration Test.,"ASPO pharmaceuticals LLP. Plot no.-10, HIMUDA Industrial area phase-IV, Bhatoli kalan, Baddi, Distt.Solan.HP-173205, India.",State Lab,"DTL, Baddi",AT24-1055,11/1/2024,10/1/2026,Mar-2026,https://cdsco.gov.in/opencms/opencms/en/Notifications/nsq-drugs/
Povidone-Iodine Solution,Assay of available Iodine,"Health Biotech Ltd Sandoli, Nalagarh road, Baddi,DIstt-SOlan H.P 173205",State Lab,"DTL, Baddi",HEPO24007,7/1/2024,6/1/2026,Mar-2026,https://cdsco.gov.in/opencms/opencms/en/Notifications/nsq-drugs/
Clavocil-375,Failed,"Alencure Biotech Pvt. Ltd. Village: Nagal, Suketi Road, P.O. Moginand, Kala Amb, Distt. Sirmour- 173030 HP India)",State Lab,"DTL, Baddi",BT0124016C,1/1/2024,1/1/2026,Mar-2026,https://cdsco.gov.in/opencms/opencms/en/Notifications/nsq-drugs/
Ranitidine Hydrochloride Tablets IP 150mg,Description,"Vivek Pharmachem (India) Limited, NH-8, Chimanpura, Amer, Jaipur-302 028",State Lab,"DTL, Konni",RDT24029,6/1/2024,5/1/2026,Mar-2026,https://cdsco.gov.in/opencms/opencms/en/Notifications/nsq-drugs/
Folic Acid Tablets IP 5mg,Sample fails the test Dissolution as per IP,"Kerala State Drugs and Pharmaceuticals Ltd, Kalavoor.P.O, Alappuzha, Kerala-688522",State Lab,"DTL, Thiruvananthapuram",F65092,8/1/2025,7/1/2028,Mar-2026,https://cdsco.gov.in/opencms/opencms/en/Notifications/nsq-drugs/
Diclofenac Sodium Tablets IP 50mg,Dissolution as per IP,"Kerala State Drugs and Pharmaceuticals Ltd, Kalavoor.P.O, Alappuzha, Kerala-688522",State Lab,"DTL, Thrissur",DG5028,2/1/2025,1/1/2027,Mar-2026,https://cdsco.gov.in/opencms/opencms/en/Notifications/nsq-drugs/
Paracetamol Tablets IP 500mg,Dissolution as per IP,"Healer's Lab, Unit-II, Plot No.33, HPSIDC, Extn.Baddi, Dist. Solan(HP)",State Lab,"RDTL, Ernakulam",PAK-634,1/1/2024,12/1/2026,Mar-2026,https://cdsco.gov.in/opencms/opencms/en/Notifications/nsq-drugs/
Hydroxychloroquine Sulphate Tablets IP 200mg,Dissolution as per IP,"Rivpra Formulation Pvt.Ltd, Plot No.8, Sector 6A, IIE, Sidcul, Haridwar-249403.",State Lab,"DTL, Thiruvananthapuram",T-2511405,11/1/2025,10/1/2027,Mar-2026,https://cdsco.gov.in/opencms/opencms/en/Notifications/nsq-drugs/
Telmisartan Tablets IP 40mg,Dissolution as per IP,"Swiss Garnier Life Sciences, No.21-23, Industrial Area, Mehatpur, Distt. Una, Himachal Pradesh-174315, India",State Lab,"DTL, Konni",493TTF011,8/1/2025,7/1/2027,Mar-2026,https://cdsco.gov.in/opencms/opencms/en/Notifications/nsq-drugs/
Dicyclomine Tablets IP,Description,"Hindustan Laboratories Limited, Plot No.5-9, Survey No. 38/2, Aliyali, Palghar(W), Dist.Palghar-401404 (MS)",State Lab,"RDTL, Ernakulam",THY25001AL,1/1/2025,12/1/2027,Mar-2026,https://cdsco.gov.in/opencms/opencms/en/Notifications/nsq-drugs/
Serratiopeptidase Tablets IP,Disintegration,"Mancare Laboratories Pvt.Ltd, Plot No.11, Pharmacity, Selaqui, Dehradun, Uttarakhand-248011",State Lab,"RDTL, Ernakulam",MT250227,2/1/2025,1/1/2027,Mar-2026,https://cdsco.gov.in/opencms/opencms/en/Notifications/nsq-drugs/
Thyroxine Sodium Tablets IP 150mcg,Dissolution as per IP,"Malik Life Sciences Pvt.Ltd, Plot No. 16, Vardhman Indl. Estate, Vill. Bahadarpur Saini, NH 58, Haridwar-247667 (Uttarakhand)",State Lab,"DTL, Thiruvananthapuram",BER01ABA,2/1/2025,1/1/2027,Mar-2026,https://cdsco.gov.in/opencms/opencms/en/Notifications/nsq-drugs/
Prochlorperazine Maleate Mouth Dissolving Tablets,Disintegration & Assay,"Iosis Remedies Pvt.Ltd, Rajpura Road, Village-Khera Nihla, Tehsil-Nalagarh, Distt;Solan, Himachal Pradesh-174101",State Lab,"DTL, Thrissur",NMD5T-020,4/1/2025,3/1/2027,Mar-2026,https://cdsco.gov.in/opencms/opencms/en/Notifications/nsq-drugs/
Cefixime & Ofloxacin Tablets,Assay of Cefixime Anhydrous and Ofloxacin,"Ciphem Pharma, Plot No.30, Subhlakshmi Ind.Estate, Opp. Sanket Ind. Estate, At. Moraiya, Ta.Sanand, Ahmedabad-382213",State Lab,"DTL, Thrissur",CT/25/277,7/1/2025,6/1/2027,Mar-2026,https://cdsco.gov.in/opencms/opencms/en/Notifications/nsq-drugs/
Prednisolone Tablets IP 10mg,Dissolution,"Nestor Pharmaceuticals Limited, 11, Western Extension Area, Faridabad-121001",State Lab,"DTL, Thiruvananthapuram",PHTC-02,1/1/2025,12/1/2026,Mar-2026,https://cdsco.gov.in/opencms/opencms/en/Notifications/nsq-drugs/
Allopurinol Tablets IP 100mg,Assay,"Zee Laboratories Ltd, Behind 47, Industrial Area, Paontasahib-173025",State Lab,"DTL, Thiruvananthapuram",425-2191,10/1/2025,9/1/2027,Mar-2026,https://cdsco.gov.in/opencms/opencms/en/Notifications/nsq-drugs/
Sterile Water for Injection IP 10ml,Sterility,"Bioiv Labs Pvt.Ltd, Hadbast-126, Ropar Road, Vill. Mussewal Teh. Nalagarh, Dist.Solan (H.P)-174 101",State Lab,"DTL, Thiruvananthapuram",BIB24228,11/1/2024,10/1/2027,Mar-2026,https://cdsco.gov.in/opencms/opencms/en/Notifications/nsq-drugs/
Anrex Cough Syrup Codeine Phosphate & Triprolidine HCI Syrup,The content fo triprolidine hydrochloride is less than the schedule V limit.,"Pharma Chemico Laboratories. Deonghat , PO Saproon Solan, 173211 (HP)",State Lab,"FDAL, Mumbai",AN-1629,10/1/2024,9/1/2026,Mar-2026,https://cdsco.gov.in/opencms/opencms/en/Notifications/nsq-drugs/
Pregabalin & Methylcobalamin Capsule IP,The content of Methylcobalmin,"Mas Kashmik Formulation Pvt. Ltd. Pf-13, Opp. Procter & Gamble, Bol, Gidc-Ahmedabad Gujarat Sanand-382170",State Lab,"FDAL, Mumbai",25DC015A,8/1/2025,1/1/2027,Mar-2026,https://cdsco.gov.in/opencms/opencms/en/Notifications/nsq-drugs/
"Ambroxol Hcl, Guaiphenesin, Levosalbutamol & Mentho",The content of ethylene Glycol,"BLBK Pharmaceutical Pvt. Ltd. F-108, UPSIDC Industrial Area, Selaqui, Dehradun (UK) -248011",State Lab,"FDAL, Mumbai",BL-S004,5/1/2025,4/1/2027,Mar-2026,https://cdsco.gov.in/opencms/opencms/en/Notifications/nsq-drugs/
Cefixime (Anhydrous),Content of Cefixime and Description,"Welcure Remedies, Nahan Road, Vill.: Moginand, Distt.: Sirmour-173030 (H.P.)",State Lab,"SDT&RL, Bhubaneswar",WCD24036A,5/1/2024,4/1/2026,Mar-2026,https://cdsco.gov.in/opencms/opencms/en/Notifications/nsq-drugs/
Metronidazole Tablets IP 400 mg,Dissolution,"Shiva Biogenetic Laboratories Pvt. Ltd., Village: Manpura, Baddi, Dist.: Solan (H.P.)-174101",State Lab,"SDT&RL, Bhubaneswar",MET23027SL,5/1/2025,4/1/2027,Mar-2026,https://cdsco.gov.in/opencms/opencms/en/Notifications/nsq-drugs/
Rabeprazole Sodium,Dissolution,"Amster Labs Unit-II, Hilltop, Ind. Estate, Vill.: Bhatauli Kalan, Baddi, Dist.: Solan (H.P.)",State Lab,"SDT&RL, Bhubaneswar",TDT306B,4/1/2024,3/1/2026,Mar-2026,https://cdsco.gov.in/opencms/opencms/en/Notifications/nsq-drugs/
Rabeprazole Gastro-resistant Tablets IP,Content of Rabeprazole Sodium,"Athens Life Sciences, Mauza: Rampur Jattan, Nahan Raod, Kala Amb. Distt.: Sirmour, H.P.-173030",State Lab,"SDT&RL, Bhubaneswar",TG24-14255,6/1/2024,5/1/2026,Mar-2026,https://cdsco.gov.in/opencms/opencms/en/Notifications/nsq-drugs/
Pregabalin & Methylcobalamin Capsules IP,Dissolution,"Asterisk Healthcare, V.P.O. Bathri, Tehsil Haroli, Distt. UNA (H.P)-174301",State Lab,"SDTL, Punjab",PGC2508006C,8/1/2025,1/1/2027,Mar-2026,https://cdsco.gov.in/opencms/opencms/en/Notifications/nsq-drugs/
Telmisartan And Amlodipine Tablets IP,Description,"HBC Healthcare Pvt. Ltd., Block/Survey No. 609, Paiki 002, Ambassan (Amipur), Nr Shankus Water Park, Ahmedabad-Mehsana-384435, Gujarat, INDIA.",State Lab,"SDTL, Punjab",HT25434,7/1/2025,6/1/2027,Mar-2026,https://cdsco.gov.in/opencms/opencms/en/Notifications/nsq-drugs/
Aceclofeanc & Paracetamol Tablets,"The above Product is official in I.P, but is the same mention anywhere on the label","Titanes Pharm, Village Bathu, Tehsil Haroli, Distt. Una (H.P) 174507",State Lab,"SDTL, Punjab",T4276,10/1/2024,9/1/2027,Mar-2026,https://cdsco.gov.in/opencms/opencms/en/Notifications/nsq-drugs/
Magnesium Sulphate IP,LOSS ON DRYING,"Supreme Chemicals, Vill Chak Gujjran, P.O Piplanwala, Jalandhar Road, Hoshiarpur",State Lab,"SDTL, Punjab",7075,11/1/2025,10/1/2028,Mar-2026,https://cdsco.gov.in/opencms/opencms/en/Notifications/nsq-drugs/
Magnesium Sulphate IP,LOSS ON DRYING,"Salix Pharmachem VPO Nasrala, Jalandhar Road, Distt-Hoshiarpur",State Lab,"SDTL, Punjab",2220-Z,11/1/2025,10/1/2028,Mar-2026,https://cdsco.gov.in/opencms/opencms/en/Notifications/nsq-drugs/
Levocetirizine Dihydrochloride Tablets I.P,Content of Levocetirizine Dihydrochloride,"Actinova Pvt. Ltd. At 147 Mauza Sansiwala, PO Barotiwala, Tehsil Baddi Dist- Solan 174103 (H.P.)",State Lab,"SDTL, Punjab",ATGI4259,9/1/2024,8/1/2026,Mar-2026,https://cdsco.gov.in/opencms/opencms/en/Notifications/nsq-drugs/
"Amoxycillin, Potassium Clavulanate & Lactic Acid Bacillus Tablets",Assay of Clavulanic Acid.,"Bionial Healthcare Pvt. Ltd., Plot No. D-97, Industrial Area, Phase-7, S.A.S. Nagar, Mohali Panjab (160055)",State Lab,"DTL, Jaipur",BHD250158G,6/1/2025,11/1/2026,Mar-2026,https://cdsco.gov.in/opencms/opencms/en/Notifications/nsq-drugs/
Ondansetron Orally Disintegrating Tablets IP 8mg,"Assay, Disintegration & Dissolution.","Athens Life Sciences, Mauza: Rampur Jattan, Nahan Raod, Kala Amb. Distt.: Sirmour, H.P.-173030",State Lab,"DTL, Jaipur",TG24-0742,4/1/2024,3/1/2026,Mar-2026,https://cdsco.gov.in/opencms/opencms/en/Notifications/nsq-drugs/
"Diclofenac Sodium, Paracetamol and Chlorzoxazone Tablets",Description,"Akums Drugs & Pharmaceuticals Ltd., 19,20,21, Sector-6A, I.I.E., SIDCUL, Ranipur, Haridwar-249403, Uttarakhand.",State Lab,"DTL, Jaipur",ZACF 2505,7/1/2025,6/1/2027,Mar-2026,https://cdsco.gov.in/opencms/opencms/en/Notifications/nsq-drugs/
Telmisartan Tablets IP 40mg,Dissolution,"Super Formulations Pvt. Ltd, 16-B & 15-F, Industrial Area, Maxi Road, Ujjain (MP)-456010",State Lab,"DTL,Chennai",GTM52,2/1/2025,1/1/2027,Mar-2026,https://cdsco.gov.in/opencms/opencms/en/Notifications/nsq-drugs/
Glimepiride Tablets IP 1mg,Dissolution,"Dr.Miltons Laboratories Pvt.. Ltd.R.S.No.135/6, Sanyasikuppam Village, Thirubuvanai (Post), Mannadipet Commune, Puducherry-605107",State Lab,"DTL,Chennai",M25799018,6/1/2025,5/1/2027,Mar-2026,https://cdsco.gov.in/opencms/opencms/en/Notifications/nsq-drugs/
Povidone-Iodine Cleansing Solution USP 7.5% w/v,Content,"Divtatv Wellness Pvt.Ltd, Plot No:55-56, Competent Industrial Park, Faridpur, Bareilly U.P., 243503",State Lab,"DTL,Chennai",DIT24008,9/1/2024,8/1/2026,Mar-2026,https://cdsco.gov.in/opencms/opencms/en/Notifications/nsq-drugs/
Povidone Iodine & Ornidazole Ointment,Content,"Mefro Organic Ltd., Plot No, 4, Phase-1, Indl.Area, Tahliwal, Teh.-Haroli, Distt.UNA (H.P), 174507",State Lab,"DTL,Chennai",MOE-140C,8/1/2025,7/1/2027,Mar-2026,https://cdsco.gov.in/opencms/opencms/en/Notifications/nsq-drugs/
Atenolol & Amlodipine Tablets IP,Content,"Exodrugs, Plot No.19, Industrial Area, Khadeen, Parwanoo, Distt. Solan (HP)-173220",State Lab,"DTL,Madurai",EDT25111,3/1/2025,2/1/2027,Mar-2026,https://cdsco.gov.in/opencms/opencms/en/Notifications/nsq-drugs/
"Acebrophylline, Terbutaline Sulphate & Guaiphenesin Syrup",Content,"Unispeed Pharmaceuticals Pvt. Ltd, 445/2, Behind Wrigley's, Vill. Katha, Baddi, Distt. Solan (HP)-173205",State Lab,"DTL,Madurai",S251069C,1/1/2025,12/1/2026,Mar-2026,https://cdsco.gov.in/opencms/opencms/en/Notifications/nsq-drugs/
Vitamin B-Complex Tablets NFI (Prophylactic),Content,"Super formulations Pvt. Ltd., 16-B & 15-F, Industrial Area, Maxi Road, Ujjain (MP)-456010",State Lab,"DTL,Chennai",GBC239,6/1/2025,11/1/2026,Mar-2026,https://cdsco.gov.in/opencms/opencms/en/Notifications/nsq-drugs/
Gamma Benzene Hexachloride Lotion USP,Content,"Cotec Healthcare Pvt. Ltd, NH.No.74, Roorkee-Dehradun Highway, Kishanpur Roorkee, Uttarakhand 247667",State Lab,"DTL,Chennai",H-378,6/1/2025,5/1/2027,Mar-2026,https://cdsco.gov.in/opencms/opencms/en/Notifications/nsq-drugs/
Clotrimazole Vaginal gel 2% w/w,Content,"CU-V-KAR Genetic Medicines Pvt. Ltd, 14, Pharmacity, Selaqui, Distt. Dehradun, Uttarakhand 248011",State Lab,"DTL,Madurai",501,2/1/2025,7/1/2026,Mar-2026,https://cdsco.gov.in/opencms/opencms/en/Notifications/nsq-drugs/
Telmisartan Tablets IP 40mg,Dissolution,"Marc Lifesciences Sikkim, Khasara No.35, 36, 409, 410, Vill. Julanglay, Block L, Maneydara Namthang, Distt. Namchi, South Sikkim",State Lab,"DTL,Chennai",STS-122,6/1/2025,5/1/2027,Mar-2026,https://cdsco.gov.in/opencms/opencms/en/Notifications/nsq-drugs/
Azithromycin Tablets IP 250 mg,Dissolution,"Heal (India) Laboratories Pvt. Ltd, No.197/1, Periyapalayam Road, Manjankaranai- 601 102, Tamilnadu",State Lab,"DTL,Chennai",HAZT-2501,8/1/2025,7/1/2027,Mar-2026,https://cdsco.gov.in/opencms/opencms/en/Notifications/nsq-drugs/
"Terbutaline Sulphate, Ambroxol Hydrochloride, Guaiphenesin and Menthol Syrup",Content,"Krebz Healthcare Pvt. Ltd. No.2/5, Kanniamman Nagar, 6th Street, Vanagaram, Chennai-600 095",State Lab,"DTL,Madurai",KBS-106A,9/1/2025,8/1/2027,Mar-2026,https://cdsco.gov.in/opencms/opencms/en/Notifications/nsq-drugs/
Triprolidine Hydrochloride & Codeine Phosphate Syrup,Content,"Three B Healthcare Ltd., Opp. Dental College, Rampur Road, Paonta Sahib, Distt. Sirmour (HP) - 173025.",State Lab,"DTL,Madurai",TBHX0972,2/1/2025,1/1/2027,Mar-2026,https://cdsco.gov.in/opencms/opencms/en/Notifications/nsq-drugs/
Betahistine hydrochloride tablets IP 8mg,Content,"Tanmed pharma (I) Pvt. Ltd.,No.1/429, Multi Industrial Nagar, Gerugambakkam, Chennai - 600128.",State Lab,"DTL,Madurai",TZOT-0158,5/1/2025,4/1/2027,Mar-2026,https://cdsco.gov.in/opencms/opencms/en/Notifications/nsq-drugs/
Amlodipine Tablets IP 5mg,Content,"Relif Biotech Pvt. Ltd.,Khasa no.72, Makhyali Dundi, Peerpura Road, Roorkee Bypass, Delhi road, Manglour, Roorkee-247656, Haridwar(U.K)",State Lab,"DTL,Madurai",RT-250791,7/1/2025,6/1/2027,Mar-2026,https://cdsco.gov.in/opencms/opencms/en/Notifications/nsq-drugs/
Oxytetracycline Dihydrate Injection IP (VET) 30ml,BET,"Vivek Pharmaceuticals Pvt. Ltd. , EPIP, Bari Brahmana, Jammu-181133, (J&K), India.",State Lab,"King Institute of Preventive Medicine & Research, Guindy, Chennai-32",OLIJ25012,7/1/2025,6/1/2027,Mar-2026,https://cdsco.gov.in/opencms/opencms/en/Notifications/nsq-drugs/
Permethrin Soap 5% w/w,Content,"Emc, Esdab Medicare Pvt. Ltd., Plot No.D3&D4, Block-A, SIPCOT Industrial Complex, Pallapatti Village, Nilakottai (TK), Dindigul (Dt.), Tamilnadu-624601",State Lab,"DTL,Madurai",1003,9/1/2025,8/1/2027,Mar-2026,https://cdsco.gov.in/opencms/opencms/en/Notifications/nsq-drugs/
Piperacillin & Tazobactam Inj I.P-4.5gm,Assay,"Nitin Lifesciences Ltd, 92-93, Sector 3, H.S.I.I.D.C Industrial Area, Karnal-132001(Haryana)",State Lab,"King Institute of Preventive Medicine & Research, Guindy, Chennai-32",NTB42503,9/1/2025,8/1/2027,Mar-2026,https://cdsco.gov.in/opencms/opencms/en/Notifications/nsq-drugs/
"Boric Acid, Benzoic Acid, Salicylic Acid, Zinc Oxide & Sulphur Ointment",Content,"RSK Pharmacy, 192, HSIIDC, Food Park, Saha, 133104",State Lab,"DTL,Chennai",A33,7/1/2025,6/1/2027,Mar-2026,https://cdsco.gov.in/opencms/opencms/en/Notifications/nsq-drugs/
Hydroxychloroquine Sulphate Tablets IP 200 mg,Dissolution test does not comply as per IP 2022.,"Lifecare Formulations Pvt. Ltd Plot No. B-66, 7th Cross, PIPDIC Industrial Estate, Mettupalayam, Puducherry-605 009 PUDUCHERRY",State Lab,"DCL,Telangana",A042502F,6/1/2025,5/1/2027,Mar-2026,https://cdsco.gov.in/opencms/opencms/en/Notifications/nsq-drugs/
"Amoxycillin, Potassium Clavulanate & Lactic Acid Bacillus Oral Suspension",The Samples does not comply Assay of Clavulanic Acid.,"JMM Formulation Pvt. Ltd Village Khari, Mouza-Ogli, Suketi Road, Kala Amb Tehsil, Nahan, Distt.: Sirmour, HP ? 173 030 HIMACHAL PRADESH",State Lab,"DCL,Telangana",JMD-250326D,3/1/2025,8/1/2026,Mar-2026,https://cdsco.gov.in/opencms/opencms/en/Notifications/nsq-drugs/
Infusion Set- Nonvented,Bacterial Endotoxins,"Apex Medical Devices., Plot No. 10/B, Shyam Ujjawal Ind., Opp. State Bank of India, Phase-1, GIDC, Vatva, Ahmedabad-382445.",State Lab,Gujarat,GIV-053,11/1/2024,10/1/2026,Mar-2026,https://cdsco.gov.in/opencms/opencms/en/Notifications/nsq-drugs/
Absorbent Gauze,"The sample does not conform to B.P. with respect to threads per stated length, weight per unit area, absorbency, water soluble substances, starch and dextrins, fluorescence and sulphated ash.","Pearsons Healthcare Products,5-A, Muraripuram, Behind Amarpali Cinema, Meerut-2",CDSCO Labs,"CDL, Kolkata",705,9/1/2025,8/1/2030,Mar-2026,https://cdsco.gov.in/opencms/opencms/en/Notifications/nsq-drugs/
ABSORBENT COTTON WOOL (IP),Description and Neps parameters,"NH Healthcare 16-E-2, APIIC, Kattedan, Rajendranagar, RR Dist. ? 500077. Telangana",State Lab,"DCL,Telangana",722,9/1/2025,8/1/2028,Mar-2026,https://cdsco.gov.in/opencms/opencms/en/Notifications/nsq-drugs/
Disposable Electrosurgical Control Pencil,The sample does not conform to claim as per Patent and Proprietary in respect to the Test of Length of cable,"Amkay Products Ltd. ,Amkay House, 27, Acchad Industrial Estate, Village Acchad 401606 Tal- Talasari - Palghar, Maharashtra",CDSCO Labs,"RDTL, Chandigarh",CPAP/1124,11/1/2024,10/1/2027,Mar-2026,https://cdsco.gov.in/opencms/opencms/en/Notifications/nsq-drugs/
Anchor White Toothpaste,Microbial Count,"Khasra No. 58-60, 62-65, Village Padarth Haridwar, Uttarakhand-249404",State Lab,"FDAL, Mumbai",B343,3/1/2025,3/1/2028,Mar-2026,https://cdsco.gov.in/opencms/opencms/en/Notifications/nsq-drugs/
Activated Teeth Whitening Powder with Charcoal,Total Microbial Count & Total Yeast and Mould Count,"Dentiglow, Surat-395006",State Lab,"FDL, Vadodara",DC5092,11/1/2024,10/1/2026,Mar-2026,https://cdsco.gov.in/opencms/opencms/en/Notifications/nsq-drugs/
ALPC Wellness Rosemary Water for thick Hair,Total Microbial Count,"ALPC, Surat",State Lab,"FDL, Vadodara",AR5112,11/1/2024,10/1/2026,Mar-2026,https://cdsco.gov.in/opencms/opencms/en/Notifications/nsq-drugs/
Mehandi Cone,The sample does not conform to claim as per IS 17318:2020 in respect to the Test of Total viable count.,"Pushp Henna Pvt. Ltd.,Regd. Office: Nr.nKushal Krishi Farm, Sojat Road Marg, Sojat City - 306104, (Raj.) India",CDSCO Labs,"RDTL, Chandigarh",PMC-1744,12/1/2025,11/1/2026,Mar-2026,https://cdsco.gov.in/opencms/opencms/en/Notifications/nsq-drugs/
Mehandi Cone,The sample does not conform to claim as per IS 17318:2020 in respect to the Test of Total viable count,"Gopal Krishna And Company,Khasra No. 4286/21, Plot No. 12, 13, 28, 29, Bera Lakhetiya, Mela Chowk Road, Near Shree Siray Cinema, Sojat City, Distt. Pali 306104, Rajasthan",CDSCO Labs,"RDTL, Chandigarh",Not mentioned,11/1/2025,4/1/2026,Mar-2026,https://cdsco.gov.in/opencms/opencms/en/Notifications/nsq-drugs/
Mehendi Cone,The sample does not conform to claim as per IS 17318:2020 in respect to the Test of Total viable count.,"Yutika Natural Pvt. Ltd.,Plot No. 1, Khasra No. 678/2, Siriyari Road, Village Vopari, Tehsil Marwar Junction, Dist Pali, Rajasthan-306023",CDSCO Labs,"RDTL, Chandigarh",K06N,11/1/2025,10/1/2026,Mar-2026,https://cdsco.gov.in/opencms/opencms/en/Notifications/nsq-drugs/
Ketoconazole Medicated Soap 75 g,Content,"Vimson Derma, 816/3, Kothari Estate, Santej-382 721 (Gujarat)",State Lab,"DTL,Chennai",9221,10/1/2025,9/1/2027,Mar-2026,https://cdsco.gov.in/opencms/opencms/en/Notifications/nsq-drugs/
Mehandi Fast Cone,The sample does not conform to claim as per IS 17318:2020 in respect to the Test of Total viable count,"Sankhla Mehandi Udhyog,H-115, G-116(A) Industrial Area, 3rd Phase, Sojat City - 306104 (Raj.)",CDSCO Labs,"RDTL, Chandigarh",1225JH,12/1/2025,6/1/2026,Mar-2026,https://cdsco.gov.in/opencms/opencms/en/Notifications/nsq-drugs/
Baidyanath Kamin Vidravan Ras,In respect of Tablet disintegration time,"Yuvnam Pvt. Ltd. Formaly Known as Prannjivani Healthcare Pvt Ltd, plot no 72/8, Karamtoli, gutuwa,Ranchi",State Lab,"DTL, Punjab",KVR001,12/1/2023,11/1/2028,Mar-2026,https://cdsco.gov.in/opencms/opencms/en/Notifications/nsq-drugs/
Metformin Hydrochloride (SR) Tablets IP 1000MG),Description only,"Jpee Drugs, Plot No.53, Sector 6-A, SIDCUL, Haridwar (Uttarkhand)",State Lab,"DTL, Bengaluru, Karnataka",JDT-8355,9/1/2024,8/1/2026,Mar-2026,https://cdsco.gov.in/opencms/opencms/en/Notifications/nsq-drugs/
"Nimesulide, Paracetamol and Chloroxazone Tablets)",Test for Disintegration only,"HSN International, Plot No. 54-55, Sector-6A, Sidcul, Haridwar (Uttarkhand)-249403",State Lab,"DTL, Bengaluru, Karnataka",GST30990,6/1/2023,5/1/2026,Mar-2026,https://cdsco.gov.in/opencms/opencms/en/Notifications/nsq-drugs/
Cefpodoxime Proxetil Dispersible Tablets,Test for Uniformity of Dispersion,"Polestar Power Industrial, (WHO-GMP Certified Company) (Pharma Division) Vill. Damuwala, Haripur Road, Barotiwala, Baddi, Distt. Solan (HP)-174103",State Lab,"DTL, Bengaluru, Karnataka",T250218E,5/1/2025,4/1/2027,Mar-2026,https://cdsco.gov.in/opencms/opencms/en/Notifications/nsq-drugs/
Nimesulide & Paracetamol Tablets,Test for Disintegration,"Leben Laboratories Pvt. Ltd., Plot No.L-4 & L-15 Phase-III, M.I.D.C. Akola-444104, (M.S) India",State Lab,"RDTL, Bellary, Karnataka",T3604,11/1/2024,10/1/2027,Mar-2026,https://cdsco.gov.in/opencms/opencms/en/Notifications/nsq-drugs/
Flupirtine Maleate & Paracetamol Tablets,Assay of Paracetamol only,"Live Well Healthcare Plot No.80A-1, EPIP, Phase-1, Jharmajri Baddi, Distt.Solan-173205 (H.P)",State Lab,"RDTL, Hubli, Karnataka",LGT-250659B,7/1/2025,6/1/2027,Mar-2026,https://cdsco.gov.in/opencms/opencms/en/Notifications/nsq-drugs/
(Telmisartan & Amlodipine Tablets),Assay of Amlodipine and test for Dissolution of Amlodipine & Telmisartan only,"Systole Remedies Pvt. Ltd., (A GMP-GLP Certified Company) Vill. Ogli, Kala Amb, The. Nahan, Dist. Sirmour (H.P)-173030",State Lab,"RDTL, Hubli, Karnataka",TG24K067A,11/1/2024,10/1/2026,Mar-2026,https://cdsco.gov.in/opencms/opencms/en/Notifications/nsq-drugs/
Aceclofenac & Paracetamol Tablets,Assay for Aceclofenac & Paracetamol,"Novazing Pharma Pvt. Ltd., 153 New-2, Industrial Area, Mandideep-462046",State Lab,"RDTL, Bellary, Karnataka",AP25002,5/1/2025,4/1/2027,Mar-2026,https://cdsco.gov.in/opencms/opencms/en/Notifications/nsq-drugs/
(Amlodipine Tablets IP),Assay for Amlodipine,"Micro labs Limited, Mamring, Namthang Road, Namchi-737132, Sikkim",State Lab,"RDTL, Bellary, Karnataka",AMAS0249,2/1/2025,1/1/2028,Mar-2026,https://cdsco.gov.in/opencms/opencms/en/Notifications/nsq-drugs/
Pantoprazole Gastro-Resistant Tablets IP 40 mg,Test for Dissolution,"Wellmed Pharma, Plot No. 9A, Industrial area, Phase(3), Tahliwal, Dist. UNA, H.P-174301",State Lab,"RDTL, Bellary, Karnataka",WT/25/332,7/1/2025,6/1/2027,Mar-2026,https://cdsco.gov.in/opencms/opencms/en/Notifications/nsq-drugs/
(Pantoprazole Gastro-Resistant Tablets IP 40 mg),Description,"Alventa Pharma Limited, Vill: Kishanpura, Baddi-Nalagarh Road,-Tehsil Baddi, Distt Solan (H.P)-174101",State Lab,"RDTL, Bellary, Karnataka",AGT40814,8/1/2024,7/1/2026,Mar-2026,https://cdsco.gov.in/opencms/opencms/en/Notifications/nsq-drugs/
Liquid Paraffin and Milk of Magnesia Suspension,Assay for Milk Magnesia,"Shiva Biogenetic Pharmaceuticals (P) Ltd., Village-Manpura, Baddi, Dist Solan, H.P-174101 India",State Lab,"DTL, Bengaluru, Karnataka",24003AC-SB,12/1/2024,11/1/2026,Mar-2026,https://cdsco.gov.in/opencms/opencms/en/Notifications/nsq-drugs/
"Paracetamol, Levocetirizine Hydrochloride & Phenyleprine Hydrochloride Tablets",Description,"Avalon Medicines Pvt. Ltd., Plot No.1271, Phase I, Sector 38, HSIIDC, RAI, Sonepat-131029 (HR)",State Lab,"DTL, Bengaluru, Karnataka",AMT-0309,4/1/2024,3/1/2026,Mar-2026,https://cdsco.gov.in/opencms/opencms/en/Notifications/nsq-drugs/
"(Ambroxol Hydrochloride, Levosalbutamol Sulphate & Guaiphenesin Syrup)",Description,"Progressive LifeSciences Pvt, Ltd., (An ISO 9001:2015, GMP & GLP Certified Company) Latherdevahoon, P.O. Jhabrera, Roorkee, Distt. Haridwar 247665 (U.K)",State Lab,"DTL, Bengaluru, Karnataka",PL-08/184,8/1/2025,7/1/2027,Mar-2026,https://cdsco.gov.in/opencms/opencms/en/Notifications/nsq-drugs/
"Ambroxol Hydrochloride, Guaiphenesin, Terbutaline Sulphate & Menthol Syrup",Description,"Blazed Pharmaceuticals Pvt. Ltd.,No.3, Balajinagara, Thigalarapalya Main Road, Peenya 2nd Stage, Bengaluru-560058",State Lab,"DTL, Bengaluru, Karnataka",2510057,10/1/2025,9/1/2027,Mar-2026,https://cdsco.gov.in/opencms/opencms/en/Notifications/nsq-drugs/
Amoxycillin & Potassium Clavulanate Tablets IP,Description,"JMM Formulation Pvt. Ltd., Village: Khari, Mouza-Ogli, Suketi Road, Kala amb Tehsil: Nahan, DSistt.: Sirmour, (H.P) 173030 India",State Lab,"DTL, Bengaluru, Karnataka",JMT-251014C,10/1/2025,3/1/2027,Mar-2026,https://cdsco.gov.in/opencms/opencms/en/Notifications/nsq-drugs/
"Cefixime, Ofloxacin & (Lactic Acid Bacillus) Tablets",Test for Uniformity of Weight,"Mayoford Pharma, Near Railway Crossing, Chambaghat Solan, Distt. Solan (H.P) 173213",State Lab,"DTL, Bengaluru, Karnataka",MBT-24239,12/1/2024,11/1/2026,Mar-2026,https://cdsco.gov.in/opencms/opencms/en/Notifications/nsq-drugs/
"(Paracetamol, Chlorpheniramine Maleate & Phenylephrine Hydrochloride Tablets)",Description,"J.M. Laboratories., Village-Bhanat, P.O.-Ghatti, Subathu Road, Solan, (H.P)-173211",State Lab,"DTL, Bengaluru, Karnataka",GT27292C,8/1/2025,7/1/2027,Mar-2026,https://cdsco.gov.in/opencms/opencms/en/Notifications/nsq-drugs/
(Fexofenadine Hydrochloride & Montelukast Sodium Tablets),Assay for Montelukast only,"Devbhoomi Pharmaceuticals, Khasra No.27, Mandwar, Bhagawanpur Roorkee, Distt. Haridwar (U.K)",State Lab,"RDTL, Bellary, Karnataka",GB25051,8/1/2025,1/1/2028,Mar-2026,https://cdsco.gov.in/opencms/opencms/en/Notifications/nsq-drugs/
Progesterone Soft Gelatin Capsules 200mg,Description,"Olive Healthcare, 197/2, Athiyawad, Dabhel Village, Nani Daman (U.T) Daman-396210 India",State Lab,"RDTL, Bellary, Karnataka",P24K007,11/1/2024,10/1/2026,Mar-2026,https://cdsco.gov.in/opencms/opencms/en/Notifications/nsq-drugs/
"Methylcobalamin, Pyridoxine HCL & Folic Acid Tablets",Description & Assay for Pyridoxine Hydrochloride,"Manish Pharma Lab., 5, G.I.D.C., Viramgam-382150 (Gujarat)",State Lab,"RDTL, Bellary, Karnataka",J-505,9/1/2025,2/1/2027,Mar-2026,https://cdsco.gov.in/opencms/opencms/en/Notifications/nsq-drugs/
Aspirin Gastro-Resistant Tablets IP 150 mg,Test for Dissolution,"Bajaj Healthcare Ltd., R.S. No.1818, Manjusar-Savli Road, At & Post: Manjusar, Tal. Savli, Dist. Vadodara, Gujarat, India",State Lab,"RDTL, Bellary, Karnataka",ASB07J24,10/1/2024,9/1/2026,Mar-2026,https://cdsco.gov.in/opencms/opencms/en/Notifications/nsq-drugs/
"Aceclofenac, Paracetamol & Chlorzoxazone Tablets",Description,"Star Filteration Systems, Rampur Jattan, Trilokpur Road, Kala-Amb, Tehsil Nahan, District Sirmaur-173030 HP",State Lab,"RDTL, Bellary, Karnataka",ST243397,3/1/2025,2/1/2027,Mar-2026,https://cdsco.gov.in/opencms/opencms/en/Notifications/nsq-drugs/
"Ambroxol Hydrochloride, Guaiphenesin & Terbutaline Sulphate Syrup",Description,"Rivpra Formulation Pvt. Ltd., Plot No.8, Sector-6A, I.I.E, SIDCUL Haridwar-249403 (U.K)",State Lab,"DTL, Bengaluru, Karnataka",L-2508006,8/1/2025,7/1/2027,Mar-2026,https://cdsco.gov.in/opencms/opencms/en/Notifications/nsq-drugs/
"Aceclofenac, Paracetamol & Chlorzoxazone Tablets",Description,"Magnus Biotech Pvt. Ltd., Mugal Mazra Road, Vill Kunjpura, P.O Bada Gaon, Dist. Karnal-132023 (HR)",State Lab,"DTL, Bengaluru, Karnataka",DT-306A,9/1/2025,8/1/2027,Mar-2026,https://cdsco.gov.in/opencms/opencms/en/Notifications/nsq-drugs/
Amoxycillin & Potassium Clavulanate & Lactic Acid Bacillus Tablets,Description & Assay for Clavulanic Acid,"Mayer Lab, Chambaghat, Adjacent to Railway Crossing District, Solan (H.P) 173213",State Lab,"DTL, Bengaluru, Karnataka",MYRTAB-799,12/1/2024,5/1/2026,Mar-2026,https://cdsco.gov.in/opencms/opencms/en/Notifications/nsq-drugs/
Spoorthi Gramflour Soap,Test for Matter Insoluble in Alcohol only,"Spoorthi Herbals No.:299, SH1 Kalakupi, Airport Road, Belagavi, Karnataka-591121",State Lab,"RDTL, Hubli, Karnataka",2,10/1/2024,9/1/2027,Mar-2026,https://cdsco.gov.in/opencms/opencms/en/Notifications/nsq-drugs/
Aceclofenac & Paracetamol Tablets IP,Test for Uniformity of weight,"Danish Health Care (P) Ltd., 76/27-28, Industrial Estate, Maxi Road, Ujjain-456010 India",State Lab,"RDTL, Bellary, Karnataka",HPP25002,7/1/2025,6/1/2027,Mar-2026,https://cdsco.gov.in/opencms/opencms/en/Notifications/nsq-drugs/
Ibuprofen and Paracetamol Suspension,Assay for Ibuprofen and Paracetamol,"Shape Pharma Pvt. Ltd., Pl.No.4, Surendranagar-Rajkot Highway Road, Shekhpar-363510 Gujarat, India",State Lab,"RDTL, Bellary, Karnataka",SP25623,4/1/2025,3/1/2027,Mar-2026,https://cdsco.gov.in/opencms/opencms/en/Notifications/nsq-drugs/
"L-Methyl Folate, Pyridoxal-5 Phosphate & Methylcobalamin Tablets",Test for Uniformity of Weight,"Helax Health Care Private Limited, Khasra No.410, Vill Karondi, Roorkee-247667 Dist. Haridwar (U.K)",State Lab,"RDTL, Hubli, Karnataka",HT-24011133,11/1/2024,10/1/2026,Mar-2026,https://cdsco.gov.in/opencms/opencms/en/Notifications/nsq-drugs/
Iron & Folic Acid Syrup IP,Description,"Biogenetic Drugs Pvt. Ltd.,Vill. Jharmazri, Baddi-174103, Dist. Solan, H.P.,",State Lab,"RDTL, Bellary, Karnataka",740525-BKN20,5/1/2025,4/1/2027,Mar-2026,https://cdsco.gov.in/opencms/opencms/en/Notifications/nsq-drugs/
Phenylephrine Hydrochloride & Chlorpheniramine Maleate Syrup IP,Test for pH,"Seejar Pharmaceuticals, Plot No.5, Survey No. 198, Paiki-1/Paiki-2/Paiki-1, B/H CCL Factory, NR. Gokuldham Godown, Budasan, Ta. Kadi Dist. Mehsana",State Lab,"DTL, Bengaluru, Karnataka",SP25267,3/1/2025,2/1/2027,Mar-2026,https://cdsco.gov.in/opencms/opencms/en/Notifications/nsq-drugs/
Amitriptyline Tablets IP 25mg,Description,"Vertex Pharma Chemicals, Plot No.60-A & 61-A, PIPDIC Electronic Park, Thirubhuvanai, Puducherry",State Lab,"DTL, Bengaluru, Karnataka",VSPT2545,9/1/2025,8/1/2027,Mar-2026,https://cdsco.gov.in/opencms/opencms/en/Notifications/nsq-drugs/
"Pregabalin, L-Methyl folate Calcium, Pyridoxal 5 Phosphate, Alpha lipoic acid & Methylcobalamin Tablets",Test for Disintegration,"Matins Healthcare Pvt. Ltd., (A WHO-GMP Certified Company) Plot No.10, Sector-5, I.I.E Sidcul Haridwar-249403 (UK)",State Lab,"DTL, Bengaluru, Karnataka",MT-250016,1/1/2025,12/1/2026,Mar-2026,https://cdsco.gov.in/opencms/opencms/en/Notifications/nsq-drugs/
Pioglitazone Hydrochloride Tablets IP,Test for Dissolution,"J.M. Laboratories., Village-Bhanat, P.O-Ghatti, Subathu Road, Solan (H.P)-173211",State Lab,"DTL, Bengaluru, Karnataka",GT27476A,8/1/2025,7/1/2027,Mar-2026,https://cdsco.gov.in/opencms/opencms/en/Notifications/nsq-drugs/
Levosalbutamol Sulphate Ambroxol Hydrochloride and Guaiphenesin Expectorant,Description,"Macleods Pharmaceuticals Ltd., Khasra No. 21, 22, 66, 67 & 68, Aho-Yangtam Namchepung, PO: Ranipool Sikkim-737135",State Lab,"DTL, Bengaluru, Karnataka",18251296A,3/1/2025,2/1/2027,Mar-2026,https://cdsco.gov.in/opencms/opencms/en/Notifications/nsq-drugs/
Enrofloxacin Injection IP 10% (Vet),Test for Paracetamol matter,"Vivek Pharmaceuticals Pvt. Ltd, EPIP, Bari- Brahmana, Jammu-181133 (J&K)",State Lab,"DTL, Bengaluru, Karnataka",ENIJ25008,10/1/2025,9/1/2027,Mar-2026,https://cdsco.gov.in/opencms/opencms/en/Notifications/nsq-drugs/
Hydroxyzine Hydrochloride Sustained Release Tablets,Description,"Galcare Pharmaceuticals Pvt. Ltd., Plot No. 217 & 218, Manglam Industrial Park, Manoharpur and Kalyanpura, Delhi Road, Jaipur, Rajasthan",State Lab,"DTL, Bengaluru, Karnataka",GT0825146,8/1/2025,7/1/2027,Mar-2026,https://cdsco.gov.in/opencms/opencms/en/Notifications/nsq-drugs/
"Ambroxol Hydrochloride, Terbutaline Sulphate, Guaiphenesin & Menthol Syrup","Assay for Ambroxol Hydrochloride, Guaiphenesin and Terbutaline Sulphate","Seejar Pharmaceuticals, Plot No.5, Survey No.198, Paiki-1/Paiki-2/Paiki-1, B/H CCL Factory, NR. Gokuldham Godown, Budasan, TA. Kadi Dist. Mehsana",State Lab,"DTL, Bengaluru, Karnataka",SP25812,8/1/2025,7/1/2027,Mar-2026,https://cdsco.gov.in/opencms/opencms/en/Notifications/nsq-drugs/
Etoposide Injection IP 100MG/5 ML,The sample fails the test 'Sterility' as per IP,"GLS Pharma Limited, Plot No.10, Phase I, IDA, Jeedimetla, Hyderabad 500055, Telengana State",State Lab,DTL Thiruvananthapuram,BJ1025006A,7/1/2025,6/1/2027,Mar-2026,https://cdsco.gov.in/opencms/opencms/en/Notifications/nsq-drugs/
Cefixime Oral Suspension 100 mg/5ml Dry Syrup 30 ml,"The Sample fails the test 'Description, water and Assay as per IP","Nestor Pharmaceuticals Limited, 11, Western Extension Area, Faridabad -121 001",State Lab,DTL Thiruvananthapuram,CADB-07,9/1/2024,8/1/2026,Mar-2026,https://cdsco.gov.in/opencms/opencms/en/Notifications/nsq-drugs/
Risperidone Tablets IP 4mg,The sample fails the test 'Dissolution' as per IP,"Himalaya Meditek Pvt Ltd., Plot No.35&36, Pharmacity, Selaqui Industrial Area, Dehradun - 248197",State Lab,DTL Thiruvananthapuram,HTN172G,7/1/2025,6/1/2027,Mar-2026,https://cdsco.gov.in/opencms/opencms/en/Notifications/nsq-drugs/
Telmisartan Tablets IP 40mg,The sample fails the test 'Dissolution' as per IP,"Swiss Garnier Life Sciences, No.21-23, Industrial Area, Mehatpur, Distt. UNA, Himachal Pradesh -174315",State Lab,DTL Thrissur,493TTF019,8/1/2025,7/1/2027,Mar-2026,https://cdsco.gov.in/opencms/opencms/en/Notifications/nsq-drugs/
Amisulpride Tablets IP 50 mg,Dissolution test,"MBC Industries, (WHO-GMP Pharma Manufacturing Unit), Vill: Johron, Trilokpur Road, Kala Amb, Dist.: Sirmour (H.P.)-173030",State Lab,"SDT&RL, Bhubaneswar",T-2406091,6/1/2024,5/1/2026,Mar-2026,https://cdsco.gov.in/opencms/opencms/en/Notifications/nsq-drugs/
Paracetamol Tablets IP 650 mg,Dissolution test,"Eastern Healthcare, Plot No. 7, Sector-6A, IIE, SIIDCUL, Haridwar-249403 (Uttarakhand)",State Lab,"SDT&RL, Bhubaneswar",DRT23139,11/1/2023,10/1/2026,Mar-2026,https://cdsco.gov.in/opencms/opencms/en/Notifications/nsq-drugs/
Absorbent Cotton wool IP,"Sample fails the test 'Descriptive Part, Surface Active substances, Absorbency, Ether soluble substances, Water soluble substances, Neps, Sulphated Ash and Loss on Drying' as per IP","Nuvo Medsurg Pvt. Ltd, 104. sector-16, HSIIDC, Bahaduragarh, Haryana, 124507 , India",State Lab,DTL Thiruvananthapuram,L2401173,12/1/2024,11/1/2029,Mar-2026,https://cdsco.gov.in/opencms/opencms/en/Notifications/nsq-drugs/
Nuvo Absorbent Cotton Wool IP,"Sample fails the test 'Descriptive Part, Surface Active substances, Absorbency, Ether soluble substances, Water soluble substances, Neps, Sulphated Ash and Loss on Drying' as per IP","Nuvo Medsurg Pvt. Ltd, 104. sector-16, HSIIDC, Bahaduragarh, Haryana, 124507 , India",State Lab,DTL Thiruvananthapuram,C2501158,3/1/2025,2/1/2030,Mar-2026,https://cdsco.gov.in/opencms/opencms/en/Notifications/nsq-drugs/
SURGICAL SPIRIT I.P,Test for Weight per ml,"Pharmacare,No.76, Khata No.1253/76, KachohallI Village,Dasanapura Hobli, Bengaluru-562162",State Lab,"DTL, Bengaluru, Karnataka",250704,7/1/2025,6/1/2027,Mar-2026,https://cdsco.gov.in/opencms/opencms/en/Notifications/nsq-drugs/
Rice water and NIACINAMIDE hybrid sunscreen,Test for Total Fatty Substance Content,"Sprivil Healthcare Pvt. Ltd. L-1/4, Addl MIDC, Satara 415004",State Lab,"DTL, Bengaluru, Karnataka",GF25,3/1/2025,2/1/2027,Mar-2026,https://cdsco.gov.in/opencms/opencms/en/Notifications/nsq-drugs/
Ketoconazole Soap 2% w/w),Assay ketoconazole,"Astonea Labs Pvt. Ltd., Vill. Haripur, Teh. Raipur Rani, Distt. Panchkula, Haryana, India-134204",State Lab,"RDTL, Bellary, Karnataka",ADE25561,5/1/2025,4/1/2027,Mar-2026,https://cdsco.gov.in/opencms/opencms/en/Notifications/nsq-drugs/
Paracetamol Tablets IP 650mg,The sample received does not conform to I.P. 2022 with respect to the test for Dissolution,"Ipca Laboratories Ltd.,C-6, Sara Ind. Estate , Chakrata Road, Rampur, Dehradun 248197",CDSCO Labs,"CDTL, Mumbai",GMW0825055AK,10/1/2025,9/1/2028,Mar-2026,https://cdsco.gov.in/opencms/opencms/en/Notifications/nsq-drugs/
"Choline Salicylate, Lignocaine HCL, Benzalkonium Chloride GEL",The sample doe not conform to the Manufacturer's specification with respect to the Assay of Choline Salicylate.,"Axelus Pharma Private Limited,Plot No. 3401/A, G.I.D.C., Panoli, Dist.-Bharuch",CDSCO Labs,"CDTL, Mumbai",AXO-267,10/1/2025,9/1/2027,Mar-2026,https://cdsco.gov.in/opencms/opencms/en/Notifications/nsq-drugs/
Vitamin E Capsules USP 400mg,The sample received does not conform to USP specification with respect to the test for Disintegration only,"Renown Pharmaceuticals Pvt. Ltd.,Survey No. 143/A & B, Village: Ranu, Taluka: Padra, Dist- Vadodara-391445, (Gujarat), India",CDSCO Labs,"CDTL, Hyderabad",113VR2511,6/1/2025,5/1/2027,Mar-2026,https://cdsco.gov.in/opencms/opencms/en/Notifications/nsq-drugs/
Ondansetron Orally Disintegrating Tablets IP 4 mg,The sample does not conform to I.P.w.r.t. the tests for Assay,"Apple Formulations Pvt. Ltd. Plot No. 208, Kishanpur, Roorkee, UK-247667",State Lab,"SDTL, Assam",OSD-2501,11/1/2025,10/1/2027,Mar-2026,https://cdsco.gov.in/opencms/opencms/en/Notifications/nsq-drugs/
CALCID,Description,"Actinova Pvt. Ltd. At 147 Mauza Sansiwala, PO Barotiwala, Tehsil Baddi Dist- Solan 174103 (H.P.)",State Lab,Chhattisgarh,ALGE4061,5/1/2024,4/1/2026,Mar-2026,https://cdsco.gov.in/opencms/opencms/en/Notifications/nsq-drugs/
Luliconazole Cream 1 % Lulizu,Misbrandad,"Natinal Laboratories (Unit-II) Village & P.S. Manpura Baddi Nalagarh Road, Distt Solan (H.P.)",State Lab,Chhattisgarh,TCE108B,5/1/2024,4/1/2026,Mar-2026,https://cdsco.gov.in/opencms/opencms/en/Notifications/nsq-drugs/
"Dextromethorphan hydrobromide, phenylephrine hydrochloride & Chlorpheniramine Maleate Syrup",Microbial Contamination (Total Aerobic Viable Count),"KNM Pharma Pvt. Ltd., 13, Mahagujarat Industrial Estate, opp. Nova Petrochemicals Limnited., Moraiya, Ta.: Sanand, Dist.: Ahmedabad, Gujarat",State Lab,"FDL, Vadodara",L 24371,11/1/2024,10/1/2026,Mar-2026,https://cdsco.gov.in/opencms/opencms/en/Notifications/nsq-drugs/
Nifedipine Sustained Released Tablet IP,Dissolution,"Nabros Pharma Pvt. Ltd., NH No. 8, Kheda-387411",State Lab,"FDL, Vadodara",NR019,11/1/2024,10/1/2026,Mar-2026,https://cdsco.gov.in/opencms/opencms/en/Notifications/nsq-drugs/
Amoxycillin and Potassium Clavilanate Oral Suspension IP,Assay of Amoxycillin and Pottassium Clavuanate,"Titanes Pharma, Vill Bathu, Tehsil Haroli, Distt Una HP 174509",State Lab,"DTL, Baddi",TDS532,9/1/2025,8/1/2027,Mar-2026,https://cdsco.gov.in/opencms/opencms/en/Notifications/nsq-drugs/
Paracetamol Tablets IP 500mg,Dissolution of Paracetamol.,"York's Pharma 21st Mile Stone, FGC Road, Amritsar PB",State Lab,"DTL, Baddi",279-YPM,10/1/2024,9/1/2026,Mar-2026,https://cdsco.gov.in/opencms/opencms/en/Notifications/nsq-drugs/
Amoxycillin and Potassium Clavulanate Tablets IP,Dissolution of Amoxycillin performed.,"Sun Pharmaceuticals Ind. Ltd., Acme Plaza, Andheri ? Kurla Road, Andheri (E) , Mumbai ? 400059. At: Plot no. 16, Vardhman Industrial Estate, Vill. Bahadurpur Saini, NH-58, Haridwar (Uttarakhand) ? 247667.",State Lab,"SDTL, Tripura",BYC0037,7/1/2025,12/1/2026,Mar-2026,https://cdsco.gov.in/opencms/opencms/en/Notifications/nsq-drugs/
Ondansetron Hydrochloride Oral Solution IP,pH and Assay,"Modern Laboratories, 45-47, Sector D-2, Industrial Area, Sanwer Road, Indore (M.P.)",State Lab,"SDTL, Tripura",ODS3602,1/1/2026,12/1/2027,Mar-2026,https://cdsco.gov.in/opencms/opencms/en/Notifications/nsq-drugs/
SODIUM BICARBONATE TABLETS IP 1000mg,Misbranded-Incorrect Labelling,"Stanford Laboratories Pvt. Ltd., 8, Industrial area, Mehatpur, Distt. Una, (H.P.) 174315, India",State Lab,"DTL, Puducherry",D2240982,10/1/2024,9/1/2027,Mar-2026,https://cdsco.gov.in/opencms/opencms/en/Notifications/nsq-drugs/
PIRACETAM SYRUP,Misbranded-Incorrect Labelling,"ZRS Pharmaceuticals India Pvt. Ltd., Khasra No. 481, 490/3, 562/489/1, Opposite sector-6, Tehsil Kasauli, Parwanoo, Solan, H.P. 173220",State Lab,"DTL, Puducherry",ZRSL1085,11/1/2024,10/1/2026,Mar-2026,https://cdsco.gov.in/opencms/opencms/en/Notifications/nsq-drugs/
"AMBROXOL HCl, TERBUTALINE SULPHATE , GUAIPHENESIN & MENTHOL SYRUP",Failed pH & Weight/ml and Misbranded-Incorrect Labelling,"Seagull Laboratories India Pvt. Ltd., 29, Mehatpur Industrial Area, Mehatpur, Distt. Una-174315 (H.P)",State Lab,"DTL, Puducherry",BLA-101,2/1/2025,1/1/2027,Mar-2026,https://cdsco.gov.in/opencms/opencms/en/Notifications/nsq-drugs/
Albendazole Tablets IP 400,TEST FOR DISSOLUTION,"Haustus Biotech Pvt. Ltd., Plot No. 44-45, Indl. Area, Tahliwal, Distt. Una, (H.P)",State Lab,Government of NCT of Delhi,UTI048A,9/1/2025,8/1/2027,Mar-2026,https://cdsco.gov.in/opencms/opencms/en/Notifications/nsq-drugs/
Cloxase-SP,"The sample does not confirm to IP2022 requirement withespect to,""UNIFOR+Q130:Q131MITY OF WEIGHTS""","Systole Remedies Pvt.Ltd ( A GMP-GLP Certified Company) Vill Ogli,Kala Amb The Nahan Distt Sirmour(HP).17303.",State Lab,"DTL,Dalgate Srinagar Kashmir, J&K",TG25115E,7/1/2025,6/1/2027,Mar-2026,https://cdsco.gov.in/opencms/opencms/en/Notifications/nsq-drugs/
DICAL-500,Thesample does not conform to I.P w.r.t the test for Dissolution Test,"Jackson Laboratories Pvt.Ltd 22-24,Majitha Road,Byepass,Amritsar-143001",State Lab,"DTL,Dalgate Srinagar Kashmir, J&K",T-4349,2/1/2025,1/1/2027,Mar-2026,https://cdsco.gov.in/opencms/opencms/en/Notifications/nsq-drugs/
PAN RFT Suspension,The sample fails in the test for Description.,"Alkem Laboratories LTD .At :16-17,EPIP SIDCO,Kartholi Bari Brahmana ,Jammu 181133.",State Lab,"DTL,Dalgate Srinagar Kashmir, J&K",25700019,4/1/2025,3/1/2027,Mar-2026,https://cdsco.gov.in/opencms/opencms/en/Notifications/nsq-drugs/
Diclofenac Sodium Injection I.P. 75 mg/2ml.,The sample does not conform to I.P. with respect to the tests of Identification and Assay of Diclofenac Sodium.,"Venus Bio Sciences Pvt. Ltd.,116, EPIP-1, Jharmajri, Dist-Solan, Himachal Pradesh, Pin-173205",CDSCO Labs,"CDL, Kolkata",VB/LEF0789,7/1/2025,6/1/2027,Mar-2026,https://cdsco.gov.in/opencms/opencms/en/Notifications/nsq-drugs/
Rabeprazole Sodium (Enteric-coated) and Domperidone (Sustained-release) Capsules,The sample does not conform to Manufacturer's Specification with respect to the test of Dissolution of Rabeprazole Sodium in buffer stage.,"Prosperity Drugs Pvt. Ltd.,Village -Belikhol, Baddi-Nalagarh Road, Dist. Solan-174101 (HP)",CDSCO Labs,"CDL, Kolkata",ARDC25051,8/1/2025,7/1/2027,Mar-2026,https://cdsco.gov.in/opencms/opencms/en/Notifications/nsq-drugs/
Lactulose Solution IP 10 gm/15ml,The sample does not conform to IP with respect to test for Microbial contamination and Assay/content of Lactulose,"Unicure India Ltd.,C-21, 22 & 23, Sector-3, Noida - 201 301, Distt. : Gautam Budh Nagar (U.P.).",CDSCO Labs,"CDL, Kolkata",LLS1337,8/1/2025,7/1/2027,Mar-2026,https://cdsco.gov.in/opencms/opencms/en/Notifications/nsq-drugs/
Buprenorphine Injection IP 0.3ml,The sample does not conform to I.P. with respect to the Test of pH,"Farbe Firma Pvt. Ltd.,Plot No.: 1508, GIDC, Ankleshwar Gujarat 393002 - INDIA",CDSCO Labs,"CDL, Kolkata",AMB25003,8/1/2025,7/1/2027,Mar-2026,https://cdsco.gov.in/opencms/opencms/en/Notifications/nsq-drugs/
Enteric Coated Rabeprazole Sodium & Domperidone Sustained release Capsules,The sample does not conform to Manufacturer's Specification with respect to the test of Dissolution of Rabeprazole Sodium in buffer stage.,"Spanker Biotech Ltd.,Vill. Makhanu Majra, Bhud Road, Baddi, Tehsil Nalagarh, Distt. Solan - 173205 (H.P.)",CDSCO Labs,"CDL, Kolkata",SPK-1412,5/1/2025,4/1/2027,Mar-2026,https://cdsco.gov.in/opencms/opencms/en/Notifications/nsq-drugs/
Tacrolimus Capsule I.P. 2 mg,The sample does not conform to I.P. with respect to the tests of Dissolution and Assay of Tacrolimus,"Spen Formulations Pvt. Ltd.,Plot No-123, Industrial Area, Mehatpur, Distt. UNA- 174315 (H.P.)",CDSCO Labs,"CDL, Kolkata",CSF-D0134,7/1/2025,6/1/2027,Mar-2026,https://cdsco.gov.in/opencms/opencms/en/Notifications/nsq-drugs/
Pre & Probiotic Capsules,"The sample does not conform to claim with respect to the identification of Clostridium butyricum and Assay of Clostridium butyricum,","CMG Biotech Pvt.Ltd.,(UNIT-II) Plot No.58, Phase III, Industrial Area, Sansarpur Terrace, Tehsil Jaswan, Distt. Kangra, Himachal Pradesh - 176501",CDSCO Labs,"CDL, Kolkata",CC25260109A,8/1/2025,1/1/2027,Mar-2026,https://cdsco.gov.in/opencms/opencms/en/Notifications/nsq-drugs/
Divalproex Sodium Extended-release Tablets IP,The sample does not conform to IP and Manufacturer's specification for the reason stated under Description.,"Talent Healthcare,66-67, Sector-6A, SIDCUL, IIE Haridwar-249403(Uttarakhand)",CDSCO Labs,"CDL, Kolkata",N2407173,7/1/2024,6/1/2026,Mar-2026,https://cdsco.gov.in/opencms/opencms/en/Notifications/nsq-drugs/
Amikacin Sulphate Injection I.P.,The sample does not conform to I.P. with respect to test for Particulate matter and Description.,"Oscar Remedies Pvt. Ltd.,,Oscar House, Badi Majra, Yamuna Nagar-135001 (HR)",CDSCO Labs,"CDL, Kolkata",V251007C,10/1/2025,9/1/2027,Mar-2026,https://cdsco.gov.in/opencms/opencms/en/Notifications/nsq-drugs/
Dicloxacillin Capsules IP 500 mg,"The sample does not conform to I.P with respect to the tests of water, Dissolution and Assay of Dicloxacillin.","Jackson Laboratories Pvt.Ltd,22-24, Majitha Road, Bye Pass, Amritsar-143 001(India)",CDSCO Labs,"CDL, Kolkata",C-3140,10/1/2024,9/1/2026,Mar-2026,https://cdsco.gov.in/opencms/opencms/en/Notifications/nsq-drugs/
Ciprofloxacin Tablets I.P. 500 mg,The sample does not conform to I.P. with respect to Description.,"Omega Pharma. ,Khasra No.482, Village Saliyar, Roorkee-247667, Distt. Haridwar. (Uttarakhand",CDSCO Labs,"CDL, Kolkata",GT31156,3/1/2024,2/1/2026,Mar-2026,https://cdsco.gov.in/opencms/opencms/en/Notifications/nsq-drugs/
Ranitidine Hydrochloride Tablets IP 150 mg,The sample does not conform to I.P. with respect to Description,"Prochem Pharmaceuticals Pvt. Ltd.,140-141, Makkanpur, Bhagwanpur, Roorkee, Dist. Haridwar (U.K.) 247661",CDSCO Labs,"CDL, Kolkata",TMG-240616,3/1/2024,2/1/2026,Mar-2026,https://cdsco.gov.in/opencms/opencms/en/Notifications/nsq-drugs/
"Paracetamol, Chlorpheniramine Maleate & Phenylephrine Hydrochloride Syrup",Assay of Phenylephrine Hydrochloride.,"Arbro Pharmaceuticals Pvt. Ltd.,6/14, Kirti Nagar Industrial Area, New Delhi - 110015.",CDSCO Labs,"CDL, Kolkata",AS 24082,1/1/2025,12/1/2026,Mar-2026,https://cdsco.gov.in/opencms/opencms/en/Notifications/nsq-drugs/
Pantoprazole IP 40 mg Tablets,The sample does not conform to IP with respect to test for Dissolution (Buffer Stage),"Durgaji Healthcare Pvt.Ltd. Plot No-28, Khasra No-80K, 80KH, Raipuri Sekhari Industrial Area, Raipur, Bhagwanpur, Dist-Haridwar, Uttra Khand",CDSCO Labs,"CDL, Kolkata",DHPLT/040525,5/1/2025,4/1/2027,Mar-2026,https://cdsco.gov.in/opencms/opencms/en/Notifications/nsq-drugs/
"Salbutamol Sulphate, I.P (Equivalent to salbutamol) -2mg Bromhexine Hydrochloride, IP-4mg Guaiphenesin, IP-100mg Menthol, IP-1mg",The sample does not conform to manufacturers specification with respect to the Assay of Bromhexine Hydrochloride.,"Panacea Laboratories,Md. K.C. Road, Ghola, Kolkata-700111, West Bengal, India",CDSCO Labs,"CDL, Kolkata",PL-182,9/1/2025,8/1/2027,Mar-2026,https://cdsco.gov.in/opencms/opencms/en/Notifications/nsq-drugs/
Mesalamine Prolonged release Tablets IP 1200 MG,The sample does not conform to IP 2022 and Manufacturers Specification with respect to the test of Dissolution.,"Solitaire Pharmacia Pvt. Ltd,Plot no. 25, HPSIDC-Industrial Area, Extension-1, Baddi- 173205 (H.P.)",CDSCO Labs,"CDL, Kolkata",G/30471,11/1/2023,4/1/2026,Mar-2026,https://cdsco.gov.in/opencms/opencms/en/Notifications/nsq-drugs/
Allopurinol Tablets I.P. 100 MG,The sample does not conform to I.P with respect to Assay of Allopurinol.,"Zee Laboratories Ltd.,Behind 47, Industrial Area, Paonta Sahib-173025",CDSCO Labs,"CDL, Kolkata",425-1324,6/1/2025,5/1/2027,Mar-2026,https://cdsco.gov.in/opencms/opencms/en/Notifications/nsq-drugs/
Tacrolimus Capsule I.P. 0.5 mg,The sample does not conform to I.P. with respect to the tests of Dissolution and Assay of Tacrolimus,"Spen Formulations Pvt. Ltd.,Plot No.123, Industrial Area, Mehatpur, Distt. UNA- 174315 (H.P.)",CDSCO Labs,"CDL, Kolkata",CSF-D0023,2/1/2025,1/1/2027,Mar-2026,https://cdsco.gov.in/opencms/opencms/en/Notifications/nsq-drugs/
"Ferrous Ascorbate, Folic Acid & Zinc Soft Gelatin Capsules",Assay and Identification of Folic Acid and Ferrous 2.Uniformity of weight and Disintegration,"Capsoft healthcare Pvt Ltd Shed no-6, khasra no. 760-761, khalsa complex, village karuna, sai road, baddi, solan-173205 (HP) HIMACHAL PRADESH",State Lab,"DCL,Telangana",CD-250808B,4/1/2025,3/1/2027,Mar-2026,https://cdsco.gov.in/opencms/opencms/en/Notifications/nsq-drugs/
IRON & FOLIC ACID SYRUP IP/IRON & FOLIC ACID SYRUP IP 60 ML,"Assay of Iron, Folic Acid and pH","Revat Laboratories Pvt. Ltd. 12-321, Opp. I.D.A, Kurnool Road, Pemamitia, Ongole-523002 Andhra Pradesh",State Lab,"DCL,Telangana",RIFS-221,1/1/2025,6/1/2026,Mar-2026,https://cdsco.gov.in/opencms/opencms/en/Notifications/nsq-drugs/
Paradol 650 (Paracetamol Tablets IP 650 mg),Description and Dissolution,"S.DHOLE & Co. IDCO Plot No. 30, Industrial Estate, Angaragadia, Balasore ? 756001, Odisha.",State Lab,"SDTL, Tripura",725001,6/1/2025,5/1/2027,Mar-2026,https://cdsco.gov.in/opencms/opencms/en/Notifications/nsq-drugs/
"Levosalbutamol,Ambroxol Hydrochloride & Guaiphenesin Syrup",Assay for Ambroxol Hydrochloride,"Mediguard Remedies R.S NO.106/1,Perambai Village, Vanur TK,Villupuram Dt - 605 110 Tamilnadu, India.",State Lab,"DTL, Puducherry",MGR-011,4/1/2025,3/1/2027,Mar-2026,https://cdsco.gov.in/opencms/opencms/en/Notifications/nsq-drugs/
Rabeprazole Sodium Injection IP,The sample does not conform to I.P with respect to test for pH.,"Martin And Brown Bio-Sciences Pvt. Ltd.,K.NO. 918/419, Malkumajra, Nalagarh Road, Baddi, Dist.Solan (H.P.)-173205",CDSCO Labs,"CDL, Kolkata",MD25B16,2/1/2025,1/1/2027,Mar-2026,https://cdsco.gov.in/opencms/opencms/en/Notifications/nsq-drugs/
Lactulose Solution IP 10 gm/15ml,The sample does not conform to IP with respect to test for Microbial contamination and Assay/content of Lactulose,"Unicure India Ltd.,C-21, 22 & 23, Sector-3, Noida - 201 301, Distt. : Gautam Budh Nagar (U.P.).",CDSCO Labs,"CDL, Kolkata",LLS1311,5/1/2025,4/1/2027,Mar-2026,https://cdsco.gov.in/opencms/opencms/en/Notifications/nsq-drugs/
Pantoprazole Gastro resistant tablets I.P 40 mg,"The sample does not conform to claim as per IP in respect to the Test of Description, Dissolution (Buffer Stage), Dissolution (Acid Stage)","Roma Pharma Pvt. Ltd. Unit-II,Village- Nagali, P.O. Barog, Tehsil & Distt. Solan (H.P.)- 173211",CDSCO Labs,"CDL, Kolkata",RP-T458,6/1/2024,5/1/2026,Mar-2026,https://cdsco.gov.in/opencms/opencms/en/Notifications/nsq-drugs/
Tacrolimus Capsule I.P. 1 mg,The sample does not conform to I.P. with respect to the test of Dissolution and Assay of Tacrolimus,"Spen Formulations Pvt. Ltd.,Plot No-123, Industrial Area, Mehatpur, Distt. UNA- 174315 (H.P.)",CDSCO Labs,"CDL, Kolkata",CSF-D0133,7/1/2025,6/1/2027,Mar-2026,https://cdsco.gov.in/opencms/opencms/en/Notifications/nsq-drugs/
Calcium Carbonate & Vitamin D3 Tablets,The sample does not conform to claim as per I.P. 2022 with respect to the test for Assay of Vitamin D3 and Uniformity of weight of tablets.,"Sia Pharma Pvt. Ltd.,Plot No. 170, HSIIDC, Barhi, Indl. Area, Phase-1, Sonepat- 131101, Haryana, India.",CDSCO Labs,"RDTL, Guwahati",SPD-T116,6/1/2025,5/1/2027,Mar-2026,https://cdsco.gov.in/opencms/opencms/en/Notifications/nsq-drugs/
Ramipril Tablets IP 2.5 MG,The sample does not conform to claim as per IP 2022 in respect to the test of Dissolution and Assay of Ramipril,"Pharmaroots Healthcare.,Khasra No. 411, Village Tipra, P.O. Barotiwala, Tehsil Baddi, Distt. Solan, H.P. -174103",CDSCO Labs,"RDTL, Chandigarh",PT-51725,5/1/2025,4/1/2027,Mar-2026,https://cdsco.gov.in/opencms/opencms/en/Notifications/nsq-drugs/
"Dextromethorphan, Phenylephrine and Chlorpheniramine Syrup",The sample does not conform to claim as per Patent and Proprietary in respect to the Assay of Phenylephrine Hydrochloride,"Saitech Medicare Pvt. Ltd.,Village-Kheri, Trilokpur Road, Kala-Amb, Dist. Sirmour, (H.P.) 173030",CDSCO Labs,"RDTL, Chandigarh",SML-2643,12/1/2025,11/1/2027,Mar-2026,https://cdsco.gov.in/opencms/opencms/en/Notifications/nsq-drugs/
Albendazole Tablets IP,The sample does not conform to claim as per IP 2022 in respect to the Test of Dissolution,"Affy Parenterals.,(WHO-cGMP/ISO 9001: 2015 Certified Co.), Vill. Gullerwala, PO- Baddi, Distt. Solan-173205 (H.P.)",CDSCO Labs,"RDTL, Chandigarh",PGT24953,11/1/2024,10/1/2027,Mar-2026,https://cdsco.gov.in/opencms/opencms/en/Notifications/nsq-drugs/
"Sodium Chloride Injection IP 0.9%w/v,","The sample does not conform to claim as per IP 2022 in respect to the Test of Description, Particulate matter and pH.","Albert David Limited,B-12, 13 Meerut Road Ind. Area, Ghaziabad-201003",CDSCO Labs,"RDTL, Chandigarh",G503007,1/1/2025,12/1/2026,Mar-2026,https://cdsco.gov.in/opencms/opencms/en/Notifications/nsq-drugs/
Liposomal Amphotericin B Injection 50 Mg,"The sample does not conform to claim as per Patent and Proprietary and IS 10654:2002 in respect to the Test of pH, Free drug","Gufic Biosciences Limited,Gufic Biosciences Limited N.H. No. 8, Kabilpore 396424, Navsari, Gujarat (INDIA)",CDSCO Labs,"RDTL, Chandigarh",AB250491A,9/1/2025,8/1/2027,Mar-2026,https://cdsco.gov.in/opencms/opencms/en/Notifications/nsq-drugs/
Levocetirizine Dihydrochloride and Montelukast Syrup,The sample received does not conform to I.P. 2022 with respect to the test for pH,"Rhombus Pharma Pvt. Ltd,Survey NO. 807/002 near Ethicro Industries, Lakshmanpura, Ta. Kadi, Distt. Mehsana, Pin-382165, Gujarat, India.",CDSCO Labs,"CDTL, Mumbai",LR25J006,10/1/2025,9/1/2027,Mar-2026,https://cdsco.gov.in/opencms/opencms/en/Notifications/nsq-drugs/
Sorbitol Solution 70 % IP (Non Crystalizing),The sample received does not conform to I.P. 2022 with respect to the test for Ethylene glycol,"Gujarat Ambuja Exports Ltd.,1 Vrindavan Road, Post Dalpur, Taluka Pranjit, District Sabarkantha, Gujarat-383120",CDSCO Labs,"CDTL, Mumbai",SB031,6/1/2022,5/1/2027,Mar-2026,https://cdsco.gov.in/opencms/opencms/en/Notifications/nsq-drugs/
"Paracetamol, Phenylephrine Hydrochloride and Chlorpheniramine Maleate Oral Drops",The sample does not conform to the claim with respect to the test for Uniformity of volume.,"Espee Formulaion Pvt. Ltd.,Sector No. 2, Plot No. 15, Rajkot-Gonda N. H. No. 27, Village - Shapar, Dist. Rajkot, Gujarat",CDSCO Labs,"CDTL, Mumbai",SPL/1327,1/1/2025,12/1/2026,Mar-2026,https://cdsco.gov.in/opencms/opencms/en/Notifications/nsq-drugs/
"Levosalbutamol Sulphate, Ambroxol Hydrochloride & Guaiphenesine Expectorant",The sample does not conform to claim as per Manufacturer specification in respect to the Test of pH,"Vital Formulations Limited,I/146, Phase IV, G.I.D.C., Vithal Udhyognagar-388 121, Dist. Anand, (Guj.) India.",CDSCO Labs,"CDTL, Mumbai",L-25172,12/1/2025,11/1/2027,Mar-2026,https://cdsco.gov.in/opencms/opencms/en/Notifications/nsq-drugs/
Ibuprofen & Paracetamol Suspension,The sample received does not conform to manufacturer's specification with respect to the test for Microbial contamination (Total aerobic microbial count).,"Omish Laboratories Pvt. Ltd.,Plot No.: D-10, Gallops Industrial Park-1, Ahmedabad- Rajkot Highway, NH-8A, Rajoda, Bavla, Ahmedabad- 382220 (Gujarat)",CDSCO Labs,"CDTL, Mumbai",OML25170A,12/1/2025,11/1/2027,Mar-2026,https://cdsco.gov.in/opencms/opencms/en/Notifications/nsq-drugs/
Fentanyl Citrate Injection I.P.,The sample received does not conform to I.P. 2022 with respect to the test for Bacterial Endotoxin and Sterility.,"Maan Pharmaceuticals Ltd,Plot-1, G.I.D.C, Phase-II, Modhera Road, Mehsana-384002, Gujarat, INDIA",CDSCO Labs,"CDTL, Mumbai",FN25003,10/1/2025,9/1/2027,Mar-2026,https://cdsco.gov.in/opencms/opencms/en/Notifications/nsq-drugs/
"Levosalbutamol Sulphate, Ambroxol HCl & Guaiphenesin Syrup",The sample received does not conform to manufacturers specification with respect to the description only.,"Ipzah Pharmaceuticals Pvt. Ltd.,C-85, Industrial Focal Point, Patiala - 147001",CDSCO Labs,"CDTL, Hyderabad",8131,9/1/2025,8/1/2027,Mar-2026,https://cdsco.gov.in/opencms/opencms/en/Notifications/nsq-drugs/
Oral Rehydration Salts IP,The sample received does not conform to I.P. 2022 specification with respect to the test for Assay of Potassium content only.,"Goa Antibiotics & Pharmaceuticals Ltd.,(Subsidiary Of HLL Lifecare Ltd, A Government Of India Enterprise) Village Anji, P.O. Barog, Distt. Solan, 173211 (HP) INDIA",CDSCO Labs,"CDTL, Hyderabad",S565005,5/1/2025,10/1/2026,Mar-2026,https://cdsco.gov.in/opencms/opencms/en/Notifications/nsq-drugs/
"Paradichlorobenzene,Benzocaine,Chlorbutol &Turpentine Oil Ear Drops",The sample received does not conform to manufacturer?s specification with respect to the test for Assay of Paradichlorobenzene content only,"Om Sai Pharma Pack,Plot No. 38 & 39, Sector-11, I.I.E., Sidcul, Haridwar, Uttarakhand-249403",CDSCO Labs,"CDTL, Hyderabad",N25V9055,8/1/2025,7/1/2027,Mar-2026,https://cdsco.gov.in/opencms/opencms/en/Notifications/nsq-drugs/
"Ear wax softening drops,","The sample received does not conform to manufacturer?s specification with respect to the test for Assay for the contents of Paradichlorobenzene, Chlorbutol and Turpentine OIL only.","Vivimed Labs Limited.,Plot NO.:8, Phase V, IDA, Jeedimetla, Medchal-Malkajgiri Dist. Telangana State - 500 055",CDSCO Labs,"CDTL, Hyderabad",5CU01,3/1/2025,2/1/2027,Mar-2026,https://cdsco.gov.in/opencms/opencms/en/Notifications/nsq-drugs/
Pantoprazole Gastro-resistant Tablets IP,The sample does not conform to I.P with respect to the test for Dissolution (Buffer stage).,"Keron Lifesciences Pvt. Ltd.,D-5, Sara, Industrial Estate Rampur Selaqui, Dehradun 248197 (U.K)",CDSCO Labs,"CDTL, Indore",KT25028,3/1/2025,2/1/2027,Mar-2026,https://cdsco.gov.in/opencms/opencms/en/Notifications/nsq-drugs/
Itraconazole Capsules USP 100 mg,The sample does not conform to U.S.P. with respect to Dissolution test.,"Bal Pharma Ltd.,21 & 22, Bommasandra Industrial Area, Bangalore-560099, INDIA.",CDSCO Labs,"CDL, Kolkata",ITR 19,7/1/2025,6/1/2027,Apr-2026,https://cdsco.gov.in/opencms/opencms/en/Notifications/nsq-drugs/
Absorbent Cotton Wool IP,The sample is not of standard quality for the reason stated under Description.,"Jind Surgicals,24-27, HSIIDC Industrial Area, New Hansi Road, Jind-126 102, Haryana",CDSCO Labs,"RDTL, Guwahati",2085,3/1/2025,2/1/2027,Apr-2026,https://cdsco.gov.in/opencms/opencms/en/Notifications/nsq-drugs/
Esomeprazole Tablets IP,The sample fails the test 'Dissolution' as per IP,"Zoic Biotech Pvt .Ltd, Plot no.C-15, Focal Point , Ind.Area, Chanalon, Mohali , Punjab-140103",State Lab,DTL Konni,ZTF-037A,6/1/2025,5/1/2027,Apr-2026,https://cdsco.gov.in/opencms/opencms/en/Notifications/nsq-drugs/
Pantoprazole Gastro-resistant & Domperidone Prolonged-release Capsules IP,The sample does not conform to IP and Manufacturer's Specification with repect to the test of Dissolution of Domperidone.,"Asterisk Healthcare,V.P.O. Bathri, Tehsil Haroli, Distt. UNA (H.P.) 174 301",CDSCO Labs,"CDL, Kolkata",AGC240287,1/1/2025,12/1/2026,Apr-2026,https://cdsco.gov.in/opencms/opencms/en/Notifications/nsq-drugs/
Misoprostol Tablets IP 200 mcg,The sample does not conform I.P with respect to the Assay of Misoprostol,"Akums Drugs & Pharmaceuticals Ltd.,47, 48, Sector-6A, I.I.E., SIDCUL, Ranipur, Haridwar-249 403, Uttarakhand, INDIA.",CDSCO Labs,"CDL, Kolkata",BGW02AAA,2/1/2025,1/1/2027,Apr-2026,https://cdsco.gov.in/opencms/opencms/en/Notifications/nsq-drugs/
Vitamin B-complex with Lysin & Calcium Pantothenate Syrup 100 ml,The sample does not conform to claim as per Schedule V of Drugs and Cosmetics Act 1940 with respect to Assay of Thiamine Hydrochloride.,"Amba Research Laboratories,Road No. 21, Rajiv Nagar, Patna-24",CDSCO Labs,"CDL, Kolkata",BP-134,5/1/2025,10/1/2026,Apr-2026,https://cdsco.gov.in/opencms/opencms/en/Notifications/nsq-drugs/
Pepsin & Fungal Diastase Syrup,The sample does not conform to Manufacturer's Specification with respect to Test for Identification and Assay of Pepsin activity,"Skymap Pharmaceuticals Pvt. Ltd.,B-3, Dev Bhoomi Industrial Estate Puhana Iqbalpur Road,Roorkee-247667",CDSCO Labs,"CDL, Kolkata",SPA250909,4/1/2025,9/1/2026,Apr-2026,https://cdsco.gov.in/opencms/opencms/en/Notifications/nsq-drugs/
Diclofenac Sodium Injection I.P. 75 mg/2ml,The sample does not conform to I.P. with respect to the tests of Identification and Assay of Diclofenac Sodium. The sample gives positive test for Identification of Buprenorphine. The sample is deemed to be spurious vide section 17 B of Drugs and Cosmetics Act 1940 and Rule 1945.,"Venus Bio Sciences Pvt. Ltd.,116, EPIP-1, Jharmajri, Dist-Solan, Himachal Pradesh, Pin-173205",CDSCO Labs,"CDL, Kolkata",VB/LEF0789,7/1/2025,6/1/2027,Apr-2026,https://cdsco.gov.in/opencms/opencms/en/Notifications/nsq-drugs/
Diazepam Injection I.P. 2ml,"The sample does not conform to I.P. with respect to the tests of Identification of Diazepam, Particulate matter, pH, Assay of Diazepam and for the reason stated under Description.","Systochem Laboratories Ltd.,B-75 Roop Nagar, Indl., Area, Loni-201102,Ghaziabad",CDSCO Labs,"CDL, Kolkata",DA-2412,2/1/2025,1/1/2027,Apr-2026,https://cdsco.gov.in/opencms/opencms/en/Notifications/nsq-drugs/
Divalproex Sodium Extended-release Tablets IP,The sample does not conform to I.P. for the reason stated under Description.,"Talent Healthcare,66-67, Sector-6A, SIDCUL, IIE Haridwar-249403(Uttarakhand)",CDSCO Labs,"CDL, Kolkata",N2407172,7/1/2024,6/1/2026,Apr-2026,https://cdsco.gov.in/opencms/opencms/en/Notifications/nsq-drugs/
Iron Sucrose Injection USP 5 Ml,"The sample does not conform to U.S.P with respect to the tests of pH, Alkalinity and Particulate matter.","Martin & Brown Bio-Sciences Pvt. Ltd..,K.No. 918/419, Malkumajra, Nalagarh Road, Baddi, Dist.Solan (H.P.)-173205",CDSCO Labs,"CDL, Kolkata",MA24G50,7/1/2024,6/1/2026,Apr-2026,https://cdsco.gov.in/opencms/opencms/en/Notifications/nsq-drugs/
Metformin Hydrochloride Prolonged Release and Glimepiride Tablets IP,The sample does not conform to IP with respect to the Test of Dissolution for Glimepiride.,"Merril Pharma Pvt. Ltd.,Unit-II, Plot No24,25,31,32, Somnath Industrial Park,Kerala GIDC,Near Bavla,Ahmedabad-382220,Gujarat,India",CDSCO Labs,"CDL, Kolkata",T5107,7/1/2025,6/1/2027,Apr-2026,https://cdsco.gov.in/opencms/opencms/en/Notifications/nsq-drugs/
Albendazole Tablets I.P. 400 mg,The sample does not conform to I.P. with respect to test for Dissolution.,"Mancare Laboratories Pvt. Ltd.,Plot No. 11, Pharmacity, Selaqui, Dehradun, Uttarkhand-248011",CDSCO Labs,"CDL, Kolkata",MT250995,10/1/2025,9/1/2027,Apr-2026,https://cdsco.gov.in/opencms/opencms/en/Notifications/nsq-drugs/
Albendazole Tablets I.P. 400 mg,The sample does not conform to I.P. with respect to test for Dissolution.,"Mancare Laboratories Pvt. Ltd.,Plot No. 11, Pharmacity, Selaqui, Dehradun, Uttarkhand-248011",CDSCO Labs,"CDL, Kolkata",MT250996,10/1/2025,9/1/2027,Apr-2026,https://cdsco.gov.in/opencms/opencms/en/Notifications/nsq-drugs/
"Levosalbutamol, Ambroxol Hydrochloride HCl & Guaiphenesin Syrup",The sample does not conform to claim with respect to the tests of Uniformity of Volume and Assay of Ambroxol Hydrochloride.,"Star Filteration Systems.,Rampur Jattan Trilokpur Road Kala Amb Tehsil Nahan Distt. Sirmour 173030(HP)",CDSCO Labs,"CDL, Kolkata",SL241141J,11/1/2024,10/1/2026,Apr-2026,https://cdsco.gov.in/opencms/opencms/en/Notifications/nsq-drugs/
Xylometazoline Hydrochloride Nasal Drops IP,The sample does not conform to IP with respect to test for pH and Uniformity of weight.,"Agron Remedies Pvt. Ltd.,Sarverkhera, Moradabad Road, Kashipur-244713, (Uttarakhand)..",CDSCO Labs,"CDL, Kolkata",E25057,7/1/2025,6/1/2027,Apr-2026,https://cdsco.gov.in/opencms/opencms/en/Notifications/nsq-drugs/
Metformin Hydrochloride Prolonged Release and Glimepiride Tablets IP,The sample does not conform to IP with respect to the test of Dissolution of Glimepiride.,"Merril Pharma Pvt. Ltd.,Unit-II, Plot No24,25,31,32, Somnath Industrial Park,Kerala GIDC,Near Bavla,Ahmedabad-382220,Gujarat,India",CDSCO Labs,"CDL, Kolkata",T5110,7/1/2025,6/1/2027,Apr-2026,https://cdsco.gov.in/opencms/opencms/en/Notifications/nsq-drugs/
Compound Sodium Lactate Injection IP,The sample does not conform to I.P. with respect to test for Sterility,"Paschim Banga Pharmaceutical,,NH-31,TIN Mile Hat, Sonapur Hat, PS- Chopra, Dist. Uttar Dinajpur, PIN- 733214 (WB)",CDSCO Labs,"CDL, Kolkata",03BF2084,6/1/2023,5/1/2026,Apr-2026,https://cdsco.gov.in/opencms/opencms/en/Notifications/nsq-drugs/
Buprenorphine Injection IP,The sample does not conform to I.P. with respect to tests of Sterility and Assay of Buprenorphine.,"SNG Pharmaceuticals (p) Ltd.,,101/B.K.B Complex Opp. Mahavir Nagar, N.H.No. 8, Vapi-396191 At 75/1 G.I.D.C, Vapi-396195",CDSCO Labs,"CDL, Kolkata",ASG1590,11/1/2022,10/1/2026,Apr-2026,https://cdsco.gov.in/opencms/opencms/en/Notifications/nsq-drugs/
Paracetamol Tablets IP 650 mg,The sample does not conform to IP with respect to the test of Dissolution.,"Growmed Life Pharma,Plot No.: 18/19, Mahalaxmi Ind. Estate, Iyava, Ta Sanand, Dist-Ahmedabad -382110 (Gujrat).",CDSCO Labs,"CDL, Kolkata",G02090B,1/1/2025,12/1/2026,Apr-2026,https://cdsco.gov.in/opencms/opencms/en/Notifications/nsq-drugs/
Albendazole Tablets IP 400 mg,The sample does not conform to I.P. with respect to test for Dissolution,"Mancare Laboratories Pvt. Ltd.,Plot No. 11, Pharmacity, Selaqui, Dehradun, Uttarkhand-248011",CDSCO Labs,"CDL, Kolkata",MT250998,10/1/2025,9/1/2027,Apr-2026,https://cdsco.gov.in/opencms/opencms/en/Notifications/nsq-drugs/
Albendazole Tablets I.P. 400 mg,The sample does not conform to I.P. with respect to test for Dissolution,"Mancare Laboratories Pvt. Ltd.,Plot No. 11, Pharmacity, Selaqui, Dehradun, Uttarkhand-248011",CDSCO Labs,"CDL, Kolkata",MT250994,10/1/2025,9/1/2027,Apr-2026,https://cdsco.gov.in/opencms/opencms/en/Notifications/nsq-drugs/
Buprenorphine Injection IP 2ml,The sample does not conform to I.P. with respect to the test of Particulate Matter and for the reason stated under Description.,"Indus Pharma Pvt. Ltd.,A-181, RIICO Industrial Area, Ghiloth, Alwar, Rajasthan - 301705",CDSCO Labs,"CDL, Kolkata",BUP325007,9/1/2025,8/1/2027,Apr-2026,https://cdsco.gov.in/opencms/opencms/en/Notifications/nsq-drugs/
Iron Sucrose Injection USP 100mg/5ml,The sample does not conform to U.S.P with respect to test for pH and Alkalinity.,"T. Walkers Pharmaceuticals Pvt. Ltd.,Gat No. 285/A, Plot No. 10 plus 11, Village - Kasaramboli, At P.O. Ambedvet, Tal. Mulshi, Dist. Pune - 412108",CDSCO Labs,"CDL, Kolkata",25488,12/1/2025,11/1/2027,Apr-2026,https://cdsco.gov.in/opencms/opencms/en/Notifications/nsq-drugs/
Rabeprazole Sodium Injection IP 20mg/vial,"The sample does not conform to I.P with respect to the tests of pH, Particulate matter, Clarity of Solution and Assay of Rabeprazole Sodium","Martin & Brown Bio-Sciences Pvt. Ltd..,K.No. 918/419, Malkumajra, Nalagarh Road, Baddi, Dist.Solan (H.P.)-173205",CDSCO Labs,"CDL, Kolkata",MD24E34,5/1/2024,4/1/2026,Apr-2026,https://cdsco.gov.in/opencms/opencms/en/Notifications/nsq-drugs/
Rabeprazole Sodium Injection I.P. 20 mg/vial,"The sample does not conform to I.P. with respect to the tests of Description, Clarity of solution, Particulate matter, pH, Related substances and Assay of Rabeprazole Sodium","Martin & Brown Bio-Sciences Pvt. Ltd..,K.No. 918/419, Malkumajra, Nalagarh Road, Baddi, Dist.Solan (H.P.)-173205",CDSCO Labs,"CDL, Kolkata",MD24K17,11/1/2024,10/1/2026,Apr-2026,https://cdsco.gov.in/opencms/opencms/en/Notifications/nsq-drugs/
Dexamethasone Sodium Phosphate Injection IP,"The sample does not conform to IP with respect to tests for Particulate matter, Free Dexamethasone, Sterility and Assay of Dexamethasone Phosphate, and is also not of standard quality for the reason stated under Description.","Ultramark Healthcare Pvt. Ltd.,(Geeta Vihar, Threekay Lane, Ferozepur Road, Ludhiana-142021)",CDSCO Labs,"CDL, Kolkata",UMI25267,10/1/2025,9/1/2027,Apr-2026,https://cdsco.gov.in/opencms/opencms/en/Notifications/nsq-drugs/
Telmisartan Tab I.P 40 mg,SAMPLE DOES NOT CONFIRM TO IP.,"Helax Health Care Pvt. Ltd. Khasra No 410, Vill- Karondi, Dist- Haridwar",State Lab,"Directorate of State Drugs Control & Research Laboratory ,2 , Convent Lane, Kol-15",GT-2508,3/1/2025,2/1/2027,Apr-2026,https://cdsco.gov.in/opencms/opencms/en/Notifications/nsq-drugs/
Metjeel 25 XL ( Metoprolol Succinate Prolonged Released Tablet I.P ),"1) SAMPLE DOES NOT CONFIRM TO IP. 2) The sample strip shows the product name "" METJEEL 25XL"" where the inspection memo shows it ""Meetjeel 25XL""","Helax Health Care Pvt. Ltd. Khasra No 410, Vill- Karondi, Dist- Haridwar",State Lab,"Directorate of State Drugs Control & Research Laboratory ,2 , Convent Lane, Kol-15",TN - 5974,9/1/2025,8/1/2027,Apr-2026,https://cdsco.gov.in/opencms/opencms/en/Notifications/nsq-drugs/
Erythromycin Stearate Tablets IP,Description,"Anrose Pharma, 147, Mauza-Sansiwala, Post-Barotiwala, Tehsil-Kasauli, Distt. Solan (H.P)",State Lab,"DTL, Puducherry",ATG5K933,11/1/2025,10/1/2027,Apr-2026,https://cdsco.gov.in/opencms/opencms/en/Notifications/nsq-drugs/
Ibuprofen And Paracetamol Tablets IP,Disintegration,"IBN Herbals (A unit of curetech formulation (P) Ltd) Khasara No. 63, Vill. Juddi Kalan, Baddi-173 205, Distt. Solan (H.P)",State Lab,"DTL, Puducherry",ISW24176,8/1/2024,7/1/2027,Apr-2026,https://cdsco.gov.in/opencms/opencms/en/Notifications/nsq-drugs/
Loperamide Hydrochloride Tablets IP 2mg,Misbranded-Incorrect Labelling,"Gidsha Pharmaceuticals, Plot No. 611 612 , Mega GIDC, Kharedi, Dahod, 389151, Gujarat",State Lab,"DTL, Puducherry",GTE1588,5/1/2025,4/1/2027,Apr-2026,https://cdsco.gov.in/opencms/opencms/en/Notifications/nsq-drugs/
Paracetamol Tablets IP 650 mg,Dissolution,"Curetech Formulations (P) Ltd., Vill.Juddi,kalan,Baddi-173 205 Distt Solan (HP)",State Lab,"DTL, Puducherry",CAAL25054,12/1/2025,11/1/2028,Apr-2026,https://cdsco.gov.in/opencms/opencms/en/Notifications/nsq-drugs/
Ibuprofen and Paracetamol Tablets IP,The sample fails in the Test for Description,"Agron Remedies Pvt. Ltd. Sarverkhera, Moradabad Road, Kashipur-244713 (Uttarakhand)",State Lab,MDTL Kathua,TB251005,12/1/2025,11/1/2027,Apr-2026,https://cdsco.gov.in/opencms/opencms/en/Notifications/nsq-drugs/
Diabit-GM,The sample fails in the Test for Description,"Bajaj Formulations Khasra No. 161, Village- Lakeshwary, Bhagwanpur, Roorkee, Distt. Haridwar (U.K)",State Lab,MDTL Kathua,T25F640A,6/1/2025,5/1/2027,Apr-2026,https://cdsco.gov.in/opencms/opencms/en/Notifications/nsq-drugs/
R Zara-DSR Capsules,SPURIOUS 1.The sample fails in the test for Identification & also the Assay contents of Rabeprazole Sodium IP & Domperidone IP are found NIL. 2.The sample is also found Misbranded as Sunset Yellow in the label needs to be mentioned Sunset Yellow FCF.,"Samay Pharma India Pvt. Ltd. Plot No. 34-35, Industrial Area, Trilokpur Road, Kala Amb, District Sirmour, Himachal Pradesh-173030",State Lab,MDTL Kathua,SC-05856,10/1/2025,9/1/2027,Apr-2026,https://cdsco.gov.in/opencms/opencms/en/Notifications/nsq-drugs/
Albendazole Tablets IP 400mg,The sample does not conform to IP 2022 requirements w.r.t Dissolution Test,"Ravenbhel Healthcare Pvt.Ltd. 16-17,EPIP,SIDCO Kartholi,Baroi Brahmana,Jammu-181133",State Lab,"DTL,Dalgate Srinagar kashmir.",296725043,4/1/2025,3/1/2027,Apr-2026,https://cdsco.gov.in/opencms/opencms/en/Notifications/nsq-drugs/
Esomeprazole Tablets IP,The sample does not conform to IP 2022 requirements w.r.t Dissolution Test,"Adwin Pharma , Vill Rampur Jattan, Trilokpur Road kala Amb Tehsil Nahan Distt .Sirmour (HP) 173030.",State Lab,"DTL,Dalgate Srinagar kashmir.",AYT070385,7/1/2025,6/1/2027,Apr-2026,https://cdsco.gov.in/opencms/opencms/en/Notifications/nsq-drugs/
Dexamethasone sodium Phosphate Injection IP,The sample does not conform to IP 2022 requirements w.r.t Sterility Test,"Indo Gulf Pharmaceuticals 5.4 Km,Meerut Road,Muzaffarnagar-251003(UP)",State Lab,"DTL,Dalgate Srinagar kashmir.",DIH-227/10,10/1/2025,9/1/2027,Apr-2026,https://cdsco.gov.in/opencms/opencms/en/Notifications/nsq-drugs/
"Ofloxacin 100mg, Ornidazole 2500mg & Loperamide 7.5mg Bolus IP","Assay of Ofloxacin, Ornidazole & Loperamide","DUTCH FORMULATIONS 32, Industrial Area Village Johron, Kala-Amb, Distt Sirmour H.P-173030",State Lab,CFDL Jammu,DF-1677,9/1/2025,8/1/2027,Apr-2026,https://cdsco.gov.in/opencms/opencms/en/Notifications/nsq-drugs/
"Terbutaline ,Ambroxol,Guaiphenesin and Levomenthol Syrup",The sample does not conform to claim with respect to the Assay of Levomenthol.,"Aglowmed Ltd.,51, Raipur, Roorkee - 247 661",CDSCO Labs,"CDL, Kolkata",S122509,12/1/2025,11/1/2028,Apr-2026,https://cdsco.gov.in/opencms/opencms/en/Notifications/nsq-drugs/
"Combi Pack of Vitamin C Injection I.P. With Methylcobalamin, Folic Acid & Niacinamide Injection","The sample does not conform to Manufacturer's Specification and IP with respect to test for pH, Particulate Matter and is also not of standard quality for the reason stated under Description.","Sunvet Pharma Pvt. Ltd.,Village-Upper Moginand, Nahan Road, Kala Amb. Distt. Sirmour -173030 (H.P.)",CDSCO Labs,"CDL, Kolkata",WZ-4817A&B,9/1/2025,2/1/2027,Apr-2026,https://cdsco.gov.in/opencms/opencms/en/Notifications/nsq-drugs/
Disinfectant Fluid Black Phenolic Type Normal Grade-1,The sample does not conform to claim as per Drugs and Cosmetics Act - Schedule O and IS 1061:2017 with respect to Grade and Germicidal Value.,"Mittal Chemical Industries,G-1/9 Growth Centre, RIICO, Dholpur, Raj.",CDSCO Labs,"CDL, Kolkata",MCI040,6/1/2024,5/1/2026,Apr-2026,https://cdsco.gov.in/opencms/opencms/en/Notifications/nsq-drugs/
"Bromhexine Hydrochloride,Terbutaline Sulphate,Guaiphenesin & Menthol Syrup",The sample does not conform to claim as per Manufacturer method & specification in respect to the Assay of Menthol,"Rednex Pharmaceuticals Pvt. Ltd.,Survey No.586 & 231 NR, SKF Bearing, Bavla Bagdogra, NH-8A, Kerala, Tal. - Bavla, Ahmedabad-382220.",CDSCO Labs,"CDL, Kolkata",R02GL2529,1/1/2025,12/1/2026,Apr-2026,https://cdsco.gov.in/opencms/opencms/en/Notifications/nsq-drugs/
Compound Sodium Lactate Injection Ip (Ringer Lactate Solution For Injection IP,The sample does not comply as per I.P. 2022 with respect to the BET,"Haseeb Pharmaceuticals Pvt. Ltd.,,Plot No.F9/14, 15, 16, MIDC, Nagpur- 440016.",CDSCO Labs,"RDTL, Guwahati",OM251102,11/1/2025,10/1/2027,Apr-2026,https://cdsco.gov.in/opencms/opencms/en/Notifications/nsq-drugs/
"Telmisartan Tablets IP 40mg,",The sample does not conform to claim as per IP 2022 and Addendum 2024 in respect to the Test of Dissolution,"Swiss Garnier Life Sciences NO. 21-23, Industrial Area, Mehatpur, Distt. UNA, Himachal Pradesh - 174315",CDSCO Labs,"RDTL, Chandigarh",384TTF055,5/1/2025,4/1/2027,Apr-2026,https://cdsco.gov.in/opencms/opencms/en/Notifications/nsq-drugs/
Hyoscine Butylbromide Injection IP,The sample does not conform to claim as per IP 2022 in respect to the Test of Particulate matter.,"Himalaya Meditek Pvt. Ltd.,Plot No.: 35 & 36, Pharmacity, Selaqui Industrial Area, Dehradun-248 197",CDSCO Labs,"RDTL, Chandigarh",HLI591H,8/1/2025,7/1/2028,Apr-2026,https://cdsco.gov.in/opencms/opencms/en/Notifications/nsq-drugs/
Doxylamine Succinate & Pyridoxine Hydrochloride Tablets,The sample received does not conform to Manufacturers specification with respect to the test for Thickness,"Maneesh Pharmaceuticals Ltd.,Village Balyana, Barotiwala, Tehsil Kasauli, Dist. Solan (H.P.) 174103.",CDSCO Labs,"CDTL, Mumbai",DXM2534,7/1/2025,6/1/2028,Apr-2026,https://cdsco.gov.in/opencms/opencms/en/Notifications/nsq-drugs/
"Paracetamol, Phenylephrine Hydrochloride & Chlorpheniramine Maleate Suspension125mg/5mg/1mg (60ml)",The sample received does not conform to Manufacturers specification with respect to the test for Description and Assay of Phenyleprhine hydrochloride.,"Regent Ajanta Biotech,Kh. No. 86-87,Makhiyali Dundi,Peerpura Road, Delhi Highway Haridwar,Uttarakhand 247667",CDSCO Labs,"CDTL, Mumbai",PRL2501-03,1/1/2025,12/1/2026,Apr-2026,https://cdsco.gov.in/opencms/opencms/en/Notifications/nsq-drugs/
Sorbitol 70% IP (Non Crysallizing),"The sample received does not conform to IP 2022 specification with respect to the content of ethylene glycol impurity, which is exceeding permissible limit","Gujarat Ambuja Exports Limited,Sy No 153/1,154-1/2/3,Madli Cross P.B Road (NH-4),Village Hulsoggi 581205P.O Manakatti,TQ Shiggoan Dist Haveri/Karnataka",CDSCO Labs,"CDTL,Hyderabad",KA/017,8/1/2025,8/1/2030,Apr-2026,https://cdsco.gov.in/opencms/opencms/en/Notifications/nsq-drugs/
Paracetamol Tablets BP 500mg,The sample received does not conform to b.p. 2025 specification with respect to the test for Dissolution,"Rathod Pharmachem Private Limited,Plot No.: 117, Pipaldhara, Gandevi-Kharel Road Ta.Gandevi, Dist. Navsari - 396430, Gujarat, India.",CDSCO Labs,"CDTL,Hyderabad",RHR069,12/1/2025,11/1/2028,Apr-2026,https://cdsco.gov.in/opencms/opencms/en/Notifications/nsq-drugs/
"Terbutaline Sulphate, Ambroxol Hydrochloride Guaiphenesin & Menthol Syrup,",The sample received does not conform to manufacturers specification with respect to the Description only.,"Saintlife Pharmaceuticals Ltd AN ISO-9001 2015/QMS Cert.Co WHO & GMP Certified Company,323,Central Hope-Town Industrial Area, Selaquil Dehradun -248011(U.K))",CDSCO Labs,"CDTL,Hyderabad",OL25629,9/1/2025,8/1/2027,Apr-2026,https://cdsco.gov.in/opencms/opencms/en/Notifications/nsq-drugs/
Diclofenac Sodium & Paracetamol Tablets,The sample is not of standard quality with respect to the reason stated under Description.,"Taurus Life Sciences Ltd.,C-50, Gallops Industrial Park-II, Changodar Bavla Highway, Vasna-Chancharwadi, Dist. Ahmedabad-382213",CDSCO Labs,"CDTL,Indore",TL30162,1/1/2024,12/1/2026,Apr-2026,https://cdsco.gov.in/opencms/opencms/en/Notifications/nsq-drugs/
Deflazacort Oral Suspension,The sample does not conform to claim as per Manufacture's Specification with respect to the Assay of Deflazacort.,"Janveda Healthceutical Pvt. Ltd.,26, Gopi Estate, Changodar, Ahmedabad-382213",CDSCO Labs,"CDTL,Indore",JLL2526,12/1/2025,11/1/2027,Apr-2026,https://cdsco.gov.in/opencms/opencms/en/Notifications/nsq-drugs/
Pantoprazole & Domperidone Capsules IP,The sample does not conform to I.P. w.r.to the tests for Identification and Assay Spurious,"Aristo Pharmaceuticals Private Ltd., Vill Makhnumajra, P.O.- Bhud, Baddi, Dist. Solan (H.P.) -173205",State Lab,"SDTL, Assam",SPJ241197,9/1/2024,8/1/2026,Apr-2026,https://cdsco.gov.in/opencms/opencms/en/Notifications/nsq-drugs/
Cefixime Tablets IP 200 mg,The sample does not conform to I.P. w.r.to the tests for Identification and Assay Spurious,"Alkem Health Science, A Unit of Alkem Laboratories Limited Unit-2, Samardung, Karek Block, P.O.- Namthang, Dist. Namchi, Sikkim-737137",State Lab,"SDTL, Assam",25460922,5/1/2025,4/1/2027,Apr-2026,https://cdsco.gov.in/opencms/opencms/en/Notifications/nsq-drugs/
Ofloxacin & Ornidazole Tablets IP,The sample does not conform to I.P. w.r.to the tests for Dissolution And Assay,"Medley Pharmaceuticals Ltd., Lane No- 3, Phase-1, SIDCO Industrial Complex, Bari Brahmana, Jammu-181133",State Lab,"SDTL, Assam",E50058,1/1/2025,12/1/2028,Apr-2026,https://cdsco.gov.in/opencms/opencms/en/Notifications/nsq-drugs/
Cefpodoxime Tablets IP 200 Mg,The sample does not conform to I.P. w.r.to the tests for Identification and Assay Spurious,"Aristo Pharmaceuticals Private Ltd., Vill Makhnumajra, P.O.- Bhud, Baddi, Dist. Solan (H.P.) -173205",State Lab,"SDTL, Assam",BPA250167,1/1/2025,12/1/2026,Apr-2026,https://cdsco.gov.in/opencms/opencms/en/Notifications/nsq-drugs/
Telmisartan & Amlodipine Tablets IP,The sample does not conform to I.P. w.r.to the tests for Identification and Assay Spurious,"Aristo Pharmaceuticals Private Ltd., Vill Makhnumajra, P.O.- Bhud, Baddi, Dist. Solan (H.P.) -173205",State Lab,"SDTL, Assam",BPF251519,6/1/2025,5/1/2027,Apr-2026,https://cdsco.gov.in/opencms/opencms/en/Notifications/nsq-drugs/
Telmisartan Tablets IP 40 mg,The sample does not conform to I.P. w.r.to the tests for Dissolution & Assay,"Alembic Pharmaceuticals Ltd., Samardung Basti, Karek Block, Namthang Ilaka, Namchi, Sikkim-737126",State Lab,"SDTL, Assam",2513000079,8/1/2025,8/1/2027,Apr-2026,https://cdsco.gov.in/opencms/opencms/en/Notifications/nsq-drugs/
Calcium & Vitamin D3 Tablets,The sample does not conform to I.P. w.r.to the tests for Dissolution & Assay,"Alkem Health Science, A Unit of Alkem Laboratories Limited Unit-2, Samardung, Karek Block, P.O.- Namthang, Dist. Namchi, Sikkim-737137",State Lab,"SDTL, Assam",24443315,9/1/2024,8/1/2026,Apr-2026,https://cdsco.gov.in/opencms/opencms/en/Notifications/nsq-drugs/
"L-Carnitine, L- Tartarate ,Mecobalamin & Folic Acid Tablets","The sample does not conform to I.P. w.r.to the tests for Identification ,Assay and Dissolution Spurious","M/s: Mandkind Pharma Ltd., Doring Block, Bermiok Elaka, Dist. Namchi, Sikkim-737126",State Lab,"SDTL, Assam",B95Y032,3/1/2025,2/1/2027,Apr-2026,https://cdsco.gov.in/opencms/opencms/en/Notifications/nsq-drugs/
Paracetamol Tablets IP 500mg,The sample does not conform to I.P. w.r.to the tests for Dissolution.,"Pinnacle Klife Science Private Limited, At Khasra, No.63, Vill. Juddi Kalan. Baddi-173205, Distt. Solan(H.P.)",State Lab,"SDTL, Assam",IPCL25031,5/1/2025,4/1/2028,Apr-2026,https://cdsco.gov.in/opencms/opencms/en/Notifications/nsq-drugs/
Telmisartan Tablets IP 40 Mg,The sample does not conform to I.P. w.r.to the tests for Dissolution.,"Bennet Pharmaceuticals Limited, Vill.ChanalMajra, NR. Manpura, Bdadi, Tal. Nalagarh, Distt. Solan(H.P.) 173205",State Lab,"SDTL, Assam",BPLT-25104,5/1/2025,4/1/2027,Apr-2026,https://cdsco.gov.in/opencms/opencms/en/Notifications/nsq-drugs/
"Paracetamol, Phenyephrine hydrochloride, Chlorpheniramine Maleate, Sodium Citrate & Menthol Suspension",Phenyephrine hydrochloride content,"True Life Pharma Pvt. Ltd., 18,19, Shyam Estate, Santej- Khatraj Raod,Santej, Ta.: Kalol, Dist.: Gandhinagar-382721.",State Lab,"FDL, Vadodara",241175,11/1/2024,10/1/2026,Apr-2026,https://cdsco.gov.in/opencms/opencms/en/Notifications/nsq-drugs/
"Levosalbutamol, Ambroxol & Guaiphenesin Syrup",Guaiphenesin Content,"Tuttsan Pharma Pvt. Ltd., Plot No. 10, Block No. 58, At & Post :Khatraj, Ta.: Kalol, Dist. : Gandhinagar.",State Lab,"FDL, Vadodara",L25071,11/1/2024,10/1/2026,Apr-2026,https://cdsco.gov.in/opencms/opencms/en/Notifications/nsq-drugs/
"Dextromethorphan hydrobromide, phenylephrine hydrochloride & Chlorpheniramine Maleate Syrup",Microbial Contamination (Total Aerobic Viable Count),"KNM Pharma Pvt. Ltd., 13, Mahagujarat Industrial Estate, opp. Nova Petrochemicals Limnited., Moraiya, Ta.: Sanand, Dist.: Ahmedabad, Gujarat",State Lab,"FDL, Vadodara",L 24371,11/1/2024,10/1/2026,Apr-2026,https://cdsco.gov.in/opencms/opencms/en/Notifications/nsq-drugs/
"Dextromethorphan hydrobromide, phenylephrine hydrochloride & Chlorpheniramine Maleate Syrup",Microbial Contamination (Total Aerobic Viable Count),"KNM Pharma Pvt. Ltd., 13, Mahagujarat Industrial Estate, opp. Nova Petrochemicals Limnited., Moraiya, Ta.: Sanand, Dist.: Ahmedabad, Gujarat",State Lab,"FDL, Vadodara",L 24326,11/1/2024,10/1/2026,Apr-2026,https://cdsco.gov.in/opencms/opencms/en/Notifications/nsq-drugs/
Nifedipine Sustained Released Tablet IP,Dissolution,"Nabros Pharma Pvt. Ltd., NH No. 8, Kheda-387411",State Lab,"FDL, Vadodara",NR019,11/1/2024,10/1/2026,Apr-2026,https://cdsco.gov.in/opencms/opencms/en/Notifications/nsq-drugs/
Enteric Coated Rabeprazole Sodium 20 mg & Domperidone Sustained Release 30 mg Capsules,Rabeprazole Sodium Content,"Inventia Healthcare Limited., F1-F1/1, Additional Ambernath, MIDC, Ambernath (East), Dist.: Thane-421506.",State Lab,"FDL, Vadodara",404F004,11/1/2024,10/1/2026,Apr-2026,https://cdsco.gov.in/opencms/opencms/en/Notifications/nsq-drugs/
Cefuroxime Axetil Tablets I.P.,Assay,Shri Sai Balaji Pharmatech Pvt Ltd. 20 Ext HPSIDC Ind. Area Baddi H.P.,State Lab,DTL Baddi Distt. Solan HP,SSTG25503,1/1/2026,12/1/2027,Apr-2026,https://cdsco.gov.in/opencms/opencms/en/Notifications/nsq-drugs/
Sodium Bicarbonate Enteric Coated Tablets 500 mg,The sample does not confirm to claim as per Patent & Proprietory in respect to the Disintegration Test.,"Supermax Drugs & Pharmaceuticals Pvt. Ltd.(Unit-II) Khasra No.322, Nanheda, Anantpur, Bhagwanpur, Roorkee-247668 Distt. Haridwar, Uttarakhand",State Lab,DTL Baddi,STG-250674,1/1/2025,1/1/2027,Apr-2026,https://cdsco.gov.in/opencms/opencms/en/Notifications/nsq-drugs/
Calamine Lotion,Assay for Calamine (Zinc Oxide) and Liquid Paraffin,"Medivin (India) Pharma Lab,#51/1,Ramaiahana Palya,Thagachaguppe, Kumbalagodu Post,Bengaluru-560074",State Lab,"DTL, Bengaluru, Karnataka",21,12/1/2024,11/1/2026,Apr-2026,https://cdsco.gov.in/opencms/opencms/en/Notifications/nsq-drugs/
Ketoconazole Tablets IP 200 mg,Description,"Admed Pharma Pvt. Ltd., Plot No.87, HPSIDC, Industrial Area, Baddi, Distt. Solan, HP-173205",State Lab,"DTL, Bengaluru, Karnataka",AD00112001,1/1/2025,12/1/2026,Apr-2026,https://cdsco.gov.in/opencms/opencms/en/Notifications/nsq-drugs/
Ramipril Tablets IP 2.5 mg,Test for Dissolution and Assay for Ramipril,"Ravian Life Sciences Pvt. Ltd., Plot No.34, Sector-8A,IIE, SIDCUL, Haridwar-249403 (Uttarakhand)",State Lab,"DTL, Bengaluru, Karnataka",BPRA25002,4/1/2025,3/1/2027,Apr-2026,https://cdsco.gov.in/opencms/opencms/en/Notifications/nsq-drugs/
Loperamide Hydrochloride Capsules I.P,Dissolution Test,"Supercure Biotech Pvt. Ltd., (An ISO 9001:2015 Certified Company) Plot No-99/4/1, Friends Colony, G.T road Kundli, Haryana, India",State Lab,"DTL, Bengaluru, Karnataka",C-2127,12/1/2024,11/1/2026,Apr-2026,https://cdsco.gov.in/opencms/opencms/en/Notifications/nsq-drugs/
Montelukast Sodium and Levocetirizine Dihydrochloride Syrup,Assay for Montelukast,"Seejar Pharmaceuticalls, Plot No.5, Survey No.198, Paiki-1/Paiki-2/Paiki-1, B/H CCL Factory, NR. Gokuldham Godown, Budasan, TA. Kadi, Dist. Mehsana-382715",State Lab,"DTL, Bengaluru, Karnataka",SP25990,10/1/2025,9/1/2027,Apr-2026,https://cdsco.gov.in/opencms/opencms/en/Notifications/nsq-drugs/
Calcium and Vitamin D3 Tablets IP,Assay for Vitamin D3,"Hanuchem Laboratories, Plot No.15-16-17, Sector-5, Industrial Area-Parwanoo, Distt, Solan-173220 (H.P)",State Lab,"DTL, Bengaluru, Karnataka",HCL5154,4/1/2025,3/1/2027,Apr-2026,https://cdsco.gov.in/opencms/opencms/en/Notifications/nsq-drugs/
Cefixime & Potassium Clavulanate Tablets,Assay for Clavulanic acid,"Mayer Lab, Chambaghat, Adjacent to Railway Crossing, District Solan (H.P)-173213",State Lab,"DTL, Bengaluru, Karnataka",MYRTAB-971,3/1/2025,10/1/2026,Apr-2026,https://cdsco.gov.in/opencms/opencms/en/Notifications/nsq-drugs/
Levocetirizine Hydrochloride and Montelukast Sodium Tablets IP (5 mg/10 mg),Description,"Ravenbhel Healthcare Pvt. Ltd., 16-17, EPIP, SIDCO, Kartholi Bari Brahmana, Jammu-181133",State Lab,"DTL, Bengaluru, Karnataka",310225017,5/1/2025,4/1/2027,Apr-2026,https://cdsco.gov.in/opencms/opencms/en/Notifications/nsq-drugs/
Sodium Chloride (0.9% w/v) & Dextrose (5%w/v) Injection IP,Test for Sterility,"Promea Therapeutics Private Limited, Plot No. M4, Medical Device Park, Sultanpur (V). Ameenpur (M), Sangareddy (Dist), Telangana-502319",State Lab,"DTL, Bengaluru, Karnataka",PT25DNS2148C,11/1/2025,10/1/2028,Apr-2026,https://cdsco.gov.in/opencms/opencms/en/Notifications/nsq-drugs/
Cetirizine Hydrochloride Tablets I.P. 10mg,Description,"Lannett Pharmaceuticals Pvt. Ltd., Plot No. D-8C & D-8D, Sigaddi Geowth Centre, SIDCUL Industrial Area, Kotdwar-246149 (UK)",State Lab,"DTL, Bengaluru, Karnataka",LPT2425300,2/1/2025,1/1/2027,Apr-2026,https://cdsco.gov.in/opencms/opencms/en/Notifications/nsq-drugs/
Flunixin Meglumine Injection 50mg/ml,Description,"Agron Remedies Pvt. Ltd. Sarverkhera, Moradabad Road, Kashipur-244713 (Uttarakhand)",State Lab,"DTL, Bengaluru, Karnataka",AFM-02,10/1/2025,9/1/2027,Apr-2026,https://cdsco.gov.in/opencms/opencms/en/Notifications/nsq-drugs/
"Oxetacaine, Dried Aluminium Hydroxide gel & Magnesium Hydroxide oral Suspension","Assay for Oxetacaine, Dried Aluminium Hydroxide gel & Magnesium Hydroxide","Seejar Pharmaceuticals, Plot No.5, Survey No. 198, Paiki-1/Paiki-2/Paiki-1,B/H CCL Fctory, NR. Gokuldham Godown, Budasan, TA. KADI Dist. Mehsana-382715",State Lab,"DTL, Bengaluru, Karnataka",SP25411,5/1/2025,4/1/2027,Apr-2026,https://cdsco.gov.in/opencms/opencms/en/Notifications/nsq-drugs/
"Aceclofenac, Paracetamol and Serratiopeptidase Tablets",Assay for Serratiopeptidase,"Cartel Laboratories, An ISO 9001: 2015 & GMP Certified Company Plot No.10/A & 11/A, Chengicherla, Medchal-Malkajgiri Dist. Hyderabad-92",State Lab,"DTL, Bengaluru, Karnataka",C24T140E,1/1/2025,12/1/2026,Apr-2026,https://cdsco.gov.in/opencms/opencms/en/Notifications/nsq-drugs/
Aspirin Gastro-Resistant Tablets IP 75mg,"The Sample fails the test 'Descriptive Part, Dissolution, Salicylic Acid and Assay as per IP","Unicure India Ltd, C-21,22&23, Sector-3, Noida- 201 301, Distt.Gautam Budh Nagar (UP)",State Lab,DTL Thiruvananthapuram,ANET1243,5/1/2024,4/1/2026,Apr-2026,https://cdsco.gov.in/opencms/opencms/en/Notifications/nsq-drugs/
Glimepiride Tablets IP,The sample fails the test 'Dissolution' as per IP,"Avalon Medicines Pvt. Ltd., Plot No.1271, Phase I, Sector 38, HSIIDC, RAI, Sonepat-131029 (HR)",State Lab,DTL Thiruvananthapuram,AMT-2153,9/1/2025,8/1/2027,Apr-2026,https://cdsco.gov.in/opencms/opencms/en/Notifications/nsq-drugs/
Methyl Prednisolone Tablets IP 4mg,The sample fails the test 'Dissolution' as per IP,"Bymaa Laboratories Private Limited, A-19,20,21&22, Electronic Park, PIPDIC Industrial Estate, Thirubhuvanai, Puducherry- 605107",State Lab,DTL Thiruvananthapuram,B2508249B,8/1/2025,7/1/2027,Apr-2026,https://cdsco.gov.in/opencms/opencms/en/Notifications/nsq-drugs/
Sitagliptin & Metformin Prolonged-Release Tablets BP,The sample does not conform to B.P. with respect to the Assay of Sitagliptin.,"Exemed Pharmaceuticals,Plot No. 133/1 & 133/2, G.I.D.C., Selvas Road, Vapi-396195, Dist. Valsad, INDIA",CDSCO Labs,"CDL, Kolkata",AXC0111,7/1/2025,6/1/2027,Apr-2026,https://cdsco.gov.in/opencms/opencms/en/Notifications/nsq-drugs/
Amoxycillin & Potassium Clavulanate Tablets IP,The content of Amoxycillin in the sample is less(i.e.49.79% of stated amount) and the content of clavulanic acid in the sample is less (i.e.6.56% of the stated amount) than IP limit. (IP Limit-Not less than 90% and Not more than 120% of stated amount) The content of Clavulanic Acid in the sample is less (i.e 29.38% of stated amount ) than the IP limit (IP limit not less than 80% of sated amount) 2. The sample does not comply with IP requirements for the Dissolution test of Amoxicillin and Clavulanic Acid,"Plot No. 20, Ext. HPSIDC Ind Area, Baddi, Dist. Solan HP-173205",State Lab,"FDAL, Maharashtra",ABT25223,8/1/2025,1/1/2027,Apr-2026,https://cdsco.gov.in/opencms/opencms/en/Notifications/nsq-drugs/
Rabeprazole Sodium Tablets,Dissolution test under acid & Buffer stage,"Oaksun Lifesciences, Plot No. 36,37,38,46&47, Chengicherla (V) Medipally (M), Medchal - Malkajigiri (Dist.) T.S.-500092",State Lab,"SDT&RL, Bhubaneswar",T24.398,8/1/2024,7/1/2026,Apr-2026,https://cdsco.gov.in/opencms/opencms/en/Notifications/nsq-drugs/
Pantoprazole Sodium Tablets 40 mg,Dissolution (buffer stage),"Oaksun Lifesciences, Plot No. 36,37,38,46&47, Chengicherla (V) Medipally (M), Medchal - Malkajigiri (Dist.) T.S.-500092",State Lab,"SDT&RL, Bhubaneswar",T24.240,5/1/2024,4/1/2026,Apr-2026,https://cdsco.gov.in/opencms/opencms/en/Notifications/nsq-drugs/
Cyproheptadine Hydrochloride Syrup I.P.,Content of Cyproheptadine HCI,"Sresan Pharmaceutical Manufacturer 787, Bangalore Highways, Sunguvarchatiram, Kancheepuram Dist-602106",State Lab,"SDT&RL, Bhubaneswar",SR-086,12/1/2024,11/1/2026,Apr-2026,https://cdsco.gov.in/opencms/opencms/en/Notifications/nsq-drugs/
Ramipril Tablets I.P. 1.25mg,Content of Ramipril & Dissolution test,"Nexkem Pharmaceuticals Pvt. Ltd., Khasra No.-69-70, Khatakheri, Bhagwanpur, Roorke-247667, Haridwar (U.K.)",State Lab,"SDT&RL, Bhubaneswar",MLS-24943,10/1/2025,9/1/2026,Apr-2026,https://cdsco.gov.in/opencms/opencms/en/Notifications/nsq-drugs/
Ferrous Ascorbate and Folic Acid Tablet,"1. Assay for Elemental Iron Does not complies as per IP 2022. 2. In the compostion the label should be mentioned as Ferrous Ascorbate and Folic Acid IP. But the label is mentioned as only Ferrous Ascorbate and Folic Acid. The letters IP is not mentioned on the strip. 3. In the compostion it should be mentioned as Ferrous Ascrobate equivalent to Elemental Iron, but it is labelled as only Ferrous Ascorbate 100 mg.","Nuvista Pharmaceuticals Pvt.Ltd, Plot No. 48, Phase-II, IDA, Mallapur, Medchal, Malkajgiri, Hyderabad - 76 Telangana.",State Lab,"State Lab, DCL, Telangana",NAC25006,11/1/2025,10/1/2027,Apr-2026,https://cdsco.gov.in/opencms/opencms/en/Notifications/nsq-drugs/
Albendazole Tablets IP,The sample does not conform to the IP with respect to Dissolution.,"Affy Parenterals, Vill. Gullerwala, P.O. Baddi, Distt. Solan-173205 (HP)",State Lab,DTL Jaipur,PGT24427,7/1/2024,6/1/2027,Apr-2026,https://cdsco.gov.in/opencms/opencms/en/Notifications/nsq-drugs/
Cefpodoxine Proxetil Tablets IP,The sample does not conform to the IP as it does not contain Cefpodoxime (Nil),"VADSP PHARMACEUTICALS, Plot No.: 124, E.P.I.P. Ind. Area Phase-1, Jharmajri, Baddi (H.P.) 174103.",State Lab,DTL Jaipur,VT242312,12/1/2024,11/1/2026,Apr-2026,https://cdsco.gov.in/opencms/opencms/en/Notifications/nsq-drugs/
"Ambroxol Hydrochloride, Levosalbutamol & Guaiphenesin Drops",The sample does not conform to the claim with respect to Assay.,"Digital Vision, 176, Mauza Ogli, Nahan Road, Kala-Amb, Distt. Sirmour (H.P.)-173030. Mfd For : M/s Acoowell Pharma Pvt. Ltd., Nagar Suketi Road, Kala Amb, Distt. Sirmour-173030 (H.P.)",State Lab,DTL Jaipur,GLF0712B,7/1/2025,6/1/2027,Apr-2026,https://cdsco.gov.in/opencms/opencms/en/Notifications/nsq-drugs/
Methylprednisolone Tablets IP 4mg,The sample does not conform to the IP with respect to in Assay & Dissolution of Methylprednisolone.,"United Bioceuticals Pvt. Ltd., Plot No. 33 C, Industrial Park-IV, Begumpur, Haridwar-249402, Uttarakhand.",State Lab,DTL Jaipur,T252005,7/1/2025,6/1/2027,Apr-2026,https://cdsco.gov.in/opencms/opencms/en/Notifications/nsq-drugs/
Dextromethorphan Hbr & Chlorphenramine Maleate Syrup,The sample does not conform to the claim with respect to Assay of Chlorpheniramine Maleate.,"Taksa Lifesciences Pvt. Ltd., E-47, Industrial Area, Focal Point, Derabassi, Distt. Mohali (PB) Pin Code 140507",State Lab,DTL Jaipur,TLLM-188,12/1/2024,11/1/2026,Apr-2026,https://cdsco.gov.in/opencms/opencms/en/Notifications/nsq-drugs/
Cefuroxime Axetil Tablets IP,The sample does not conform to the IP with respect to Assay.,"VADSP PHARMACEUTICALS, Plot No.: 124, E.P.I.P. Ind. Area Phase-1, Jharmajri, Baddi (H.P.) 174103.",State Lab,DTL Jaipur,VT252942,3/1/2026,2/1/2028,Apr-2026,https://cdsco.gov.in/opencms/opencms/en/Notifications/nsq-drugs/
Ciprofloxacin Tablets I.P. 500 mg,The sample does not conform to the IP with respect to Assay and Dissolution of Ciprofloxacin Hydrochloride Equivalent to Ciprofloxacin.,"Omega Pharma, Khasra No.-482, Village-Saliyar, Roorkee- 247667, Distt. Haridwar (Uttarakhand)",State Lab,DTL Jaipur,GT50135,5/1/2025,4/1/2028,Apr-2026,https://cdsco.gov.in/opencms/opencms/en/Notifications/nsq-drugs/
Coral Calcium & Vitamin D3 Tablets,The sample does not conform to the claim with respect to Assay of Vitamin D3 (Nil).,"Maskon Life Sciences Pvt. Ltd., Kh. No. 69 &70, Khatakheri, Bhagwanpur, Roorkee (U.K.) India",State Lab,DTL Jaipur,MLS-251719,2/1/2026,1/1/2028,Apr-2026,https://cdsco.gov.in/opencms/opencms/en/Notifications/nsq-drugs/
Amoxycillin Potassium Clavulanate & Lactic Acid Bacillus Tablets,The sample does not conform to the claim as it does not contain Clavulanic Acid (Nil).,"VADSP PHARMACEUTICALS, Plot No.: 124, E.P.I.P. Ind. Area Phase-1, Jharmajri, Baddi (H.P.) 174103.",State Lab,DTL Jaipur,VT252296,12/1/2025,5/1/2027,Apr-2026,https://cdsco.gov.in/opencms/opencms/en/Notifications/nsq-drugs/
Povidone-Iodine Solution IP (10%),Assay for available Iodine does not complies as per IP 2022 monograph.,"Rsons Medikits India 5-5-35/275/2, 1st Floor, Shaktipuram, I.E. Kukatpally, Hyderabad - 500072 Telangana.",State Lab,"State Lab, DCL, Telangana",RSPI25091B,9/1/2025,8/1/2027,Apr-2026,https://cdsco.gov.in/opencms/opencms/en/Notifications/nsq-drugs/
Azithromycin Oral Suspension 100 ml,The sample does not meets the Specification wrt. Assay of Azithromycin as per STP.,"HYT Formulations 1st 2nd & rd Floors Room, 7-17/28, Satyanarayanapuram, Parvathapur, Medipally, Hyderabad - 50009 Telangana.",State Lab,"State Lab, DCL, Telangana",25243,7/1/2025,6/1/2027,Apr-2026,https://cdsco.gov.in/opencms/opencms/en/Notifications/nsq-drugs/
Rosuvastatin with Fenofibrate Tablets,MISBRANDED DRUG In the composition the label should be mentioned as Rosuvastatin and Fenofibrate tablets IP. But the label is mentioned as only Rosuvastatin and Fenofibrate tablets. Hence it is Misbranded drug as per section 17 of Drugs and Cosmetics Act 1940.,"Life Line Pharma 188/1, Iyyanar Koil Road, Mettupalayam, Puducherry - 605009. Puducherry.605009",State Lab,"State Lab, DCL, Telangana",RDF-2504,6/1/2025,6/1/2027,Apr-2026,https://cdsco.gov.in/opencms/opencms/en/Notifications/nsq-drugs/
Pantoprazole Gastro ? Resistant & Domperidone Prolonged ? Release Capsules IP,The sample does not conform to Standard Quality in respect of the tests for Dissolution in Buffer stage performed.,"Keylink Global Exim Pvt. Ltd., K.H. No. 111/143, Vill. Dhermajra, Tehsil, Nalagarh, Distt. Solan (H.P.) ? 174101.",State Lab,"SDTL, Tripura",KC25G002,7/1/2025,6/1/2027,Apr-2026,https://cdsco.gov.in/opencms/opencms/en/Notifications/nsq-drugs/
Amoxycillin and Potassium Clavulanate Tablets IP,The sample does not conform to standard in respect of the test for Dissolution of Amoxycillin performed.,"Sun Pharmaceuticals Ind. Ltd., Acme Plaza, Andheri ? Kurla Road, Andheri (E) , Mumbai ? 400059.",State Lab,"SDTL, Tripura",BYC0043,8/1/2025,1/1/2027,Apr-2026,https://cdsco.gov.in/opencms/opencms/en/Notifications/nsq-drugs/
Amoxycillin and Potassium Clavulanate Tablets IP,The sample does not conform to standard quality in respect of the test for ?Dissolution of Amoxycillin and Assay for Clavulanic Acid performed.,"Alkem Health Science, A unit of Alkem Laboratories Limited, Unit-2, Samardung, Karek Block, P.O.: Namthang, Distt. Namchi, Sikkim - 737137.",State Lab,"SDTL, Tripura",25442306,6/1/2025,11/1/2026,Apr-2026,https://cdsco.gov.in/opencms/opencms/en/Notifications/nsq-drugs/
Amoxycillin and Potassium Clavulanate Tablets IP,The sample does not conform to standard in respect of the test for Dissolution of Amoxycillin performed.,"Finecure Pharmaceuticals Ltd., Plot No. C14+C15+C16/1, Arvind Megapark, Vasna Chacharwadi, Taluka:Sanand, Ahmedabad.",State Lab,"SDTL, Tripura",CF10077,3/1/2025,8/1/2026,Apr-2026,https://cdsco.gov.in/opencms/opencms/en/Notifications/nsq-drugs/
INFUSION SET,The sample does not conform to manufacturer specification and ISO 8536-4 with respect to sterility.,"Romsons Group Pvt. Ltd.,Plant-2, C-1 & C-2, Foundry Nagar, Agra-282006 (U.P.) INDIA",CDSCO Labs,"CDL, Kolkata",G25I020339,9/1/2025,8/1/2030,Apr-2026,https://cdsco.gov.in/opencms/opencms/en/Notifications/nsq-drugs/
"Rolled Bandage, Schedule F (II)","The sample does not complies for test parameyters1. Length 2,Width 3. Warp and 4.Weight in Grams/Sq.Met","Karunamoorthy Surigcals Ayyanapuram, Chatrapatti - 626 102 Tamil Nadu.",State Lab,"State Lab, DCL, Telangana",26,4/1/2025,4/1/2028,Apr-2026,https://cdsco.gov.in/opencms/opencms/en/Notifications/nsq-drugs/
Absorbent Cotton Wool I.P,The sample is not of standard quality for the reason stated under Description,"Jind Surgicals 24-27, HSIIDC Industrial Area, New Hansi Road, Jind-126102, Haryana",State Lab,"RDTL,Guwahati",2085,3/1/2025,2/1/2027,Apr-2026,https://cdsco.gov.in/opencms/opencms/en/Notifications/nsq-drugs/
Absorbent Gauze IS 758,The sample does not complies for test parameters 1. Threads per dm 2.Length 3. Width and 4.Weight In Gm/Sq.Met.,"Sri Vishnuram Company 759/15, Balasubramaniapuram Street, Post Box NO. 30, Chatrapatti - 626 102. Tamil Nadu.",State Lab,"State Lab, DCL, Telangana",183,8/1/2025,7/1/2028,Apr-2026,https://cdsco.gov.in/opencms/opencms/en/Notifications/nsq-drugs/
Liquid Paraffin IP 100 ml,The sample fails the test Light Absorption as per IP,"Repacked by- Medi Smith Pharma Lab, #20A 1st Phase, KIADB, Mysore Road, Kumbalagodu, Bangalore- 560074",State Lab,DTL Thiruvananthapuram,208,12/1/2025,5/1/2028,Apr-2026,https://cdsco.gov.in/opencms/opencms/en/Notifications/nsq-drugs/
Mehandi Cone,The Sample does not conform to claim as per IS 17318:2020 in respect to the Test of Total viable count.,"PUSHP HENNA PVT. LTD., Regd. Office : Nr. Kushal Krishi Farm, Sojat Road Marg, Sojat City?306104 (Raj.) India",State Lab,RDTL Chandigarh,PMC1744,12/1/2025,11/1/2026,Apr-2026,https://cdsco.gov.in/opencms/opencms/en/Notifications/nsq-drugs/
Activated Teeth Whitening Powder with Charcoal,Total Microbial Count & Total Yeast and Mould Count,"Dentiglow, Surat-395006",State Lab,"FDL, Vadodara",DC5092,11/1/2024,10/1/2026,Apr-2026,https://cdsco.gov.in/opencms/opencms/en/Notifications/nsq-drugs/
ALPC Wellness Rosemary Water for thick Hair,Total Microbial Count,"ALPC, Surat",State Lab,"FDL, Vadodara",AR5112,11/1/2024,10/1/2026,Apr-2026,https://cdsco.gov.in/opencms/opencms/en/Notifications/nsq-drugs/
Prem Dulhan Fast Colour Cone (For Fast & Dark Colour),The sample fails to comply in respect of labelling as per cosmetic Act.,"Prem Green Pvt. Ltd., Khasra No. 678/12, Siryari Road, Vill. Vopari, Tehsil- Marwar Junction, District-Pali (Raj)-306023.",State Lab,DTL Bhopal,PD07A,7/1/2025,6/1/2026,Apr-2026,https://cdsco.gov.in/opencms/opencms/en/Notifications/nsq-drugs/
Iron Sucrose Injection USP,The sample does not conform to U.S.P with respect to test for pH and Alkalinity,"Marc Laboratories Ltd. Unit-III,Plot No. 107 & 112, H.P.S.I.D.C., Baddi, Distt. Solan (H.P.)",CDSCO Labs,"CDL, Kolkata",MFS-124,11/1/2025,10/1/2027,May-2026,https://cdsco.gov.in/opencms/opencms/en/Notifications/nsq-drugs/
Swabs Sterile,"The sample does not conform to B.P.C. with respect to thread per stated length, weight per unit area, surface active substance and sulphated ash","Pearsons Healthcare Products,5-A, Muraripuram, Meerut City- 250 002, (U.P.)",CDSCO Labs,"CDL, Kolkata",14,5/1/2025,4/1/2028,May-2026,https://cdsco.gov.in/opencms/opencms/en/Notifications/nsq-drugs/
Amoxycillin and Potassium Clavulanate Tablets IP,The sample does not conform to IP with respect to the test for 'Identification' and 'Assay' of 'Amoxycillin' and 'Clavulanic Acid',"Medreich Limited,Survey No. 14 & 15, Vision Gundarahalli Village, Sulibele Hobli, Hoskote Taluk, Bangaluru Rural District - 562 114",CDSCO Labs,"CDL, Kolkata",825D167,6/1/2025,11/1/2026,May-2026,https://cdsco.gov.in/opencms/opencms/en/Notifications/nsq-drugs/
Cotton Bandage (Non Sterile),"The sample does not conform to claim as per Schedule F-(II) with respect to test for Threads per dm, Weight In Gm/sq.m, Length and Fluorescence","Sapna Bunkar Hath Kargha Sahkari Samiti Ltd.B-12(D), Malviya Industrial Area, Jaipur",CDSCO Labs,"CDL, Kolkata",943,5/1/2025,4/1/2027,May-2026,https://cdsco.gov.in/opencms/opencms/en/Notifications/nsq-drugs/
"Paracetamol, Phenylephrine HCL, Caffeine and Disphenhydramine HCL Tablets",The sample fails in the Test for Description and Disintegration,"Ultra Drugs Pvt. Ltd. (Unit-II) HS No. 211, K. No. 77/1, 78/1 Vill. Katha, Baddi, Distt. Solan (H.P.) 173205",State Lab,MDTL Kathua,UT-250656D,5/1/2025,4/1/2027,May-2026,https://cdsco.gov.in/opencms/opencms/en/Notifications/nsq-drugs/
Aceclofenac and Thiocolchicoside Tablets,The sample does not conform to IP 2022 requirements w.r.t Assay of Thiocolchicoside,"VADSP Pharmaceuticals,, Plot No.: 124, E.P.I.P. Ind. Area Phase-1, Jharmajri, Baddi (H.P.) 174103. Mfd for : M/s IQMED Healthcare, Smridhi Enclave, Basement Floor, Unit A 479, Katewa Nagar, New Sanganer Road, Jaipur-302019.",State Lab,"DTL,Dalgate Srinagar kashmir.",VT251855,11/1/2025,10/1/2027,May-2026,https://cdsco.gov.in/opencms/opencms/en/Notifications/nsq-drugs/
Amoxycillin and Potassium Clavulanate & Lactic Acid Bacillus Tablets,The sample does not conform to claim with respect to Assay of Lactic Acid Bacillus,"JMM Formulation Pvt. Ltd.,Village Khari, Mouza-Ogli, Suketi Road, Kala amb Tehsil: Nahan, Distt. Sirmour, H.P. 173030, India",CDSCO Labs,"CDL, Kolkata",JMT-2511010,11/1/2025,4/1/2027,May-2026,https://cdsco.gov.in/opencms/opencms/en/Notifications/nsq-drugs/
Rabeprazole Sodium Injection IP,"The sample does not conform to I.P with respect to the tests of Particulate matter, Clarity of Solution, Uniformity of weight and for the reason stated under Description","Martin And Brown Bio-Sciences Pvt.Ltd.,K.No. 918/419, Malkumajra, Nalagarh Road, Baddi, Distt. Solan (H.P) 173205",CDSCO Labs,"CDL, Kolkata",MD25C11,3/1/2025,2/1/2027,May-2026,https://cdsco.gov.in/opencms/opencms/en/Notifications/nsq-drugs/
Rosuvastatin Tablets IP 20 mg,The sample does not conform to I.P with respect to the test for Related substances,"Wings Biotech LLP,43 and 44, HPSIDC, Industrial Area, Baddi-173205 (H.P)",CDSCO Labs,"CDL, Kolkata",RVST-1040,11/1/2025,10/1/2027,May-2026,https://cdsco.gov.in/opencms/opencms/en/Notifications/nsq-drugs/
TELMISARTAN TAB I.P. 40 MG.,The sample does not conform to I.P.,"Helax Healthcare Pvt. Ltd., Khasra No. 410, Vill. Karondi, Deradun Rd, Roorkee, Haridwar, Uttarakhand-247 667.",State Lab,"SDTL, Kolkata, West Bengal.",GT-25044,5/1/2025,4/1/2027,May-2026,https://cdsco.gov.in/opencms/opencms/en/Notifications/nsq-drugs/
Gabapentin Tablets IP 300 mg,The sample does not conform to IP 2022 requirements w.r.t Dissolution Test,"Spen Formulations Pvt.Ltd. Plot No 123.Industrail Area,Mehatpur,Distt.UNA-174315(HP)",State Lab,"DTL,Dalgate Srinagar kashmir.",TSF-DO897,5/1/2025,4/1/2027,May-2026,https://cdsco.gov.in/opencms/opencms/en/Notifications/nsq-drugs/
Bisacodyl Gastro Resistant Tablets IP,The sample does not conform to IP 2022 requirements w.r.t Dissolution Test,"Scott-Edil Pharmacia Ltd,Unit -II,Plot No 21-22,EPIP,Phase -I,Jharmajri Baddi,Solan -173205(HP) India.",State Lab,"DTL,Dalgate Srinagar kashmir.",2518853T001,1/1/2025,12/1/2027,May-2026,https://cdsco.gov.in/opencms/opencms/en/Notifications/nsq-drugs/
Diclofenac Sodium Injection,The sample does not conform to IP 2022 requirements w.r.t pH,"Affy Parenterals Vill Gulerwa;la ,P.o Baddi ,Distt Solan 173205(H.P)",State Lab,"DTL,Dalgate Srinagar kashmir.",PGY25252,4/1/2025,3/1/2027,May-2026,https://cdsco.gov.in/opencms/opencms/en/Notifications/nsq-drugs/
Rabeprazole sodium IP 40mg,The sample does not conform to IP 2022 requirements w.r.t Dissolution Test,"Cadila pharmaceuticlas Limited ,Industrail Growth Center,SIDCO,samba-184121,State of J and K.",State Lab,"DTL,Dalgate Srinagar kashmir.",JKFP25002,10/1/2025,9/1/2027,May-2026,https://cdsco.gov.in/opencms/opencms/en/Notifications/nsq-drugs/
Sodium Picosulphate Oral Solution BP,The sample does not conform to IP 2022 requirements w.r.t Assay,"Leeford Healthcare Ltd at Plot No 888B,EPIP,Phase II,Village thana Baddi,Distt Soaln H.P.173205",State Lab,"DTL,Dalgate Srinagar kashmir.",EFLH-25016,3/1/2025,2/1/2027,May-2026,https://cdsco.gov.in/opencms/opencms/en/Notifications/nsq-drugs/
"Dextromethorphan Hydrobromide,Ambroxol Hydrochloride,Chlorpheniramine Maleate , Phenylephrine Hydrochloride & Menthol Syrup","The sample does not conform to claim with respect to Assay of Phenylephrine Hydrochloride, Ambroxol Hydrochloride and Menthol","Crest Lifesciences Pvt. Ltd.,Plot No. 127-128, EPIP Phase-I, Jharmajri, Tehsil Baddi, Distt. Solan (Himachal Pradesh) 174103",CDSCO Labs,"CDL, Kolkata",CLRA4004,12/1/2024,11/1/2026,May-2026,https://cdsco.gov.in/opencms/opencms/en/Notifications/nsq-drugs/
Aceclofenac (SR) & Rabeprazole Sodium (EC) Capsules,The sample does not conform to Manufacturer's Specification with respect to the test of Dissolution of Rabeprazole Sodium in buffer stage,"Saphnix Life Sciences,Village-Barotiwala, Paonta Sahib, Distt. Sirmour, Himachal Pradesh-173025",CDSCO Labs,"CDL, Kolkata",YC337A,7/1/2025,6/1/2027,May-2026,https://cdsco.gov.in/opencms/opencms/en/Notifications/nsq-drugs/
Roller Bandage cloth (Non sterile),"The sample does not conform to the Schedule F(II) with respect to threads per dm (weft), length and foreign matter","Lifecare Surgicals ,Plot No 169, Industrial Park, Nuzvid-521201, Krishna District, Andhra Pradesh",CDSCO Labs,"CDL, Kolkata",RBC-10/16,8/1/2024,8/1/2027,May-2026,https://cdsco.gov.in/opencms/opencms/en/Notifications/nsq-drugs/
Pregabalin & Nortriptyline Tablets,The sample does not conform to Manufacturer's Specification with respect to Assay of Pregabalin,"Sahika Pharmaceuticals Pvt. Ltd.,Unit-Mauja Rampur Jattan, Trilokpur Road, Kala Amb Industrial Area, Sirmour, (H.P.) 173030.",CDSCO Labs,"CDL, Kolkata",ST25417C,11/1/2025,10/1/2027,May-2026,https://cdsco.gov.in/opencms/opencms/en/Notifications/nsq-drugs/
Ferric Carboxymaltose Injection 50 mg/ml,The sample does not conform to Manufacturer's specification with respect to test for Bacterial endotoxins,"Maan Pharmaceuticals Ltd,Plot-1, G.I.D.C., Phase-II, Modhera Road, Mehsana-384002, Gujarat India",CDSCO Labs,"CDL, Kolkata",RC25001,9/1/2025,8/1/2027,May-2026,https://cdsco.gov.in/opencms/opencms/en/Notifications/nsq-drugs/
Triamcinolone Acetonide Injection IP,The sample does not conform to IP with respect to test for Sterility,"NDB Healthcare,Vill. Lower Ambota, Sec-5, Parwanoo, Distt. Solan (H.P.)-173220",CDSCO Labs,"CDL, Kolkata",NB02I065b,2/1/2025,1/1/2027,May-2026,https://cdsco.gov.in/opencms/opencms/en/Notifications/nsq-drugs/
Heparin Sodium Injection IP 5000 IU/ml,The sample does not conform to I.P. with respect to the Assay of Heparin (Anti-factor IIa activity),"Nandani Medical Laboratories Pvt. Ltd.,221/5, Bicholi Hapsi, Kanadia Road, Indore-452016 M.P",CDSCO Labs,"CDL, Kolkata",HSV22406,11/1/2024,10/1/2026,May-2026,https://cdsco.gov.in/opencms/opencms/en/Notifications/nsq-drugs/
Cefixime Dispersible Tablets IP,"The sample does not conform to IP with respect to the tests for Uniformity of dispersion, Dissolution and Assay of Cefixime Trihydrate Eq. to Anhydrous Cefixime'","Blue Cross Laboratories Pvt. Ltd.,A-12, MIDC, Nashik - 422010,Maharashtra",CDSCO Labs,"CDL, Kolkata",TC2439,10/1/2024,3/1/2027,May-2026,https://cdsco.gov.in/opencms/opencms/en/Notifications/nsq-drugs/
Absorbent Cotton Wool IP,The sample does not conform to I.P. with respect to fluorescence and water soluble substances,"Selemp Pharma Enterprises,21-22, 23-4B/273 To 277, 4th Floor, Vasavi Pharma Market Complex, Gollapudi, Vijayawada 521225, Andhra Pradesh",CDSCO Labs,"CDL, Kolkata",COT100-08-2K25-11,11/1/2025,10/1/2028,May-2026,https://cdsco.gov.in/opencms/opencms/en/Notifications/nsq-drugs/
Teneligliptin & Metformin Hydrochloride Extended Release tablets IP,The sample does not conform to I.P. with respect to the Dissolution and Assay of Teneligliptin,"Rivpra Formulation Pvt. Ltd.,Plot No.8, Sector-6A, I.I.E. SIDCUL, Haridwar-249 403 (U.K.)",CDSCO Labs,"CDL, Kolkata",T-2503098,3/1/2025,2/1/2027,May-2026,https://cdsco.gov.in/opencms/opencms/en/Notifications/nsq-drugs/
Propylene Glycol IP,"The sample does not conform to I.P. with respect to the test for ""Water""","Manali Petrochemicals Ltd,Plant II, Sathangadu Village, Manali, Chennai 600068",CDSCO Labs,"CDL, Kolkata",PG-IP/2024-25/2158,7/1/2024,6/1/2029,May-2026,https://cdsco.gov.in/opencms/opencms/en/Notifications/nsq-drugs/
"Ambroxol, Terbutaline Guaiphenesin with Menthol Syrup","The sample does not conform to Manufacturer's Specification with respect to Assay of Ambroxol Hydrochloride, Guaiphenesin, and Terbutaline Sulphate","ASPO PHARMACEUTICALS LLP,Plot No 10, HIMUDA Industrial Area, Phase IV, Bhatoli Kalan, Baddi, Disttt. Solan (HP)-173205",CDSCO Labs,"CDL, Kolkata",AL24-0611A,12/1/2024,11/1/2026,May-2026,https://cdsco.gov.in/opencms/opencms/en/Notifications/nsq-drugs/
Iron Sucrose Injection USP,The sample does not conform to U.S.P with respect to test for 'pH' and 'Alkalinity',"Marc Laboratories Ltd. Unit-III,Plot No. 107 & 112, H.P.S.I.D.C., Baddi, Distt. Solan (H.P.)",CDSCO Labs,"CDL, Kolkata",MFS-122,11/1/2025,10/1/2027,May-2026,https://cdsco.gov.in/opencms/opencms/en/Notifications/nsq-drugs/
Ceftriaxone Injection I.P.,"The sample does not conform to I.P with respect to the tests of Appearance of solution, Clarity of Solution and Particulate Matter","Macleods Pharmaceuticals Ltd,Khasra No. 21 ,22,66,67 & 68, Aho-Yangtam, Namchepung, PO: Ranipool, Sikkim - 737135.",CDSCO Labs,"CDL, Kolkata",18251528A,4/1/2025,3/1/2027,May-2026,https://cdsco.gov.in/opencms/opencms/en/Notifications/nsq-drugs/
"Ampicillin & Cloxacillin Capsules, Mediclox- Plus (as per Front Side of The sample strips), Betamox Plus (as per back side of The sample strips) and Amoxycillin, Cloxacillin & Lactic Acid Bacillus Capsules (As per Form 18)","The sample does not conform to claim with respect to Identification and Assay of Ampicillin. The sample is found to contain 246.8 mg Amoxycillin per capsule however, there is no label claim for Amoxycillin in The sample. The sample is deemed to be misbranded drug vide Section 17 of Drugs and Cosmetics Act 1940 and Rule thereunder.","Laborate Pharmaceuticals India Ltd.,(Unit II) 31, Rajban Road, Nariwala, Paonta Sahib (H.P.)",CDSCO Labs,"CDL, Kolkata",PBEAL001,2/1/2025,1/1/2027,May-2026,https://cdsco.gov.in/opencms/opencms/en/Notifications/nsq-drugs/
Dextromethorphan Hydrobromide Chlorpheniramine Maleate Bromohexine Hydrobromide Syrup,"The sample does not conform to claim as per Schedule V, Drugs & Cosmetics Rules 1945 with respect to Assay of Dextromethorphan Hydrobromide, and Chlorpheniramine Maleate.","Biva Biotech,R.O-Uma Complex, R. K. Nagar-20 A.0-Kanaulus Taluka Lalpur, Dist-Jamnagar, GUJRAT-361280",CDSCO Labs,"CDL, Kolkata",AR651,1/1/2026,12/1/2027,May-2026,https://cdsco.gov.in/opencms/opencms/en/Notifications/nsq-drugs/
Heparin Sodium Injection IP 5000 IU/ml,The sample does not conform to I.P. with respect to Assay of Heparin (Anti-factor IIa activity),"Nandani Medical Laboratories Pvt. Ltd.,221/5, Bicholi Hapsi, Kanadia Road, Indore-452016",CDSCO Labs,"CDL, Kolkata",BSV22501,2/1/2025,1/1/2027,May-2026,https://cdsco.gov.in/opencms/opencms/en/Notifications/nsq-drugs/
Ofloxacin & Metronidazole Suspension,The sample does not conform to claim with respect to the test of Identification and Assay of Metronidazole and Ofloxacin,"Biva Healthcare,R.O. R.K. Nagar-20 A.O.: Kanaulus Taluka, Lalpur, Dist Jamnagar, Gujarat-361280",CDSCO Labs,"CDL, Kolkata",CF610,11/1/2025,10/1/2027,May-2026,https://cdsco.gov.in/opencms/opencms/en/Notifications/nsq-drugs/
Vidagliptin Tablets IP 50 MG.,The sample does not conform to I.P. with respect to the Dissolution and Assay of Vildagliptin.,"Synmedic Laboratories,SP-3-5 A And C, RIICO Industrial Area Keshwana, Kotputli, Jaipur, Rajasthan-303108.",CDSCO Labs,"CDL, Kolkata",TVA407,4/1/2024,3/1/2027,May-2026,https://cdsco.gov.in/opencms/opencms/en/Notifications/nsq-drugs/
"Calcium Carbonate, Vitamin D3, Methylcobalamin, L Methylfolate Calcium And Pyridoxal 5-Phosphate",The sample does not conform to Manufacturer Specification with respect to 'Assay of 'L-Methylfolate Calcium equiv. to L-Methylfolate'.,"Salud Care (India) Ltd.,Plot No. 435, Kishanpur, Jamalpur, Roorkee, Distt. Haridwar, Uttarakhand (India).",CDSCO Labs,"CDL, Kolkata",ST25-2587,8/1/2025,7/1/2027,May-2026,https://cdsco.gov.in/opencms/opencms/en/Notifications/nsq-drugs/
Itraconazole Capsules BP 65 mg.,"The sample does not conform to claim as per B.P. with respect to the test for ""Assay"" and ""Dissolution"" of Itraconazole","Helax Health Care Private Limited,(A WHO-GMP & GLP Certified Company) Khasra No. 410, Village Karondi Distt Haridwar",CDSCO Labs,"RDTL, Guwahati",HC-2507123,7/1/2025,6/1/2027,May-2026,https://cdsco.gov.in/opencms/opencms/en/Notifications/nsq-drugs/
Albendazole Tablets I.P. 400 mg,"The sample does not comply as per I.P. 2022 with respect to the test for ""Dissolution"" of Albendazole.","Accuwell Medics Private Limited,Survey No. 414, Ashwamegh Ind. Estate, Changodar Ahmedabad-382213 (Guj) India",CDSCO Labs,"RDTL, Guwahati",AT25/120,5/1/2025,4/1/2027,May-2026,https://cdsco.gov.in/opencms/opencms/en/Notifications/nsq-drugs/
Co-trimoxazole Tablets IP 960 mg,"The sample does not comply as per I.P. 2022 with respect to the test for ""Dissolution"" of Sulphamethoxazole.","Omish Laboratories Pvt. Ltd.,Plot No.: D-10, Gallops Industrial Park-1, Ahmedabad- Rajkot Highway, NH-8A, Rajoda, Bavla, Ahmedabad- 382220 (Gujarat)",CDSCO Labs,"RDTL, Guwahati",OMT25087,6/1/2025,5/1/2027,May-2026,https://cdsco.gov.in/opencms/opencms/en/Notifications/nsq-drugs/
INFUSION SET,The sample does not comply as per I.P. 2022 with respect to the test for Sterility.,"Primesurge International,FF-Vimal Estate, Swastik Cross Road, Amraiwadi, Ahmedabad- 380026.",CDSCO Labs,"RDTL, Guwahati",IV2512068,12/1/2025,11/1/2030,May-2026,https://cdsco.gov.in/opencms/opencms/en/Notifications/nsq-drugs/
"Cholecalciferol Chewable Tablets 60,000 IU",The sample does not conform to claim as per Patent and Proprietary in respect to the Assay of Cholecalciferol.,"Pharma Synth Formulations Ltd.,Plot No. 18-22, Sector-6B, SIDCUL-IIE, Haridwar, UK.",CDSCO Labs,"RDTL, Chandigarh",T-5224,1/1/2026,12/1/2027,May-2026,https://cdsco.gov.in/opencms/opencms/en/Notifications/nsq-drugs/
Ondansetron Tablets IP,The sample does not conform to claim as per IP 2022 and Addendum 2024 in respect to the test of Dissolution.,"Wings Biotech LLP,43 and 44, HPSIDC, Industrial Area, Baddi-173205 (H.P)",CDSCO Labs,"RDTL, Chandigarh",ONST-1006,7/1/2026,6/1/2027,May-2026,https://cdsco.gov.in/opencms/opencms/en/Notifications/nsq-drugs/
Pregabalin capsules IP 300 mg,The sample received does not conform to the I.P. 2022 standard with respect to the test for Dissolution and Description,"Scout Lifescience Pvt Ltd,Plot No.353, Sector-2, Industrial Growth Centre, HSIIDC, Saha, Ambala, Haryana, India-133104",CDSCO Labs,"CDTL, Mumbai",SC2602602,2/1/2026,1/1/2028,May-2026,https://cdsco.gov.in/opencms/opencms/en/Notifications/nsq-drugs/
Amlodipine Tablets IP 5mg,The sample received does not conform to I.P. 2022 with respect to the test for Related substances other test could not be done due to technical reason.,"Super Formulations Pvt Ltd,16-B & 15-F, Industrial Area, Maxi Road, Ujjain (M.P) 456010",CDSCO Labs,"CDTL, Mumbai",GAB36,11/1/2025,10/1/2027,May-2026,https://cdsco.gov.in/opencms/opencms/en/Notifications/nsq-drugs/
Aspirin Gastro-resistant and Atorvastatin Capsules IP (75mg/10mg),The sample does not conforms to I.P.2022 with respect to the Test for Related substances for Aspirin and Atorvastatin.,"Vivimed Labs Limited.,D-125 & 128, Phase III, I.D.A., Jeedimetla, Medchal-Malkajgiri Dist Telangana State-500 055",CDSCO Labs,"CDTL, Mumbai",AAC5053,7/1/2025,6/1/2027,May-2026,https://cdsco.gov.in/opencms/opencms/en/Notifications/nsq-drugs/
Lactulose Solution U.S.P.,The sample does not conforms to IP addendum-2024 with respect to the tests for Related Substances.,"Azine Healthcare Pvt. Ltd.,Plot No. 401, GIDC Kerala, Bavla-382220, Dist. Ahmedabad, Gujarat",CDSCO Labs,"CDTL, Mumbai",HL154,12/1/2025,11/1/2027,May-2026,https://cdsco.gov.in/opencms/opencms/en/Notifications/nsq-drugs/
Amlodipine Besylate Tablets IP,The sample received does not conform to I.P. 2022 with respect to the test for Related substances. other test could not be done due to technical reason.,"Apple Formulations Pvt. Ltd. Plot No.208, Kishanpur, Roorkee- 247667(U.K.)",CDSCO Labs,"CDTL, Mumbai",AML-2506,12/1/2025,11/1/2027,May-2026,https://cdsco.gov.in/opencms/opencms/en/Notifications/nsq-drugs/
Levocetirizine Dihydrochloride Syrup,The sample does not conform to Manufacturers specification with respect to the test of Microbial contamination (Total aerobic viable count).,"Deep Pharma,Unit-2, Survey No.293/3, Behind Jalaram Mandir, Kalikund-Kheda Road, Dholka-382225, Dist. Ahmedabad",CDSCO Labs,"CDTL, Mumbai",1C0149,3/1/2026,2/1/2028,May-2026,https://cdsco.gov.in/opencms/opencms/en/Notifications/nsq-drugs/
Phytomenadione Injection BP,The sample does not conform to I.P. 2022 with respect to the test for pH.,"Radiant Parenterals Ltd.,242/5 & 6, G.I.D.C. Estate at & Post Waghodia, Dist- Vadodara, Gujarat- 391760",CDSCO Labs,"CDTL, Mumbai",57P25001,1/1/2025,12/1/2026,May-2026,https://cdsco.gov.in/opencms/opencms/en/Notifications/nsq-drugs/
Ofloxacin and Ornidazole Tablets,The sample received does not conforms to I.P. 2022 with respect to the test for Related substances,"Wilcure Remedies Pvt. Ltd.PH No. 10, Gram Mirzapur, Khandwa Road, Dist. Indore 452020 (MP), India.",CDSCO Labs,"CDTL, Mumbai",WT-957,2/1/2025,1/1/2028,May-2026,https://cdsco.gov.in/opencms/opencms/en/Notifications/nsq-drugs/
Thyroxine Sodium Tablets IP 50mcg,"The sample does not conform to I.P with respect to the "" Assay, Dissolution and Uniformity of content of Thyroxine Sodium equivalent to anhydrous Thyroxine Sodium.","Healthy Life Pharma Pvt. Ltd.,Factory: N-31/1, M.I.D.C., Tarapur, Boisar - 401 506, Dist. Palghar.",CDSCO Labs,"CDTL, Indore",1030,4/1/2025,3/1/2027,May-2026,https://cdsco.gov.in/opencms/opencms/en/Notifications/nsq-drugs/
Amoxycillin and Potassium Clavulanate Tablets IP,"The sample does not conform specification with respect to content of Amoxycillin and Clavunate Acid A,pxuco;;om 52.27% , Cavulanic Acid 19.24% of claim)","Polestar Power Industries (Pharma Divison) Village-Damuwala. Haripur Road, Baroliwal Baddi, Dist. Solan 170103",State Lab,"BDCL, Patna",TB250485K,8/1/2025,1/1/2027,May-2026,https://cdsco.gov.in/opencms/opencms/en/Notifications/nsq-drugs/
Amoxycillin and Potassium Clavulanate Tablets IP,The sample does not conform specification with respect Identification and content of Amoxycillin and Claclanic acid This sample is deemed to be Spurious,"Apex Formulation, Khasra No. 49/6,Nayagaon, District Sirmour, 173001",State Lab,"BDCL, Patna",9187,9/1/2025,8/1/2027,May-2026,https://cdsco.gov.in/opencms/opencms/en/Notifications/nsq-drugs/
Aceclofenac & Paracetamol Tablets,Misbrandad,"L.V. Life Sciences, VPO Gurumajra, Baddi ,Distt.- Solan ( H.P.) 174101",State Lab,"SDTL, Chhattisgarh",LV25DT-066B,4/1/2025,3/1/2027,May-2026,https://cdsco.gov.in/opencms/opencms/en/Notifications/nsq-drugs/
Aceclofenac & Paracetamol Tablets,Misbrandad,"Anon Pharmaceutical, A-1 R.I.A. Harsuliya 303005",State Lab,"SDTL, Chhattisgarh",SAI-25029,1/1/2025,12/1/2026,May-2026,https://cdsco.gov.in/opencms/opencms/en/Notifications/nsq-drugs/
Aceclofenac & Paracetamol Tablets,Misbrandad,"Matins Healthcare Pvt. Ltd. Plot No 10, Sector- 5 IIE , SIDCUL Haridwar- 249403 (UK)",State Lab,"SDTL, Chhattisgarh",MT-250777,5/1/2025,4/1/2027,May-2026,https://cdsco.gov.in/opencms/opencms/en/Notifications/nsq-drugs/
"Aceclofenac, Paracetamol, Phenylephrine Hcl Cetirizine Hcl & Caffeine",Misbrandad,Not Applicable,State Lab,"SDTL, Chhattisgarh",GT-25294A,8/1/2025,7/1/2028,May-2026,https://cdsco.gov.in/opencms/opencms/en/Notifications/nsq-drugs/
"Aceclofenac, Paracetamol Tablets",Misbrandad,"Laborate Pharmaceuticals India Ltd., 51 Indl. Area Paonta Sahib ( H.P.)",State Lab,"SDTL, Chhattisgarh",ACPUT-004,7/1/2025,6/1/2028,May-2026,https://cdsco.gov.in/opencms/opencms/en/Notifications/nsq-drugs/
Itraconazole Capsule,Misbrandad,"Bayberry Pharmaceuticals Pvt. Ltd., Vill Katha, Tehsil Baddi Distt. Solan (H.P.)",State Lab,"SDTL, Chhattisgarh",BBC25I02A,12/1/2025,11/1/2027,May-2026,https://cdsco.gov.in/opencms/opencms/en/Notifications/nsq-drugs/
Atorvastatin Tablets IP 10mg,Does not conform to IP Standards with respect to the Dissolution Test,"Unicure India Ltd., C-21,22 & 23, Sector 3 Noida, Distt: Gautam Budh Nagar, (U.P.) - 201301",State Lab,"Government Analyst, Food & Drugs Admn. Bambolim, Goa.",AUVT1304,7/1/2025,6/1/2027,May-2026,https://cdsco.gov.in/opencms/opencms/en/Notifications/nsq-drugs/
"Dextromethorphan Hydrobromide, Cetirizine Dihydrochloride, Ambroxol Hydrochloride & Methol Syrup",Ambroxol Hydrochloride content,"Dhwanilife care Pvt. Ltd., Plot No. C-20, (C-39) & C-20(3), (C-40), Arvind Park, Village: Chacharwadi-Vasna, Ahmedabad, Gujarat-382213.",State Lab,"FDL, Vadodara",DLS5271,8/1/2025,7/1/2027,May-2026,https://cdsco.gov.in/opencms/opencms/en/Notifications/nsq-drugs/
Omeprazole Capsules IP,Dissolution (Acid Satge),"Bochem Healthcare Pvt. Ltd., 83,84, Industrial Area, Dewas Road, Nagziri, Ujjain- 456010",State Lab,"FDL, Vadodara",B251266,8/1/2025,7/1/2027,May-2026,https://cdsco.gov.in/opencms/opencms/en/Notifications/nsq-drugs/
Lamotrigine Dispersible Tablets IP 25 mg,Dissolution,"Centurion Laboratories Pvt. Ltd., P-2, Bio-tech Park, Manjusar, Savli, Dist.: Vadodara-391775",State Lab,"FDL, Vadodara",L-160006,8/1/2025,7/1/2027,May-2026,https://cdsco.gov.in/opencms/opencms/en/Notifications/nsq-drugs/
Levocetirizine Hydrochloride & Montelukast Syrup,Content of Levocetirizine Hydrochloride & Montelukast,"Janveda Healthceuticals Pvt. Ltd.,26, Gopi Industrial Esatate, B/h Ramdev Masala, Sarkhej-Bavla Road, Changodar-382213, Ahmedabad.",State Lab,"FDL, Vadodara",JLH2523,8/1/2025,7/1/2027,May-2026,https://cdsco.gov.in/opencms/opencms/en/Notifications/nsq-drugs/
Paracetamol IP 650 mg Tablet,Dissolution,"Vital Formulations Limited., I/146, Phase-IV, GIDC, Vithal Udhyognagar-388121, Dist.: Anand (Guj) India",State Lab,"FDL, Vadodara",T-25111,8/1/2025,7/1/2027,May-2026,https://cdsco.gov.in/opencms/opencms/en/Notifications/nsq-drugs/
"Terbutaline Sulphate, Ambroxol Hydrochloride, Guaiphenesin and Menthol Syrup",The Sample does not confirm to claim as Patient & Propritary in respect to the Assay of Menthol,Sheen Pharmaceuticals Wariana Industrial Complex Jal. P.b. 144021,State Lab,"DTL , Baddi",SPL-1934,11/1/2025,10/1/2027,May-2026,https://cdsco.gov.in/opencms/opencms/en/Notifications/nsq-drugs/
Tiotropium Bromide MH IP 9 mcg/dose Inhailer,The sample does not conforms to claim as per patent & Propriatery in respect to the Identification & Assay of Tiotropium Bromide,"Precept Pharma Ltd. Village Doduwal, Baddi, Distt. Solan (H.P)- 173205",State Lab,"DTL , Baddi",PPIN-OVR954,11/1/2025,9/1/2027,May-2026,https://cdsco.gov.in/opencms/opencms/en/Notifications/nsq-drugs/
Metformin Hydrochloride & Glimepiride Tablets (GLIMAFF-2 Tablets,Assay,"Voizmed Pharma Pvt. Ltd. Plot No. 133,134 & 135, Village Kotla Barotiwala, Tehsil Baddi, Distt. Solan H.P-174103",State Lab,"RDTL, Bellary, Karnataka",GVGT1138,10/1/2025,9/1/2027,May-2026,https://cdsco.gov.in/opencms/opencms/en/Notifications/nsq-drugs/
Pantoprazole & Domperidone Tablet,Test for Disintegration Only,"VPAM Healthcare Pvt. Ltd. Plot No. 16&17, Sector-5 Indl Area Paranoo Dist.Solan 173220",State Lab,"RDTL, Bellary, Karnataka",BCV4001DZ,7/1/2024,6/1/2026,May-2026,https://cdsco.gov.in/opencms/opencms/en/Notifications/nsq-drugs/
Mefenamic acid and Paracetamol Tablets,Assay,"Jersy Pharma 152-B, South Giri Road T.P. Kundram Madural 625005",State Lab,"RDTL, Bellary, Karnataka",T 3209,5/1/2024,4/1/2027,May-2026,https://cdsco.gov.in/opencms/opencms/en/Notifications/nsq-drugs/
Paracetamol Tablets 300mg,Dissolution,"Coastal Medicare Pvt. Ltd. RS No. 9/2, 5, Ramchandrapura M. Surampalli Krishna Dist. 521212",State Lab,"RDTL, Bellary, Karnataka",CTQ-227,12/1/2024,5/1/2027,May-2026,https://cdsco.gov.in/opencms/opencms/en/Notifications/nsq-drugs/
Thicolehicoside Capsule IP,Dissolution,Xenone Healthcare Pvt. Ltd. Village Khera-Nihla Nalagarh Dist. Solan HP 174101,State Lab,"RDTL, Bellary, Karnataka",XH24IC007,9/1/2024,8/1/2026,May-2026,https://cdsco.gov.in/opencms/opencms/en/Notifications/nsq-drugs/
"Diclofenac Diethylamine linseed oil, Methyl Slaicylate & Menthol Gel",Assay,"Pilco Healthcare Pvt. Ltd. Plot No. 28 Sector-3 I.I.E Pantnagar Sidcul, Rudarapur",State Lab,"RDTL, Bellary, Karnataka",R G 5,4/1/2025,3/1/2027,May-2026,https://cdsco.gov.in/opencms/opencms/en/Notifications/nsq-drugs/
Telmisartan Tablets IP 40 mg,Description,"Hindustan Laboratories Ltd. Plot No. 5-9, 1, Survey No. 38/2, Aliyali, Palghar(W) Dist-Palghar 401404",State Lab,"RDTL, Bellary, Karnataka",TEP25086AL,4/1/2025,3/1/2027,May-2026,https://cdsco.gov.in/opencms/opencms/en/Notifications/nsq-drugs/
"Terbutaline Sulphate, Bromhexine Hydrochloride Guaiphenesin & Menthol Syrup",Assay,"Haustus Biotech Pvt. Ltd. 44-45, Industrial Area, Tahiwal, Distt UNA",State Lab,"RDTL, Bellary, Karnataka",ULD014,4/1/2025,3/1/2027,May-2026,https://cdsco.gov.in/opencms/opencms/en/Notifications/nsq-drugs/
Benfotiamine Methylcobalamin Alpha Lipoic Acid Folic Acid Chromium Picolinate Myo Inositol & Pyridoxine Hydrochloride Tablets,Disintegration,"Sarv Pharmaceuticals Plot No. 28, Sector-3A, IIE, SIDCUL, Haridwar, Uttarakhand 2494 03",State Lab,"RDTL, Bellary, Karnataka",29AW27,1/1/2025,6/1/2026,May-2026,https://cdsco.gov.in/opencms/opencms/en/Notifications/nsq-drugs/
Paracetamol & Caffeine Tablets IP,Assay and Dissolution,"Danish Healthcare (P) Ltd. 76/26-2B, Industrial Estare, Maxi Road, Ujjain-456010 M.P",State Lab,"RDTL, Bellary, Karnataka",HRA25001,4/1/2025,3/1/2027,May-2026,https://cdsco.gov.in/opencms/opencms/en/Notifications/nsq-drugs/
Sugical Spirit IP,Test for Weight per ml,"Pharmacare NO. 76, Khata No. 1253/76, Kachohalli Village Dasanapura Hobli Bengaluru-562162",State Lab,"RDTL, Bellary, Karnataka",31444,6/1/2025,5/1/2027,May-2026,https://cdsco.gov.in/opencms/opencms/en/Notifications/nsq-drugs/
"Potassium Nitrate, Sodium Monofluorophosphate & Triclosam Oral Gel",Assay,"Mediosa Pharmaceuticals, Khasra No. 401/85 & 404/9, First Floor, Biral Road, Opp Abbott Healthcare Bhatol Khurd Baddi, Distt. Solan HP-173205",State Lab,"RDTL, Bellary, Karnataka",25B34,2/1/2025,1/1/2027,May-2026,https://cdsco.gov.in/opencms/opencms/en/Notifications/nsq-drugs/
Cefipodoxime Tablets IP 200mg,Dissolution,"Athens Life Sciences, Mauza Rampur Jattan, Nahan Road, Lala Amb Distt. Sirmour H.P 173030",State Lab,"RDTL, Bellary, Karnataka",TCS25-0238A,8/1/2025,7/1/2027,May-2026,https://cdsco.gov.in/opencms/opencms/en/Notifications/nsq-drugs/
Steril-Fine hand sanitizer 500ml,Identification and Assay,"Kalaci Pharma (India), HSIIDC Indl Estate, Rai-131029 Sonipat Haryana,",State Lab,"RDTL, Bellary, Karnataka",36526,8/1/2025,4/1/2027,May-2026,https://cdsco.gov.in/opencms/opencms/en/Notifications/nsq-drugs/
Steril-Fine hand sanitizer 500ml,Identification and Assay,"Medifine Pharma Lab No. 33/3, Maanay Estate, Kumbalgodud Village Kengeri Hobli, Bengaluru-560074",State Lab,"RDTL, Bellary, Karnataka",MPLHS008,8/1/2023,7/1/2026,May-2026,https://cdsco.gov.in/opencms/opencms/en/Notifications/nsq-drugs/
Paracetamol Tablets IP 500mg,Dissolution,"Infinitive Pharmaceutical Industries. Plot No. 63, G.I.D.C Industrial Estate, Disa-385535 Gujarat",State Lab,"RDTL, Bellary, Karnataka",42675,4/1/2025,3/1/2027,May-2026,https://cdsco.gov.in/opencms/opencms/en/Notifications/nsq-drugs/
Metoprolol Succinate Prolonged-release Tablets IP,Description,"Pulse Pharmaceutical Pvt. Ltd. Khasra No. 400m407, 409 Karondi Roorkee Uttarakhand-247667",State Lab,"RDTL, Bellary, Karnataka",MER2135D,7/1/2025,6/1/2027,May-2026,https://cdsco.gov.in/opencms/opencms/en/Notifications/nsq-drugs/
Folic Acid Tablets IP. 0.4 mg,Descriptive,"Unicure India Limited, Plot No. 46(B)/49B, Vill.Raipur, Bhagwanpur, Roorkee, Distt. Haridwar, Uttarakhand",State Lab,RDTL Ernakulam,FO1TE033,10/1/2024,9/1/2027,May-2026,https://cdsco.gov.in/opencms/opencms/en/Notifications/nsq-drugs/
Folic Acid Tablets IP. 0.4 mg,"Description, Dissolution and Assay","Unicure India Limited, Plot No. 46(B)/49B, Vill.Raipur, Bhagwanpur, Roorkee, Distt. Haridwar, Uttarakhand",State Lab,DTL Thrissur,FO1TE048,10/1/2024,9/1/2027,May-2026,https://cdsco.gov.in/opencms/opencms/en/Notifications/nsq-drugs/
Aspirin Gastro-resistant Tablets IP 75 mg,"Dissolution, Salicylic Acid and Assay as per IP","Unicure India Limited, C-21,22&23, Sector-3, Noida-201301, Distt: Gautam Budh Nagar (U.P)",State Lab,DTL Konni,ANET1273,10/1/2024,9/1/2026,May-2026,https://cdsco.gov.in/opencms/opencms/en/Notifications/nsq-drugs/
Thyroxine Sodium Tablets IP 25 mcg,Dissolution.,"Malik Lifesciences Pvt Ltd, Plot No-16, Vardhman Indl. Estate, Vill-Bahadarpur Saini, N.H. 58, Haridwar-247667 (Uttarakhand)",State Lab,DTL Thrissur,BGL06AAB,1/1/2026,12/1/2027,May-2026,https://cdsco.gov.in/opencms/opencms/en/Notifications/nsq-drugs/
Lorazepam Tablets I.P. 2 mg,Dissolution.,"Micron Pharmaceuticals, 2117,A2, Phase III, G.I.D.C, Vapi-396195",State Lab,RDTL Ernakulam,T240628,6/1/2024,5/1/2027,May-2026,https://cdsco.gov.in/opencms/opencms/en/Notifications/nsq-drugs/
Diclofenac Sodium Tablets IP 50mg,Dissolution.,"Kerala State Drugs and Pharmaceuticals Ltd., Kalavoor P.O., Alappuzha, Kerala-688 522",State Lab,DTL Thiruvananthapuram,DG 5031,2/1/2025,1/1/2027,May-2026,https://cdsco.gov.in/opencms/opencms/en/Notifications/nsq-drugs/
Paracetamol and Domperidone Tablets (Dompar),Disintegration,"Cipla Ltd, Plot No. 27, Jharmajri, Baddi (H.P.) 173205",State Lab,DTL Konni,4C11469,12/1/2024,11/1/2027,May-2026,https://cdsco.gov.in/opencms/opencms/en/Notifications/nsq-drugs/
Telmisartan Tablets IP 40 mg,Description,"Kerala State Drugs and Pharmaceuticals Ltd., Kalavoor P.O., Alappuzha, Kerala-688 522",State Lab,DTL Thrissur,TM 5144,9/1/2025,8/1/2027,May-2026,https://cdsco.gov.in/opencms/opencms/en/Notifications/nsq-drugs/
Telmisartan Tablets IP 40 mg,Description,"Kerala State Drugs and Pharmaceuticals Ltd., Kalavoor P.O., Alappuzha, Kerala-688 522",State Lab,DTL Thiruvananthapuram,TM5142,9/1/2025,8/1/2027,May-2026,https://cdsco.gov.in/opencms/opencms/en/Notifications/nsq-drugs/
Aspirin Gastro-resistant Tablets IP 75 mg,"Dissolution, Salicylic Acid and Assay","Unicure India Ltd., C-21,22&23, Sector -3, Noida-201301, Distt. Gautam Budh Nagar (U.P)",State Lab,DTL Thrissur,ANET1283,10/1/2024,9/1/2026,May-2026,https://cdsco.gov.in/opencms/opencms/en/Notifications/nsq-drugs/
Vitamin B -Complex with Vitamin C Capsules Beco-Aid,The content of Calcium Pantothernate in the sample is less (i.e.27.52% of the labelled amount) than the permissible limitds. The above formulation is officialo in IP as water soluble vitamins capusle therefore the drug is declared as misbranded vide rule 96 and section 17(B) of Drugs ad Cosmetics Act 1940 and Rules therunder.,"Super Fomulations Pvt. Ltd. 16-B, 15-F Industrial Area, Maxi Road, Ujjain-456010",State Lab,"FDAL, Mumbai",3315,4/1/2025,9/1/2026,May-2026,https://cdsco.gov.in/opencms/opencms/en/Notifications/nsq-drugs/
Chlorpheniramine Maleate Tablets IP 4mg,100 Intact blister strips of 10 tablets each were received for analysis out fo these 100 tabetws 314 tablets found berittle and can not be removed intact formt he blister streip reamining 686 tablets can be remove from the strips in intact condition.,"Medisky Pharmacetuicals Pvt. Ltd. Plot No. 260, G.I.D.C Dist. Sabarkantha (Gujarat) Talod-383215",State Lab,"FDAL, Mumbai",T241254,12/1/2024,11/1/2026,May-2026,https://cdsco.gov.in/opencms/opencms/en/Notifications/nsq-drugs/
Telmikind Trio 12.5,"Two Intact strips of ten tablets each werereceived for analysis. Whin the stri0ps were opened for analysis, it was observed that the coating of four tyablets adhered to the inner surface fo the strips at the centre and peeled off while remonving out the tablets from strips","Synokem Lifesciences Pvt. Ltd. Plot No. 11, Sector-4 I.I.E Sidcul R, Haridwar-249403",State Lab,"FDAL, Mumbai",A50AX026,11/1/2024,10/1/2026,May-2026,https://cdsco.gov.in/opencms/opencms/en/Notifications/nsq-drugs/
Esomeprazole,Dissolution test under buffer stage,"Vapi Care Pharma Pvt. Ltd., Plot No. 225/3, Near Morarji Circle, GIDC Vapi, Dist.: Valsad-396195, Gujarat, India",State Lab,"SDT&RL, Bhubaneswar",VGT230127,6/1/2023,5/1/2026,May-2026,https://cdsco.gov.in/opencms/opencms/en/Notifications/nsq-drugs/
Paracetamol Tablets IP 500 mg,Description,"Aagya Biotech Pvt. Ltd., 1.5 km, Manglour-Saharanpur Road, Manglour-247656, Roorkee, Distt.: Haridwar (U.K.), India",State Lab,"SDT&RL, Bhubaneswar",GAB2566,11/1/2023,10/1/2026,May-2026,https://cdsco.gov.in/opencms/opencms/en/Notifications/nsq-drugs/
Prochlorperazine Maleate Tablets IP,Description,"Sunvij Drugs Pvt. Ltd. 511, GIDC, Waghodia, Baroda, Baroda-391760 (Guj.),",State Lab,"SDT&RL, Bhubaneswar",ST-21941,8/1/2023,7/1/2026,May-2026,https://cdsco.gov.in/opencms/opencms/en/Notifications/nsq-drugs/
Montelukast & Levocetrizine Hydrochloride Syrup,Content of Levocetrizine Hydrochlroride & Montelukast,"Casca Remedies Pvt. Ltd., Kuldeep Nagar, Ambala Cantt., Haryana",State Lab,"SDT&RL, Bhubaneswar",CRL2407068B,7/1/2024,6/1/2026,May-2026,https://cdsco.gov.in/opencms/opencms/en/Notifications/nsq-drugs/
Vitamin E Acetate Soft Gelatin Caspules,The Product is official in USP Which is not Printed on the strips as required under the Act.,"Caspian Pharmaceuticals, Suketi Road, Mauza Ogli, Kala Amb, Himachal Pradesh-173030",State Lab,"SDTL, Punjab",D26SBM07,3/1/2026,2/1/2028,May-2026,https://cdsco.gov.in/opencms/opencms/en/Notifications/nsq-drugs/
Vitamin E Acetate Soft Gelatin Caspules,The Product is official in USP Which is not Printed on the strips as required under the Act.,"Caspian Pharmaceuticals, Suketi Road, Mauza Ogli, Kala Amb, Himachal Pradesh-173030",State Lab,"SDTL, Punjab",D26SBM08,3/1/2026,2/1/2028,May-2026,https://cdsco.gov.in/opencms/opencms/en/Notifications/nsq-drugs/
Oral Rehydration Salts IP,Average Net Contents per sachet found to be 20.179gm. Per sachet against claim of 20.5gm per sachet.,"Super Fomulations Pvt. Ltd. 16-B, 15-F Industrial Area, Maxi Road, Ujjain-456010",State Lab,"SDTL, Punjab",4042,3/1/2026,2/1/2028,May-2026,https://cdsco.gov.in/opencms/opencms/en/Notifications/nsq-drugs/
Rabeprazole Sodium (Enteric-Coated) & Domperidone (SR) Capsules.,The content of Rabeprazole Sodium found to be 16.22mg/Capsule against labelled claim of 20.0mg/Capsule,"I.G. Pharma Ltd., 12.4KM, Meerut Road, Roorkee, Dist. Haridwar (UK)",State Lab,"SDTL, Punjab",IGC-0044,1/1/2025,10/1/2027,May-2026,https://cdsco.gov.in/opencms/opencms/en/Notifications/nsq-drugs/
Oral Rehydration Salts IP,Average Net Contents per sachet found to be 20.0675gm against claim of 20.5gm per sachet.,"Super Fomulations Pvt. Ltd. 16-B, 15-F Industrial Area, Maxi Road, Ujjain-456010",State Lab,"SDTL, Punjab",4025,3/1/2026,2/1/2028,May-2026,https://cdsco.gov.in/opencms/opencms/en/Notifications/nsq-drugs/
Vitamin E Acetate Soft Gelatin Caspules,The Product is official in USP Which is not Printed on the strips as required under the Act.,"Caspian Pharmaceuticals, Suketi Road, Mauza Ogli, Kala Amb, Himachal Pradesh-173030",State Lab,"SDTL, Punjab",D26SBM05,3/1/2026,2/1/2028,May-2026,https://cdsco.gov.in/opencms/opencms/en/Notifications/nsq-drugs/
Cefpodoxime Proxetil Tablets IP,The sample does not conform to the I.P. with respect to Assay of Cefpodoxime Proxetil eq. to Cefpodoxime.,"VADSP Pharmaceuticals,, Plot No.: 124, E.P.I.P. Ind. Area Phase-1, Jharmajri, Baddi (H.P.) 174103. Mfd for : M/s IQMED Healthcare, Smridhi Enclave, Basement Floor, Unit A 479, Katewa Nagar, New Sanganer Road, Jaipur-302019.",State Lab,DTL Jodhpur,VT241139,8/1/2024,7/1/2026,May-2026,https://cdsco.gov.in/opencms/opencms/en/Notifications/nsq-drugs/
Dexamethasone Sodium Phosphate Injection IP 10 ml,The sample does not conform to the IP with respect to Assay of Dexamethasone Sodium Phosphate eq. to Dexamethasone Phosphate.,"Oscar Remedies Pvt. Ltd., Oscar House, Badi Majra, Yamunanagar-135001 (HR)",State Lab,DTL Jaipur,V250909,9/1/2025,8/1/2027,May-2026,https://cdsco.gov.in/opencms/opencms/en/Notifications/nsq-drugs/
"Rosuvastatin, Aspirin and Clopidogrel Capsules",The sample does not conform to the claim with respect to Assay of Rosuvastatin and Aspirin.,"Bioaltus Pharmaceuticals Pvt. Ltd., Plot No. 2236, Mining, Rangpo, East Sikkim-727132. Marketed By : Anax Lifesciences Pvt. Ltd., 407, Swamin-The Business Hub, Opp. SMS Medical Collage and Hospital, Visat-Tapovan Highway, Motera, Ahmedabad, Gujrat-380005.",State Lab,DTL Jaipur,SIBP25509,8/1/2025,7/1/2027,May-2026,https://cdsco.gov.in/opencms/opencms/en/Notifications/nsq-drugs/
Bethanechol Chloride Tablets USP 25mg,The sample does not conform to the USP with respect to Assay.,"Ikon Pharmachem Pvt. Ltd., E-2, Sara Industrial Estate, Central Hope Town, Rampur, Selaqui, Dehradun-248197 (Uttarakhand) Marketed by : BIOVIA Lifesciences LLP, F-6, Gajanan Park, Khergaon, Nasik-422205.",State Lab,DTL Jaipur,T251976,10/1/2025,9/1/2027,May-2026,https://cdsco.gov.in/opencms/opencms/en/Notifications/nsq-drugs/
Dexamethasone Injection IP 8 mg/ 2 ml,The sample does not conforms to the IP with respect to Assay of Dexamethasone Sodium Phosphate eq. to Dexamethasone Phosphate.,"Agron Remedies Pvt. Ltd., Sarverkhera, Moradabad Road, Kashipur-244713 (Uttarakhand)",State Lab,DTL Jaipur,AGDX23,10/1/2025,3/1/2027,May-2026,https://cdsco.gov.in/opencms/opencms/en/Notifications/nsq-drugs/
Nimesulide & Paracetamol Tablet,The sample does not conforms to the claim with respect to Assay of Nimesulide and Paracetamol.,"Soft Medicaps Ltd., 50-B, 52-A, 53-C, 53-D, Industrial Area-1, Sector-C, A.B. Road, District-dewas- 455001 (Madhya Pradesh)",State Lab,DTL Jaipur,T-25066,11/1/2025,10/1/2027,May-2026,https://cdsco.gov.in/opencms/opencms/en/Notifications/nsq-drugs/
Ofloxacin & Ornidazole Oral Suspension,The sample does not conform to the claim with respect to Assay of Ofloxacin and Ornidazole.,"Safecon Lifesciences Pvt. Ltd., B-36, E.P.I.P. Shastri Puram, UPSIDC, Sikandra-282007. Agra",State Lab,DTL Jaipur,"SLG25277,",9/1/2025,8/1/2027,May-2026,https://cdsco.gov.in/opencms/opencms/en/Notifications/nsq-drugs/
Levocetirizine Tablets IP,The sample does not conforms to the IP with respect to Assay of Levocetirizine Hydrochloride.,"Plena Remedies, Plot No. 17, Industrial Area (Himuda), Bhatoli Kalan, Baddi, Distt. Solan (H.P.)- 173205",State Lab,DTL Jaipur,PGT25-2392G,9/1/2025,8/1/2027,May-2026,https://cdsco.gov.in/opencms/opencms/en/Notifications/nsq-drugs/
Pheniramine Maleate Injection I.P.,The sample does not conform to the IP with respect to Assay of Pheniramine Maleate.,"Blitz Pharmaceuticals Pvt. Ltd., 34, Ind. Area, Hathin-121103.",State Lab,DTL Jaipur,"BWI-2502,",1/1/2026,12/1/2027,May-2026,https://cdsco.gov.in/opencms/opencms/en/Notifications/nsq-drugs/
Cefpodoxime Proxetil Tablets IP 200mg,The sample does not conforms to the claim with respect to Assay of Cefpodoxime and Dissolution.,"Orison International, Vill. Khari, Mauza Ogli, Kala Amb, Distt. Sirmour-173030 (H.P.)",State Lab,DTL Jaipur,25A-BT041,4/1/2025,3/1/2027,May-2026,https://cdsco.gov.in/opencms/opencms/en/Notifications/nsq-drugs/
Ramipril Tablets IP 2.5 mg,The sample does not conform to the IP with respect to Assay.,"Saintlife Pharmaceuticals Ltd., 323, Central Hope Town, Industrial Area, Selaqui, Dehradun-248011, Uttarakhand, INDIA",State Lab,DTL Jaipur,TA26022,1/1/2026,12/1/2027,May-2026,https://cdsco.gov.in/opencms/opencms/en/Notifications/nsq-drugs/
Oxytocin Injection IP 5 IU/ml,The sample does not conform to the IP as it does not contain Oxytocin (Synthetic) Nil.,"Jackson Laboratories Pvt. Ltd., 22-24, Majitha Road, Bye Pass, Amritsar- 143001 (India)",State Lab,"DTL, Jaipur",I-7881,11/1/2025,10/1/2027,May-2026,https://cdsco.gov.in/opencms/opencms/en/Notifications/nsq-drugs/
Clopidogrel Tablets IP,Content & Dissolution,"Bactolac Formulations Pvt. Ltd, Plot No.70 (part), TSIIC-IALA, Phase-I, Cherlapally Villag, Kapra Mandal, Medchal-Malkajgri District, Telangana-500051.",State Lab,"DTL, Chennai-06",BCGT25020,6/1/2025,5/1/2027,May-2026,https://cdsco.gov.in/opencms/opencms/en/Notifications/nsq-drugs/
Metformin Hydrochloride Prolonged Release Tablets IP 500mg,Description,"Carewell Steuart Pharma Pvt.Ltd. Plot no. G-24, TANSIDCO Industrial Estate , Kakkalur-602003",State Lab,"DTL, Chennai-06",TB-167,3/1/2026,2/1/2028,May-2026,https://cdsco.gov.in/opencms/opencms/en/Notifications/nsq-drugs/
Ketoconazole & Cetrimide Soap,Content,"SMB Healthcare , 36,Aadarsh Ind. Park. Phase-3, GIDC, Pansar Road, Chhatral, Dist. Gandhinagar-382729.",State Lab,"DTL, Chennai-06",CX-041,11/1/2025,10/1/2027,May-2026,https://cdsco.gov.in/opencms/opencms/en/Notifications/nsq-drugs/
Ondansetron Injection IP-2ml M-SET,Assay,"Nixi Laboratories Pvt. Ltd, VPO: Mouza Ogli, Sadhura Road. Kala-Amb, Distt. Sirmour-173030(HP)",State Lab,"King Institute of Preventive Medicine & Research, Guindy, Chennai-32",A25BI018C,11/1/2025,10/1/2027,May-2026,https://cdsco.gov.in/opencms/opencms/en/Notifications/nsq-drugs/
Compound Sodium Lactate Injection IP 500ml RL,BET,"Kamla Amrut Pharmaceuticals LLP, Survey No. 53,56,57, Nr. Kamla Amrut Industrial Park, Indrad Ta.: Kadi Dist.: Mehsana -382715, Gujarat, India",State Lab,"King Institute of Preventive Medicine & Research, Guindy, Chennai-32",TG5225015,7/1/2025,6/1/2028,May-2026,https://cdsco.gov.in/opencms/opencms/en/Notifications/nsq-drugs/
Paracetamol Tablets IP 500mg,Dissolution,"Healer's Lab Unit II, Plot.No.33, H.P.S.I.D.C., Extn., BADDI, DISTT. Solan (HP).",State Lab,"DTL, Chennai-06",PTT-512,4/1/2025,3/1/2028,May-2026,https://cdsco.gov.in/opencms/opencms/en/Notifications/nsq-drugs/
Atorvastatin Tablets IP 10mg,Content,"Nanoceut Therapeutics Pvt. Ltd., R.S.No. 104/19A, EVR Street, Sedarapet, Puducherry - 605111.",State Lab,"DTL, Madurai-19",ND251642,10/1/2025,9/1/2027,May-2026,https://cdsco.gov.in/opencms/opencms/en/Notifications/nsq-drugs/
"Terbutaline Sulphate, Bromhexine HCL, Guaiphenesin & Menthol Syrup",Content,"Cian Healthcare Limited, Kh.No. 248, Village Sisona, Bhagwanpur, Roorkee, Haridwar, Uttarakhand, India.",State Lab,"DTL, Chennai-06",AL25061,6/1/2025,5/1/2027,May-2026,https://cdsco.gov.in/opencms/opencms/en/Notifications/nsq-drugs/
Atorvastatin Tablets IP 10mg,Dissolution,"Relief Biotech Pvt.Ltd., Khasra No. 72, Makhyali Dundi, Peerpura Road, Roorkee Bypas, Delhi Road, Manglour, Roorkee, Haridwar (U.K), 247656",State Lab,"DTL, Chennai-06",RT - 250622,6/1/2025,5/1/2027,May-2026,https://cdsco.gov.in/opencms/opencms/en/Notifications/nsq-drugs/
"Oxytetracycline HCL, Injection I.P (Vet)",BET,"Coax Bioremedies Pvt.Ltd.83, Sector-28, Industrial Area, Delhi Road, Hisar-125044.",State Lab,"King Institute of Preventive Medicine & Research, Guindy, Chennai-32",FK-797,12/1/2025,11/1/2027,May-2026,https://cdsco.gov.in/opencms/opencms/en/Notifications/nsq-drugs/
Ondansetron Injection IP-2mg/ml,pH,"Marc Laboratories Ltd.(Unit III) Plot No.107&112, H.P.S.I.D.C, Baddi, Distt: Solan(H.P).",State Lab,"King Institute of Preventive Medicine & Research, Guindy, Chennai-32",TON-102,11/1/2025,10/1/2027,May-2026,https://cdsco.gov.in/opencms/opencms/en/Notifications/nsq-drugs/
Norfloxacin Tablets IP 400 mg,Content,"Relief Biotech Pvt.Ltd., Khasra. No. 72, Makhyali Dundi, Peerpura Road, Roorkee, Bypass, Delhi Road, Manglore, Roorkee, Haridwar (U.K), 247656",State Lab,"DTL, Madurai-19",RT-250413,4/1/2025,3/1/2027,May-2026,https://cdsco.gov.in/opencms/opencms/en/Notifications/nsq-drugs/
Drotaverine HCL Suspension,Content,"Daffohils Laboratories Pvt.Ltd., F-109-110, UPSIDC Industrial Area, Selaqui, Dehradun, U.K.-248011",State Lab,"DTL, Chennai-06",L-25244,10/1/2025,9/1/2027,May-2026,https://cdsco.gov.in/opencms/opencms/en/Notifications/nsq-drugs/
Clopidogrel and Aspirin Capsules,Free Salicylic acid,"Nanoceut Therapeutics Pvt. Ltd., R.S.No. 104/19A, EVR Street, Sedarapet, Puducherry - 605111.",State Lab,"DTL, Chennai-06",ND260242,1/1/2026,12/1/2027,May-2026,https://cdsco.gov.in/opencms/opencms/en/Notifications/nsq-drugs/
Gliclazide & Metformin hydrochloride sustained release tablets,Content,"Swiss Garnier Life Sciences, 21-23, Industrial Area, Mehatpur, Dist. Una, Himachal Pradesh, India - 174 315",State Lab,"DTL, Madurai-19",475TGC002,1/1/2026,12/1/2027,May-2026,https://cdsco.gov.in/opencms/opencms/en/Notifications/nsq-drugs/
Povidone - Iodine Ointment USP - 15g,Content,"Biodeal Pharmaceuticals Limited Vill. Saini Majra, Nalagarh - Ropar Road, Nalagarh -174101, Distt.Solan, Himachal Pradesh, India.",State Lab,"DTL, Chennai-06",2501125,1/1/2025,12/1/2026,May-2026,https://cdsco.gov.in/opencms/opencms/en/Notifications/nsq-drugs/
"Ambroxol Hydrochloride, Levosalbutamol Sulphate & Guaiphenesin Syrup",Content,"Revive Formulation India Pvt. Ltd. R.S.No.#76/3, Perumal Nagar , Agasampattu Village, Vanur Taluk, Tamil Nadu-605109",State Lab,"DTL, Chennai-06",AGL1143,3/1/2026,2/1/2027,May-2026,https://cdsco.gov.in/opencms/opencms/en/Notifications/nsq-drugs/
Telmisartan Tablets IP 40mg,Dissolution,"Marc Lifesciences Sikkim, Khasara No. 35,36,409,410, Vill, Julanglay, Block L, maneydara Namthang, Distt. Namchi, South Sikkim.",State Lab,"DTL, Chennai-06",STS-124,6/1/2025,5/1/2027,May-2026,https://cdsco.gov.in/opencms/opencms/en/Notifications/nsq-drugs/
Amoxycillin and Potassium Clavulanate Tablets IP),The sample does not conform to standard in respect of the test for Assay & Dissolution of Amoxycillin.,"Alkem Health Science, A unit of Alkem Laboratories Limited, Unit-2, Samardung, Karek Block, P.O.: Namthang, Distt. Namchi, Sikkim - 737137.",State Lab,"SDTL,Govt. of Tripura, Agartala",25443747,9/1/2025,2/1/2027,May-2026,https://cdsco.gov.in/opencms/opencms/en/Notifications/nsq-drugs/
Levocetrizine Dihydrochloride Tablets IP),The sample does not conform to standard in respect of the test for Description performed.,"Apple Formulations Pvt. Ltd., Plot No. 208, Kishanpur, Roorkee ? 247667 (U.K.)",State Lab,"SDTL,Govt. of Tripura, Agartala",LEE-2501,6/1/2025,5/1/2027,May-2026,https://cdsco.gov.in/opencms/opencms/en/Notifications/nsq-drugs/
Amoxycillin And Potassium Clavulanate Tablets IP,The sample does not conform to standard quality in respect of the test for Dissolution of Amoxycillin and Assay for Clavulanic Acid performed.,"Medreich Ltd. 12th Mile, Old Madras Road, Virgonagar, Bengaluru-560049.",State Lab,"SDTL,Govt. of Tripura, Agartala",125D155,8/1/2025,1/1/2027,May-2026,https://cdsco.gov.in/opencms/opencms/en/Notifications/nsq-drugs/
Amoxycillin And Potassium Clavulanate Tablets IP,The sample does not conform to standard in respect of the test for Dissolution of Amoxycillin performed.,"Sun Pharmaceuticals Ind. Ltd., Acme Plaza, Andheri ? Kurla Road, Andheri (E) , Mumbai ? 400059.At: Plot no. 16, Vardhman Industrial Estate, Vill. Bahadurpur Saini, NH-58, Haridwar (Uttarakhand) ? 247667. Mfg.Lic.No. : 36/UA/LL/SC/P - 2024",State Lab,"SDTL,Govt. of Tripura, Agartala",BYC0095,11/1/2025,10/1/2027,May-2026,https://cdsco.gov.in/opencms/opencms/en/Notifications/nsq-drugs/
Amoxycillin and Potassium Clavulanate Tablets IP,The sample does not conform to standard quality in respect of the test for Dissolution of Amoxycillin and Assay for Clavulanic Acid performed.,"Alkem Health Science, A unit of Alkem Laboratories Limited, Unit-2, Samardung, Karek Block, P.O.: Namthang, Distt. Namchi, Sikkim - 737137.",State Lab,"SDTL,Govt. of Tripura, Agartala",25443966,10/1/2025,3/1/2027,May-2026,https://cdsco.gov.in/opencms/opencms/en/Notifications/nsq-drugs/
Amoxycillin and Potassium Clavulanate Tablets IP,The sample does not conform to standard quality in respect of the test for Dissolution of Amoxycillin and Assay for Clavulanic Acid performed.,"Alkem Health Science, A unit of Alkem Laboratories Limited, Unit-2, Samardung, Karek Block, P.O.: Namthang, Distt. Namchi, Sikkim - 737137.",State Lab,"SDTL,Govt. of Tripura, Agartala",25444364,11/1/2025,4/1/2027,May-2026,https://cdsco.gov.in/opencms/opencms/en/Notifications/nsq-drugs/
Metformin HCl I.P. (as Prolonged Release Form & Glimepiride I.P,Assay of Glimepiride IP- less than Prescribed limit,"Taj Pharma India Ltd., Plot No. 1019, Sarigar, GIDC Road No. 10, Distt.-Valsad, Gujarat-396155.",State Lab,"SDTL, Uttarakhand",TPT26008,1/1/2026,12/1/2027,May-2026,https://cdsco.gov.in/opencms/opencms/en/Notifications/nsq-drugs/
Cefixime Dispersible Tablets IP 200 mg,Misbranded,"Skymap Pharmaceuticals Pvt. Ltd., B-3, Devbhoomi Indl. Estate, Puhana Iqbalpur Road, Roorkee-247667.",State Lab,"SDTL, Uttarakhand",AB24069,11/1/2024,10/1/2026,May-2026,https://cdsco.gov.in/opencms/opencms/en/Notifications/nsq-drugs/
Pantoprazole sodium (EC) & Domperidone (SR) Capsules,Assay of Domperidone IP- less than prescribed limit.,"Shri sai Pharmatech Pvt. Ltd.20, Ext. HPSIDC, Ind. Area Baddi (HP) 173205",State Lab,"SDTL, Uttarakhand",MT-25025,3/1/2025,2/1/2027,May-2026,https://cdsco.gov.in/opencms/opencms/en/Notifications/nsq-drugs/
"Dextromethorphan HBr, Phenylephrine HCl & Chlorpheniramine Maleate Softgel Capsules).",Assay of Dextromethorphan HBr IP- Less than prescribed Limit.,"Bionexy Pharma, Plot No. 31-B, Indl. Area, Lodhimajra, Tehsil, Baddi, Distt. Solan (H.P.)-173205.",State Lab,"SDTL, Uttarakhand",BSG251314C,9/1/2025,8/1/2027,May-2026,https://cdsco.gov.in/opencms/opencms/en/Notifications/nsq-drugs/
Nimesulide & Paracetamol Tablets.,Disintegration test : does not comply with IP.,"IBN Herbals, Kh. No. 63, Vill.-Juddi Kalan, Baddi-173205, Dist. Solan (H.P.).",State Lab,"SDTL, Uttarakhand",IPL24832,10/1/2024,9/1/2027,May-2026,https://cdsco.gov.in/opencms/opencms/en/Notifications/nsq-drugs/
"Voglibose, Glimepiride & Metformin HCl (SR) Tablets).",Description : one out of 20 tablets blue layer half broken found. & Assay of Glimepiride IP- less than Prescribed limit,"Taj Pharma India Ltd., Plot No. 1019, Sarigar, GIDC Road No. 10, Distt.-Valsad, Gujarat-396155.",State Lab,"SDTL, Uttarakhand",TPT26010,1/1/2026,12/1/2027,May-2026,https://cdsco.gov.in/opencms/opencms/en/Notifications/nsq-drugs/
TELMISARTAN TAB I.P. 40 MG.,The sample does not conform to I.P.,"Helax Healthcare Pvt. Ltd., Khasra No. 410, Vill. Karondi, Deradun Rd, Roorkee, Haridwar, Uttarakhand-247 667.",State Lab,"SDTL, Kolkata, West Bengal.",GT-25043,5/1/2025,4/1/2027,May-2026,https://cdsco.gov.in/opencms/opencms/en/Notifications/nsq-drugs/
Absorbent Cotton Wool I.P.,The sample does not conform to IP with respect to test for 'Water soluble substances,"Vinayak Manutrade (P) Ltd.,Plot No. 87B, RICCO Industrial Area, Jhotwara Jaipur (Raj.) 302012",CDSCO Labs,"CDL, Kolkata",C-111,4/1/2025,3/1/2027,May-2026,https://cdsco.gov.in/opencms/opencms/en/Notifications/nsq-drugs/
Roller Bandage cloth (Non sterile),"The sample does not conform to the Schedule F(II) with respect to threads per dm (warp), weight in gm/sq.m and length","Medicure Enterprises,Plot No. 96, APIIC Industria Estate OPP. MRO Office, Singarayakonda(M), Prakasam(DT), Andhra Pradesh",CDSCO Labs,"CDL, Kolkata",MD/MRBC 051,3/1/2025,3/1/2027,May-2026,https://cdsco.gov.in/opencms/opencms/en/Notifications/nsq-drugs/
Gauze Bandage,"The sample does not conform to with respect to description, mass in gm/sq.m, absorbency, scouring loss and freedom from optical whitener.","VS Healthcare,B-43, 2nd Floor, Okhla Industrial Area, Phase-1, New Delhi-110020",CDSCO Labs,"CDL, Kolkata",2,11/1/2025,11/1/2028,May-2026,https://cdsco.gov.in/opencms/opencms/en/Notifications/nsq-drugs/
Absorbent Cotton Wool I.P.,The sample does not conform to IP with respect to test for Water soluble substances and Sulphated ash,"Vinayak Manutrade (P) Ltd.,Plot No. 87B, RICCO Industrial Area, Jhotwara Jaipur (Raj.) 302012",CDSCO Labs,"CDL, Kolkata",C-115,5/1/2025,4/1/2027,May-2026,https://cdsco.gov.in/opencms/opencms/en/Notifications/nsq-drugs/
Absorbent Gauze IS 758,"Sample does not meets Length, Width, and weight in gm / sq met as per IS 758.","Sri Vishnuram Company 759/15, Balasubramniapuram Street, Post Box No. 30, Chatrapatti - 626 102 Tamil Nadu.",State Lab,"State Lab, DCL, Telangana",177,4/1/2025,3/1/2028,May-2026,https://cdsco.gov.in/opencms/opencms/en/Notifications/nsq-drugs/
UV ETO SPF 50+ Sunscreen Lotion,The sample does not comply with Microbial examination,"Elegant Cosmed Pvt. Ltd. Plot No. 32& 33, Kuvadava, Rajkot-360023 Gujarat",State Lab,"FDAL, Mumbai",C014,3/1/2025,2/1/2028,May-2026,https://cdsco.gov.in/opencms/opencms/en/Notifications/nsq-drugs/